Recency,Frequency,Monetary
1.4619928068665424,-0.9552142636712971,3.707716304049809
-2.0387344178427855,1.074425194724936,1.41490344020104
0.37310423556778083,0.3863044476016779,0.7200242799673501
-0.6230859205766931,-0.9552142636712971,0.702286912445134
1.4245575339360348,-0.9552142636712971,-0.6145138785683288
-0.16402870097223238,1.2468684386726134,0.9841077662004433
1.1135502505032524,-0.9552142636712971,-1.6599892358833077
1.2090862834765006,-0.9552142636712971,0.3151288208808126
1.1490907416248033,-0.9552142636712971,-0.3627665809933592
-0.4870358868672529,0.05960546552681911,1.0754586015014986
-0.22712620679597337,-0.9552142636712971,1.7048016170804894
-2.0387344178427855,-0.36158277709840037,0.3778079209255647
0.1841671134665053,0.3863044476016779,1.717797156020491
0.10413950578058002,0.05960546552681911,1.0320879026439496
1.3672244617898772,-0.9552142636712971,-1.0624017557619894
-1.8240633918658722,1.5406654655354899,1.5680566616639142
0.6557659603678762,-0.36158277709840037,-0.21712296314301258
-1.218939756502677,0.3863044476016779,0.4707529078572701
1.377517166470927,-0.36158277709840037,-0.09805527075533962
-1.6575516078937147,-0.9552142636712971,-1.1550190673695777
0.08992556633514397,0.3863044476016779,1.2589675600745749
-0.0015614215275583125,-0.36158277709840037,0.7591391838068907
0.34305147915390505,0.05960546552681911,0.4615924883019555
1.4269530713337628,-0.9552142636712971,-0.5459956561227385
-0.4273072773233673,-0.9552142636712971,0.01858444005433227
-1.0042687305257638,-0.36158277709840037,-0.36605308549283017
1.4364590503135464,-0.36158277709840037,0.6415302981032269
0.7793883005555002,-0.9552142636712971,1.3573068152479633
0.4388506943278125,-0.36158277709840037,0.12753675761506858
-0.5187942651860693,0.3863044476016779,1.0505969435878144
-1.5215015741842748,0.6532369520997158,0.7409897043614747
1.0409714714796316,0.6532369520997158,0.7432463128566629
-0.3205241028950956,-0.36158277709840037,-0.17069304640498711
1.4888861411471739,-0.36158277709840037,-0.46878902515136045
-0.7443590504544844,0.8789251688960825,1.0667157985581097
0.4206495661775393,-0.9552142636712971,-0.2202332213213198
-0.5187942651860693,-0.9552142636712971,-0.3975931902430841
0.34305147915390505,0.3863044476016779,0.6190083110941038
0.25643735030730064,-0.36158277709840037,0.4457994879794345
-0.6230859205766931,1.7852452398084835,1.1319521501528023
-0.16402870097223238,-0.36158277709840037,0.9530318109955533
0.014486707924192264,-0.9552142636712971,0.6452000225524825
0.713941584421926,0.3863044476016779,0.33635862211874146
1.4075699228848029,-0.9552142636712971,-1.7026146194252803
1.4551152534945606,-0.9552142636712971,-0.9261563528849276
0.07543561088562381,-0.9552142636712971,-0.4194610957779962
0.8804533683940841,-0.9552142636712971,0.6806832771815868
-0.5187942651860693,-0.36158277709840037,1.2300404335158148
0.07543561088562381,0.6532369520997158,0.6796284451256495
-0.22712620679597337,0.6532369520997158,1.096957493494028
0.4113797667403285,0.05960546552681911,2.1646496650049794
1.4221542814287025,-0.36158277709840037,-0.0362514369336403
0.37310423556778083,0.05960546552681911,0.4168203793818817
0.2901066368625376,0.05960546552681911,0.03462726859925713
1.159430989184945,0.05960546552681911,-0.20230160977548928
-0.4565741366045355,2.555485194733606,4.0903281810701175
-1.8240633918658722,1.4011241767997944,1.282648592090624
0.6756660532493783,-0.9552142636712971,-0.06509742563052866
0.25643735030730064,-0.9552142636712971,-0.15045673337457524
-0.7443590504544844,0.3863044476016779,0.08428028907772168
0.5551626080798789,0.05960546552681911,0.08085023058987141
-2.341296235524383,1.2468684386726134,0.7469931460818864
0.947038466531095,-0.36158277709840037,0.703826474488546
0.4019933629965244,-0.9552142636712971,0.054376279570110334
1.0800489471232713,-0.9552142636712971,-0.17414366374183038
-0.5187942651860693,0.05960546552681911,0.10252029207088717
-0.3991450951625692,1.4011241767997944,1.9020237095844112
-1.1403187642352037,0.3863044476016779,1.3044038924668246
-0.034731738315937795,-0.9552142636712971,-0.824872343048851
-0.16402870097223238,2.0892449239230517,1.7315198641151124
-0.034731738315937795,0.6532369520997158,1.542266339201556
-2.341296235524383,1.074425194724936,2.314818900989401
0.4653461139941349,-0.36158277709840037,0.08339462324872753
0.4206495661775393,-0.36158277709840037,1.8892812988039345
0.5853165797205673,-0.9552142636712971,-0.28143841038472645
-2.0387344178427855,2.3408466559766334,1.5251356725027356
-0.8377569465536066,-0.36158277709840037,1.1019747641411668
1.5501371094479746,-0.9552142636712971,-1.1335604660393386
-1.8240633918658722,-0.9552142636712971,-1.1403735686438803
-0.5519645819744484,0.6532369520997158,1.5337622427285058
-0.5187942651860693,-0.9552142636712971,-1.341294939821097
0.1841671134665053,-0.9552142636712971,0.2562976765671253
1.2435087462334857,-0.9552142636712971,-0.3338007165602957
-0.017962285213498085,-0.9552142636712971,-0.38013026032233777
-0.5187942651860693,0.3863044476016779,1.3688512580843062
0.9144883541766984,-0.36158277709840037,-1.0298561550665053
-1.0042687305257638,0.6532369520997158,2.0030846747729236
-0.7017069128441668,-0.36158277709840037,-0.4141583965705841
0.8018323761266101,-0.9552142636712971,-0.02065582080563854
0.1584332095908674,-0.9552142636712971,1.2559110329094345
0.35320414268627925,0.8789251688960825,0.9715896978597152
-0.017962285213498085,0.05960546552681911,1.1735864904737519
0.27905148268373375,1.074425194724936,0.9374966881043064
0.33275877447285523,-0.36158277709840037,0.21156766138697686
0.5396160195399382,-0.36158277709840037,0.10355772030263803
-0.6230859205766931,-0.36158277709840037,0.3923108844568049
0.11808774849594178,0.3863044476016779,0.48968470876985565
-1.0691974256329595,1.2468684386726134,0.4071634416183126
-0.7017069128441668,-0.36158277709840037,0.017793517420326446
1.0529110743320027,-0.36158277709840037,0.004149837242437287
-2.0387344178427855,3.057582165231702,2.626059622148486
-0.24940276429285158,1.074425194724936,1.750133179943818
-0.3205241028950956,0.6532369520997158,1.341174793859282
-0.7017069128441668,2.3408466559766334,1.836216762355455
0.13178004565621987,-0.9552142636712971,-0.002579812423107797
-0.7443590504544844,1.6680566812978321,1.779135980489325
-0.4870358868672529,0.8789251688960825,2.305488571142843
-1.6575516078937147,-0.9552142636712971,-0.05050277490232966
-1.0042687305257638,-0.9552142636712971,-0.25358744852679016
-0.3458217546340572,0.3863044476016779,1.1983203428022826
-0.4870358868672529,1.5406654655354899,1.6200749317678933
-0.7017069128441668,1.2468684386726134,0.9774035825976239
-0.22712620679597337,0.8789251688960825,1.4539890263303534
-1.0691974256329595,0.05960546552681911,0.46197170182321007
1.4844706888644472,-0.9552142636712971,-0.6132590391071987
-1.5215015741842748,1.5406654655354899,1.5966802667319833
-0.10585307691818248,-0.9552142636712971,-0.3610422853558438
0.24486798276817184,-0.36158277709840037,-0.8041196652574278
0.9605652887470136,-0.36158277709840037,-0.40834223937495706
-0.7443590504544844,1.074425194724936,0.42916388965564545
0.4388506943278125,-0.9552142636712971,0.28796815450009433
-0.5519645819744484,0.05960546552681911,-0.4652464002023886
-0.4870358868672529,1.6680566812978321,1.4052254315823198
1.4866816808776484,-0.9552142636712971,0.8695113126471109
0.5551626080798789,0.6532369520997158,1.2987635904614807
-0.6613614517492411,-0.36158277709840037,-0.3246001949456834
1.2122820453568492,-0.9552142636712971,-1.810201122731829
0.8018323761266101,0.05960546552681911,0.4657234882530985
-0.3991450951625692,-0.36158277709840037,-0.4767583721359144
1.3594106808800466,-0.9552142636712971,-1.1202413287571895
0.8499916181313663,-0.36158277709840037,0.2405056428333804
0.27905148268373375,-0.36158277709840037,-1.3485419263415328
0.6756660532493783,-0.9552142636712971,-0.13488463142950793
1.3135171700007557,-0.9552142636712971,0.26838002878554745
1.5211946184651242,-0.9552142636712971,-0.5055249741905248
0.4019933629965244,-0.36158277709840037,0.4701236986026794
-0.3458217546340572,0.6532369520997158,0.9763223161089502
-2.341296235524383,0.6532369520997158,0.8272113914603249
0.25643735030730064,-0.9552142636712971,-0.6229943561056606
0.4113797667403285,0.6532369520997158,1.0237480407356359
0.8499916181313663,-0.9552142636712971,-0.15139554163763796
-0.10585307691818248,-0.36158277709840037,-1.0507478020194507
-0.6230859205766931,1.6680566812978321,0.7167160566116625
-1.1403187642352037,1.2468684386726134,1.4466544164687745
-2.341296235524383,0.05960546552681911,0.47290297609677723
0.4388506943278125,0.05960546552681911,-0.5813098515196922
-1.1403187642352037,0.8789251688960825,0.7780633501700918
0.20904305891646366,0.3863044476016779,0.6580221382422843
-0.7895977045488505,-0.9552142636712971,-1.3911990709265596
-0.2960560335189878,-0.9552142636712971,-0.5787686815318117
0.7850629230241704,-0.9552142636712971,0.3222904901240402
0.5237386278211207,-0.36158277709840037,-0.0103301941710965
-0.034731738315937795,0.05960546552681911,2.2674486058847627
-0.3205241028950956,-0.9552142636712971,-0.547409859236099
-0.5187942651860693,0.3863044476016779,1.6184398843765204
-0.5866782483482139,2.2616881678707283,2.3162654194838854
-0.2960560335189878,0.05960546552681911,0.23938172425244802
-0.16402870097223238,-0.9552142636712971,-0.5285803964636581
0.37310423556778083,-0.36158277709840037,0.2547753766141302
0.03019695679125805,-0.36158277709840037,0.3733358709085387
1.0913839892534942,-0.36158277709840037,-0.9911726102951607
0.9605652887470136,-0.9552142636712971,-1.6070447351427024
0.4113797667403285,-0.9552142636712971,0.22604082709719206
1.531660558029954,-0.9552142636712971,-1.159240114724307
-0.10585307691818248,-0.36158277709840037,-0.40091856619492006
-1.218939756502677,1.5406654655354899,1.291994896113586
0.07543561088562381,-0.36158277709840037,-0.15155432307352995
-0.7443590504544844,0.6532369520997158,2.2279625941682584
-1.218939756502677,-0.9552142636712971,-0.7840710996218231
1.4269530713337628,-0.36158277709840037,-0.20328962056465663
-1.5215015741842748,0.05960546552681911,0.8564495327563486
1.4075699228848029,-0.9552142636712971,-0.8809940690560476
-1.218939756502677,1.074425194724936,1.311015637138208
1.2966211442140112,-0.9552142636712971,-0.3670937589905986
1.3723885603136328,-0.9552142636712971,-1.2705103112322118
0.473972906706051,-0.9552142636712971,-0.5746565323203142
-0.4870358868672529,1.5406654655354899,2.0346179288591157
-2.0387344178427855,3.149116681306502,1.3799858001337555
-0.0874272207859269,-0.36158277709840037,-0.26509017521595885
-1.1403187642352037,-0.36158277709840037,0.27051478177771376
1.1928988969078893,-0.9552142636712971,-1.1951188249098859
1.438816743455106,-0.9552142636712971,-0.9516368538389013
-0.16402870097223238,0.6532369520997158,0.47240221588413145
-0.18447406918565573,0.05960546552681911,-0.1165541502686782
-0.5519645819744484,-0.36158277709840037,1.0706629614240328
0.4019933629965244,-0.9552142636712971,-0.39622371562488334
1.2556424974565459,-0.9552142636712971,-0.4420240745904618
-0.0874272207859269,-0.9552142636712971,-1.0305357681921872
1.231174428080437,-0.36158277709840037,-0.2777849130678025
-1.8240633918658722,2.0892449239230517,1.8315694263990614
-1.6575516078937147,1.4011241767997944,0.9290210999918391
1.2154641792133722,-0.36158277709840037,0.8207007387623079
-0.7017069128441668,-0.9552142636712971,-1.033621314544512
-1.218939756502677,-0.9552142636712971,-1.28096453769461
-0.10585307691818248,-0.9552142636712971,-0.964598127888495
-0.3205241028950956,-0.36158277709840037,-0.09152521835471276
1.1386051930976016,-0.36158277709840037,2.072818321901469
1.4411670107791992,-0.9552142636712971,-0.37415417629227116
0.5237386278211207,-0.36158277709840037,-0.4013170984009997
0.6490128893147309,0.05960546552681911,-0.4374599411696904
-0.12474545964177015,1.5406654655354899,1.2119040775054009
0.08992556633514397,-0.36158277709840037,-0.12717302627551466
-0.6230859205766931,0.3863044476016779,1.317185172135965
-1.0691974256329595,1.2468684386726134,1.133122470444736
-0.3205241028950956,1.074425194724936,0.27992013435358554
-0.3205241028950956,1.5406654655354899,1.013054966222713
1.060765981162014,0.6532369520997158,-0.18190090209153784
0.19670874076341505,-0.9552142636712971,-1.2324879237041446
-0.5187942651860693,-0.9552142636712971,0.01458972261877053
0.4113797667403285,-0.36158277709840037,-0.8317563657855035
0.20904305891646366,-0.9552142636712971,0.6174560838310443
0.4019933629965244,0.05960546552681911,0.34928765932482014
-0.4870358868672529,0.6532369520997158,0.8435138510271594
0.10413950578058002,-0.9552142636712971,0.3947967947590383
0.36322052473557237,-0.9552142636712971,-0.024086393766291934
0.17141108902445348,0.6532369520997158,1.2133687943407492
1.3435332891612286,-0.9552142636712971,-0.6603575002750689
-2.0387344178427855,0.3863044476016779,0.9129040864687247
0.5474298004497687,-0.36158277709840037,-0.013716388683993191
-0.3205241028950956,-0.9552142636712971,-0.571664899113624
-0.5187942651860693,-0.9552142636712971,-1.1166229345267744
-0.7443590504544844,1.4011241767997944,1.2809354078609085
-0.7895977045488505,0.05960546552681911,0.48650720262497027
-2.0387344178427855,2.487376384667096,2.333246632362929
1.2090862834765006,-0.9552142636712971,-1.1042841882638283
1.3381648540746935,-0.9552142636712971,-0.6871615158787254
0.6283790606233428,-0.36158277709840037,-0.09836462123046415
1.1421167725593575,-0.36158277709840037,1.038555275461452
-0.4870358868672529,1.4011241767997944,1.7559599837592308
-1.0042687305257638,1.074425194724936,1.4453798385143781
-1.6575516078937147,0.05960546552681911,0.06377712381691153
-1.0691974256329595,-0.36158277709840037,0.4448003646777502
0.17141108902445348,-0.9552142636712971,-0.09914471891463976
0.19670874076341505,0.3863044476016779,0.8675278702816139
0.5075160485126933,-0.36158277709840037,0.6707723303287398
0.2901066368625376,1.2468684386726134,1.6781484862634812
-0.22712620679597337,-0.9552142636712971,-0.06141469846570602
1.231174428080437,-0.9552142636712971,-0.31796479781043435
-0.4565741366045355,0.05960546552681911,0.38222790605466606
0.6886439326829644,-0.9552142636712971,-1.0792309192396632
-0.4273072773233673,0.05960546552681911,0.26492424426142996
0.7679079316757323,0.8789251688960825,1.2134305574687834
0.7793883005555002,-0.9552142636712971,-0.33144079613621924
-0.20549543839914347,0.3863044476016779,0.7102146256498559
-1.5215015741842748,-0.36158277709840037,0.4909769249834099
-0.5187942651860693,1.7852452398084835,1.2985395339010715
0.9097202276752518,-0.9552142636712971,-0.6542311976448417
0.6353205921544528,0.05960546552681911,-0.12047667002694387
-1.8240633918658722,-0.9552142636712971,-0.6632746732080488
1.4822531262858296,-0.9552142636712971,-1.4651836659567992
1.4733163816448338,-0.9552142636712971,0.1882519178154217
0.8804533683940841,-0.36158277709840037,0.8841900751407056
-1.0042687305257638,0.6532369520997158,-0.1483583457781435
-0.7017069128441668,0.6532369520997158,1.365696011978844
-1.0042687305257638,0.3863044476016779,0.6488432124817325
-0.6230859205766931,-0.9552142636712971,-0.04462808942633923
-0.2960560335189878,-0.9552142636712971,-1.6366695222220122
-1.0042687305257638,-0.9552142636712971,-0.8605503152730051
-2.341296235524383,1.6680566812978321,1.325183332879004
-1.218939756502677,1.4011241767997944,1.5138989266735754
1.4597073249619175,-0.9552142636712971,-1.9309329862473341
0.1841671134665053,-0.9552142636712971,-0.1247896106895606
-0.9445401209818783,0.3863044476016779,1.3163362523522377
0.8903370792262918,0.05960546552681911,1.056180995143556
-1.0691974256329595,0.6532369520997158,1.1259870556914335
1.4710653716164896,-0.9552142636712971,-0.9251048940137095
-1.5215015741842748,-0.36158277709840037,-0.13718158971432767
-0.10585307691818248,0.3863044476016779,0.7931686089801405
-0.4273072773233673,0.8789251688960825,0.4817378715411789
-0.05188672966437643,1.7852452398084835,2.5341988868966254
0.19670874076341505,0.3863044476016779,0.33948225454067754
-2.341296235524383,0.3863044476016779,0.13732141885400326
-0.7895977045488505,2.6205659263872656,2.338907662207883
-1.6575516078937147,3.104064653121168,2.24687891422629
-1.6575516078937147,2.0892449239230517,1.9523410884803263
-1.218939756502677,1.074425194724936,0.9102786191250546
-0.3458217546340572,0.8789251688960825,1.0899212944826258
1.5602075626728675,-0.9552142636712971,-1.6587539535577802
0.68218320610311,-0.9552142636712971,1.5125843834218153
-0.3991450951625692,-0.36158277709840037,0.4301255708952618
1.120795057494147,-0.9552142636712971,-0.49463039592419683
-0.3458217546340572,0.8789251688960825,0.2823921682473474
0.7621008264266822,0.3863044476016779,0.13094775030810432
0.3223221112192497,-0.36158277709840037,0.1436078671308
-1.306830548207361,0.3863044476016779,-0.1750018494306114
-0.3205241028950956,0.05960546552681911,0.2200609946374664
-1.218939756502677,0.3863044476016779,1.5233009558989075
0.4206495661775393,-0.36158277709840037,0.07505061257679482
-0.5866782483482139,-0.9552142636712971,-0.9496475472994113
0.33275877447285523,-0.9552142636712971,-0.7451789004890396
-1.306830548207361,1.2468684386726134,0.9299345039248913
-0.7895977045488505,1.4011241767997944,1.7851597386092597
1.3800683117199994,-0.9552142636712971,-0.14646268864529258
-0.2960560335189878,1.5406654655354899,1.0471198260514416
-0.7895977045488505,2.0892449239230517,2.0600083850905495
0.5628161034647609,0.05960546552681911,0.3647579592945362
-0.3205241028950956,1.8937448980941993,1.4306248673931372
-2.341296235524383,-0.9552142636712971,0.12409235256103748
-1.1403187642352037,0.6532369520997158,1.4852275201767522
0.6283790606233428,-0.9552142636712971,-0.5935618623837106
-1.6575516078937147,-0.36158277709840037,0.2958375207762813
0.8903370792262918,-0.36158277709840037,0.2786889289367203
0.33275877447285523,-0.9552142636712971,-0.8829846212490247
-1.5215015741842748,-0.36158277709840037,-0.09365083306203861
-1.8240633918658722,2.8000649690066,1.6483196843210832
-0.24940276429285158,0.8789251688960825,1.0303162605376512
0.4653461139941349,0.3863044476016779,0.2525819491247407
-1.6575516078937147,0.6532369520997158,-0.0007278490142643233
-1.5215015741842748,0.3863044476016779,0.27902000286208967
1.558204315138142,-0.9552142636712971,-0.41927573658238854
-0.3458217546340572,1.074425194724936,1.0161239697673847
-1.0042687305257638,1.074425194724936,1.3517535691229625
0.33275877447285523,0.3863044476016779,0.11257791108726899
0.68218320610311,-0.9552142636712971,-0.3738740529055653
-0.4565741366045355,1.7852452398084835,2.589374476319443
1.0206375359937399,-0.9552142636712971,-0.8896225386649049
1.2154641792133722,-0.9552142636712971,-0.5050086826453296
1.5211946184651242,-0.9552142636712971,-1.4904598173531705
1.4364590503135464,-0.36158277709840037,0.05679293595829928
1.4777981324055245,-0.9552142636712971,-0.8972289333136365
1.5602075626728675,-0.9552142636712971,-1.2210712141410414
0.4019933629965244,-0.36158277709840037,0.26475184366866555
0.25643735030730064,-0.9552142636712971,-0.41964649821615696
0.8018323761266101,-0.36158277709840037,-0.2343673237019141
0.10413950578058002,1.074425194724936,2.6837744997098003
-2.0387344178427855,1.6680566812978321,1.393606705887036
-2.341296235524383,5.858534554336304,3.033746320356939
-1.6575516078937147,0.6532369520997158,1.3734461807569656
0.7736701939658116,-0.9552142636712971,-0.7668946604337534
0.42980562287258406,-0.9552142636712971,1.4253024303792625
-0.4870358868672529,0.8789251688960825,2.6893604138647302
1.2217880243366335,0.05960546552681911,1.129872886593402
1.3515142129228124,-0.36158277709840037,1.3173373395267247
0.4825011053425735,-0.9552142636712971,-1.478564172238005
-0.7443590504544844,1.8937448980941993,1.889764226526691
0.7013999571250162,-0.36158277709840037,1.0698324091253586
0.10413950578058002,0.05960546552681911,0.5929098558744518
-1.218939756502677,-0.36158277709840037,0.7635696385736469
0.8236210556992564,-0.36158277709840037,-0.3050505348788116
1.4411670107791992,-0.9552142636712971,0.6729792169858936
-1.6575516078937147,1.074425194724936,1.7990753606956273
1.231174428080437,-0.9552142636712971,0.36100358487210443
1.1386051930976016,-0.9552142636712971,0.49361383530069763
0.20904305891646366,-0.9552142636712971,0.16415135807399658
-0.7017069128441668,0.6532369520997158,0.5136840577671975
-0.5866782483482139,0.8789251688960825,0.0990813463887874
-0.12474545964177015,1.2468684386726134,1.3518852909288246
0.25643735030730064,-0.36158277709840037,0.10342331523755637
-1.5215015741842748,0.6532369520997158,0.9265608993279587
-2.0387344178427855,0.8789251688960825,0.8899422474680663
-1.1403187642352037,-0.36158277709840037,-0.2451762877033257
1.544028950443085,-0.9552142636712971,-0.6695729336851537
-1.0691974256329595,0.05960546552681911,-0.3554469189490972
0.2678300793656594,-0.9552142636712971,-1.6352131138686739
1.068539064558348,-0.9552142636712971,-0.6373002248842359
1.5641979960247516,-0.9552142636712971,-1.0512402491368706
1.2851407753342434,-0.9552142636712971,-0.4714761876356534
1.4822531262858296,-0.36158277709840037,-0.2265486632013632
0.11808774849594178,-0.36158277709840037,0.13511028364278044
-0.6230859205766931,-0.9552142636712971,-0.41432414705906184
1.5481066068113414,-0.9552142636712971,-0.8322236601763229
-1.0691974256329595,0.05960546552681911,1.7976427801373878
1.048952395241215,-0.9552142636712971,-0.4196835838946708
-0.14412860809073014,0.05960546552681911,-0.3219721795797153
1.0123462367079263,-0.9552142636712971,-0.3127447067541969
1.2966211442140112,0.05960546552681911,-0.2723898871634444
-0.0015614215275583125,-0.9552142636712971,-0.9121121623185409
0.5999486026162144,-0.9552142636712971,-1.3868037900441808
0.8754619835057548,-0.36158277709840037,0.3033162174148123
0.5551626080798789,-0.36158277709840037,-0.18861076576245872
1.3515142129228124,-0.9552142636712971,-1.1685109375868208
1.2994638495891662,-0.9552142636712971,0.5984087210040472
-1.8240633918658722,0.3863044476016779,0.20731619873260176
1.1490907416248033,-0.9552142636712971,-1.6278012258053267
0.33275877447285523,-0.36158277709840037,0.21280688532519676
0.37310423556778083,0.6532369520997158,0.7031676722390415
0.20904305891646366,-0.9552142636712971,-0.4782740386835272
-1.8240633918658722,1.074425194724936,0.5629365235802548
-1.4064729096883226,0.05960546552681911,-0.41493219478170346
-1.8240633918658722,0.8789251688960825,0.2691831817088485
1.4866816808776484,-0.36158277709840037,-0.7192145298029237
-0.12474545964177015,0.8789251688960825,1.7789284533394845
1.2994638495891662,-0.9552142636712971,-0.9640461698520214
-0.24940276429285158,-0.36158277709840037,-0.5069102917706818
0.8602843228124161,-0.9552142636712971,-0.4388264310565539
1.356787798536271,-0.9552142636712971,-0.6684817105307619
0.19670874076341505,0.3863044476016779,1.016507524071879
0.9912057503645619,-0.9552142636712971,-1.3371664757442887
-0.20549543839914347,-0.36158277709840037,-0.061107589335568514
-1.8240633918658722,1.9947556633726906,1.6217250964227234
0.8551557166551218,0.3863044476016779,1.0511681889203481
-1.5215015741842748,2.8000649690066,1.353922201546939
0.3223221112192497,-0.36158277709840037,0.34372980468869324
0.27905148268373375,1.2468684386726134,0.6768989085519088
-0.3205241028950956,-0.36158277709840037,-0.6347683128987015
1.3135171700007557,0.3863044476016779,-0.5691767151588916
-0.5187942651860693,-0.9552142636712971,0.1194858760932142
-0.27236486089033946,-0.36158277709840037,0.26259367477875695
0.5628161034647609,-0.9552142636712971,-1.350752907072076
1.3876698300033006,-0.9552142636712971,-0.6705893719341084
0.8073394805210485,0.8789251688960825,0.7877082104260569
0.4113797667403285,0.05960546552681911,0.47265565205372934
1.5622054467539612,-0.9552142636712971,-2.3225434224320805
-1.218939756502677,0.8789251688960825,0.870020123370253
1.1386051930976016,-0.36158277709840037,0.3347455438427228
0.10413950578058002,-0.9552142636712971,-0.2626666890970108
0.8236210556992564,-0.9552142636712971,-1.264045572106391
-0.3991450951625692,-0.36158277709840037,0.6117638266534832
1.356787798536271,-0.9552142636712971,-0.20695597789185302
-0.3991450951625692,1.074425194724936,1.3574495101830464
1.0449726030954503,0.8789251688960825,0.6311896940707935
0.45661842083469495,-0.36158277709840037,-0.5118717112010386
1.464271310189606,-0.36158277709840037,-0.15101195075298907
1.3541556643837713,-0.9552142636712971,-0.5258205544705677
0.8499916181313663,-0.36158277709840037,-0.5938619381397087
0.1841671134665053,-0.36158277709840037,0.8871215071806536
-1.6575516078937147,1.7852452398084835,0.5951522391352791
1.2217880243366335,-0.36158277709840037,0.13009405258603107
-0.0015614215275583125,0.05960546552681911,-0.1871978179106753
1.3381648540746935,-0.9552142636712971,-0.7058123985765431
-1.1403187642352037,-0.36158277709840037,0.5566214049317931
-0.4273072773233673,0.3863044476016779,-0.024729162851729054
0.4909329380903411,-0.9552142636712971,-0.6769717347585319
0.24486798276817184,0.05960546552681911,0.38266044763388257
0.30100039615403923,-0.36158277709840037,0.5092944929116526
1.1490907416248033,-0.36158277709840037,-0.5691095749427827
-0.4565741366045355,-0.9552142636712971,-0.52007693575892
1.0449726030954503,0.05960546552681911,-0.6226112625588027
-0.27236486089033946,-0.9552142636712971,-1.120017493367013
-0.05188672966437643,-0.36158277709840037,-0.528367760329261
1.1171814462747254,-0.36158277709840037,-0.9587302467032253
-1.1403187642352037,2.959940965055545,2.5353736919534424
1.307927561403842,-0.9552142636712971,-1.3106711755297673
-0.6613614517492411,-0.36158277709840037,-0.30187847723930455
-0.9445401209818783,0.6532369520997158,1.105508916412929
1.0039617748066132,-0.36158277709840037,0.02610153537274441
-0.0874272207859269,0.6532369520997158,0.8729021085577027
-0.4870358868672529,1.2468684386726134,1.1466615621669303
-1.8240633918658722,0.6532369520997158,0.6580316943334962
-1.5215015741842748,0.6532369520997158,0.9769718922354359
0.8804533683940841,-0.36158277709840037,-0.5480634181113927
0.8289702489178785,0.3863044476016779,1.1123200260675574
0.7679079316757323,-0.9552142636712971,-0.1589462013899156
-1.218939756502677,0.8789251688960825,0.4840012226282525
-0.7017069128441668,-0.9552142636712971,-1.1841744142337514
-1.1403187642352037,3.3556663851747497,2.4858107888526546
0.9378824098360496,-0.9552142636712971,-0.4619541375665881
0.25643735030730064,-0.9552142636712971,-1.1368911314748045
0.4909329380903411,0.3863044476016779,0.20000379382713443
-1.5215015741842748,-0.36158277709840037,-0.03542775459263822
-0.18447406918565573,0.6532369520997158,0.8294519685724531
1.4293409429987136,-0.9552142636712971,-1.4390132358060521
0.4019933629965244,-0.36158277709840037,-0.4418333781174244
-0.5187942651860693,2.0892449239230517,3.2251775534572897
-0.4565741366045355,0.05960546552681911,-0.14107690568414818
-2.0387344178427855,1.074425194724936,0.866322924755077
-0.7017069128441668,0.3863044476016779,0.303644654246449
-0.7895977045488505,0.3863044476016779,0.5786930127279656
-0.3991450951625692,-0.9552142636712971,-1.4642167599831815
0.25643735030730064,1.2468684386726134,2.2003734794393384
0.14522562128721084,-0.36158277709840037,0.17054762581707303
0.7850629230241704,0.05960546552681911,-0.05680873027653692
-0.16402870097223238,-0.36158277709840037,-0.145030782235509
1.3698109782739254,-0.9552142636712971,-0.35666219052430387
0.8551557166551218,0.8789251688960825,0.6296710035346978
-0.7443590504544844,1.074425194724936,0.8303179679472017
-0.27236486089033946,1.2468684386726134,1.388136372989494
-2.0387344178427855,0.05960546552681911,0.7399947630830133
-1.1403187642352037,0.8789251688960825,0.303771513951866
-1.4064729096883226,0.3863044476016779,0.5146861172539111
-1.0691974256329595,-0.9552142636712971,-0.6253688626091478
-2.341296235524383,1.6680566812978321,1.4933360103434876
1.4148977322642486,-0.9552142636712971,-1.5072583307979066
-1.0691974256329595,1.2468684386726134,1.359072841994184
-1.306830548207361,-0.36158277709840037,-0.7946115247516383
-1.218939756502677,1.2468684386726134,0.7458474201173074
0.49927055844501256,-0.9552142636712971,0.04679326702048288
-1.0691974256329595,-0.9552142636712971,-1.196891891567037
1.531660558029954,-0.36158277709840037,0.6573624902962425
0.6690914798070661,-0.9552142636712971,-1.3263576639340218
-1.306830548207361,0.3863044476016779,-0.4617781506573838
-1.6575516078937147,4.5683921808265575,2.173019436083008
1.0913839892534942,-0.9552142636712971,-1.276591885411492
1.1421167725593575,-0.9552142636712971,0.013945261806942364
0.9144883541766984,-0.9552142636712971,-2.2997037007124
0.9239341671206889,1.4011241767997944,1.8417103063249818
-0.2960560335189878,-0.36158277709840037,-0.529601842603396
1.2435087462334857,-0.9552142636712971,-0.49151879794302555
-0.6230859205766931,-0.9552142636712971,-1.588267555975632
-2.341296235524383,-0.36158277709840037,0.42486991976482835
0.36322052473557237,-0.36158277709840037,-0.20755211938893273
1.3800683117199994,-0.9552142636712971,-0.2864248667125311
-1.8240633918658722,2.0892449239230517,1.7915916144203854
-0.27236486089033946,0.05960546552681911,-0.45393752494350315
-0.4870358868672529,-0.36158277709840037,-0.28966166659206216
-0.4870358868672529,0.3863044476016779,-0.4438188616366183
-1.6575516078937147,0.05960546552681911,0.23389298336952566
0.4653461139941349,-0.9552142636712971,-0.9778865819896931
-0.5187942651860693,0.3863044476016779,0.4168268517107032
1.0838464579070546,0.05960546552681911,-0.3688660374279546
0.6353205921544528,0.05960546552681911,-0.24215984551391906
-1.6575516078937147,1.8937448980941993,2.066486261992642
1.4435098989158772,-0.9552142636712971,-1.4185498511345704
0.6283790606233428,0.05960546552681911,-1.253757175631828
-0.9445401209818783,2.3408466559766334,1.6308372019465829
0.9954820328900365,-0.36158277709840037,-0.27416357511466416
0.1584332095908674,-0.9552142636712971,-1.728465545757056
1.4551152534945606,-0.9552142636712971,-0.9126981556355706
1.5602075626728675,-0.9552142636712971,-2.102857090327877
-1.1403187642352037,1.2468684386726134,0.6506103366319734
-2.341296235524383,1.8937448980941993,1.5022681839733552
-1.0042687305257638,1.5406654655354899,1.241812200864432
0.11808774849594178,0.6532369520997158,1.2122419627708239
0.35320414268627925,0.05960546552681911,0.0672312623531201
-1.306830548207361,-0.9552142636712971,-1.0057692733066077
-0.7443590504544844,2.959940965055545,1.8311677257783214
-1.6575516078937147,1.4011241767997944,1.0183375106270727
0.25643735030730064,-0.36158277709840037,-0.04018713145254547
-2.341296235524383,0.6532369520997158,0.234658483530889
0.68218320610311,0.8789251688960825,1.790200650906164
-0.4870358868672529,-0.36158277709840037,-0.07376140812087324
-0.27236486089033946,0.05960546552681911,0.4300555539314206
-1.0042687305257638,-0.36158277709840037,0.028679420720562163
0.10413950578058002,-0.36158277709840037,0.26250722600046256
1.5295790803664373,-0.9552142636712971,-1.0597003652361705
0.14522562128721084,-0.36158277709840037,-0.0963374746643562
0.36322052473557237,-0.36158277709840037,0.18988976762486934
0.8236210556992564,0.05960546552681911,0.15394599121096064
0.4206495661775393,0.05960546552681911,0.1782484408068329
-1.1403187642352037,-0.36158277709840037,-0.05517772505894774
1.3300390831246345,-0.9552142636712971,-0.2699747909932304
1.377517166470927,-0.9552142636712971,-0.20504283189850855
0.5778915507124864,-0.9552142636712971,-0.6866943191620395
-0.27236486089033946,-0.36158277709840037,-0.11312987510443662
-0.24940276429285158,1.5406654655354899,1.1875737830607833
-0.8377569465536066,0.3863044476016779,0.7297623481308378
0.25643735030730064,-0.36158277709840037,-0.07934860661923342
-0.7895977045488505,2.2616881678707283,1.6558603786241473
1.1421167725593575,-0.9552142636712971,-0.582583490079323
0.4019933629965244,0.05960546552681911,0.4087080893396632
-0.4273072773233673,0.05960546552681911,-0.7798587529355198
1.2646150615747365,-0.9552142636712971,-1.0899330409398533
1.2764130821748028,-0.9552142636712971,-0.6808774164928226
0.34305147915390505,-0.9552142636712971,-0.8492955884675227
1.0646626441082796,-0.9552142636712971,-0.5852510903939916
-0.8892400660298114,0.3863044476016779,0.33416403322862603
1.5622054467539612,-0.9552142636712971,-0.9985910900019952
-0.4565741366045355,-0.36158277709840037,-0.3433279503908691
0.4388506943278125,-0.9552142636712971,-1.455157591398955
-1.0691974256329595,-0.36158277709840037,-0.5920862160550122
-2.341296235524383,2.742642888072769,1.4369812311342933
1.068539064558348,-0.9552142636712971,-0.9150118751174623
1.3135171700007557,-0.9552142636712971,-1.1173363745545506
0.7793883005555002,-0.9552142636712971,0.18793257507729078
-2.341296235524383,0.3863044476016779,0.00249456262679354
-1.8240633918658722,2.8553196544436252,2.2690933849607986
-1.6575516078937147,0.6532369520997158,-0.9456838106659476
1.0165034021035235,-0.9552142636712971,-1.9945037400355754
-0.9445401209818783,1.6680566812978321,2.911412902625178
0.7562481747889629,1.4011241767997944,1.2748880255968502
-1.6575516078937147,-0.36158277709840037,-0.6906742733018771
0.9239341671206889,-0.36158277709840037,-0.4412996712970612
-1.8240633918658722,4.742704059859697,3.4910050780290915
-1.1403187642352037,1.9947556633726906,1.9920414117398613
-0.3458217546340572,-0.9552142636712971,-0.5879047599729443
0.33275877447285523,0.6532369520997158,-0.331573563283782
1.3381648540746935,1.2468684386726134,1.8895430901686971
-0.5519645819744484,1.7852452398084835,0.775528646927418
0.33275877447285523,-0.9552142636712971,-1.8006579154268183
-0.22712620679597337,1.5406654655354899,1.6781908430712555
-2.341296235524383,2.959940965055545,2.9265535360009216
0.5778915507124864,-0.9552142636712971,-0.99284909054544
1.2154641792133722,-0.9552142636712971,-1.5590396404646678
-2.341296235524383,2.742642888072769,1.7320321110271324
-0.0874272207859269,-0.9552142636712971,-0.8643051444929425
-1.8240633918658722,0.8789251688960825,0.32904131959962574
0.7962843263422448,-0.9552142636712971,-1.7788262241057118
-0.017962285213498085,0.3863044476016779,0.5930031988815881
1.5622054467539612,-0.9552142636712971,-0.5782478382586964
0.20904305891646366,-0.36158277709840037,0.06385785804403561
-0.27236486089033946,1.074425194724936,0.5704138072234455
-2.341296235524383,2.742642888072769,2.244684708973749
-0.9445401209818783,0.3863044476016779,0.9141478053588048
0.8236210556992564,-0.9552142636712971,-0.2937975110133446
-0.5187942651860693,1.2468684386726134,0.2423941243984413
-0.5866782483482139,0.6532369520997158,0.39777894021339827
1.231174428080437,-0.9552142636712971,-2.4917928498923922
1.3190652197851211,-0.9552142636712971,-0.7446763324616034
0.5396160195399382,-0.36158277709840037,0.19032882698191772
0.5075160485126933,0.05960546552681911,1.305659160757697
-1.5215015741842748,1.2468684386726134,0.8435516845666752
0.4019933629965244,-0.9552142636712971,-0.8163656045383033
0.5396160195399382,-0.9552142636712971,-1.918611382104563
-0.4870358868672529,0.05960546552681911,0.3106290288062626
1.2994638495891662,-0.9552142636712971,-1.7706646371245804
1.3327575169453991,-0.36158277709840037,-1.494751785737425
0.473972906706051,0.3863044476016779,0.7184051040385437
1.087624740705768,-0.9552142636712971,1.1520584341817366
0.1584332095908674,0.6532369520997158,1.0156701625705664
-1.0042687305257638,1.2468684386726134,1.2726113724516204
-0.5187942651860693,0.8789251688960825,0.22403054703579275
-0.7443590504544844,1.074425194724936,1.5431484752075262
0.6421981455264346,0.05960546552681911,-0.4292161382235939
0.4653461139941349,0.6532369520997158,0.9460291774429999
-0.6230859205766931,-0.9552142636712971,-0.682011600204931
1.4777981324055245,-0.9552142636712971,-1.4865457718221262
-0.0874272207859269,0.3863044476016779,-0.1268522586077271
-0.3991450951625692,-0.9552142636712971,-0.9146315482509553
-1.0691974256329595,0.3863044476016779,-0.014272881632695255
-0.3205241028950956,1.7852452398084835,1.2900515800350778
-0.8377569465536066,0.3863044476016779,0.6645791999370139
1.3901865583873654,-0.9552142636712971,0.43662927193697343
-1.4064729096883226,-0.9552142636712971,-0.317769036035678
-0.22712620679597337,0.3863044476016779,0.23172277672517405
0.06065870705397517,0.3863044476016779,0.694872546472449
0.5474298004497687,0.3863044476016779,0.3999305486780351
-1.1403187642352037,0.3863044476016779,0.5381196962180803
-0.5187942651860693,-0.9552142636712971,-1.63564119227793
1.4317211978352093,-0.9552142636712971,-1.4738692993780491
0.7323674405541809,0.3863044476016779,0.6703537395238572
0.014486707924192264,-0.36158277709840037,0.2713390992843904
1.356787798536271,-0.9552142636712971,-0.4391684209697003
-0.6230859205766931,0.3863044476016779,0.06867693381264343
-0.16402870097223238,0.3863044476016779,0.46254018304674877
0.25643735030730064,-0.36158277709840037,-0.014183816570675307
-0.37200722237130046,-0.9552142636712971,-1.501884604318585
-0.5187942651860693,0.05960546552681911,-0.34736403781264374
-1.6575516078937147,-0.36158277709840037,-0.5701620905519305
-0.7443590504544844,0.05960546552681911,1.0558306046799306
0.014486707924192264,-0.9552142636712971,-0.32552205727461947
0.2678300793656594,-0.9552142636712971,-0.7482570744158803
-0.3991450951625692,1.6680566812978321,1.6405499474220564
-0.0015614215275583125,-0.9552142636712971,-1.417052391666083
-1.218939756502677,1.4011241767997944,1.347165633386457
-0.7895977045488505,1.5406654655354899,0.6612027407315121
1.3162963510849115,-0.9552142636712971,-1.8329246292119676
-0.0874272207859269,0.05960546552681911,0.6156337521766713
1.4866816808776484,-0.9552142636712971,-0.890426851002328
-1.0042687305257638,-0.9552142636712971,-1.4610480405917103
-0.6230859205766931,-0.36158277709840037,-0.8117664210717525
0.5474298004497687,-0.36158277709840037,0.18128361994111233
0.2211768101395232,-0.9552142636712971,-1.478564172238005
0.8128062394661227,-0.9552142636712971,-1.96001934091568
-1.0042687305257638,0.3863044476016779,0.7202628957542573
-1.0691974256329595,0.8789251688960825,1.226762932714836
-1.6575516078937147,3.393696455579496,2.0690117065520823
-0.6230859205766931,0.3863044476016779,0.14399114103357435
-1.0691974256329595,0.3863044476016779,0.1434161608414378
-0.7895977045488505,-0.36158277709840037,-0.8440594785107758
0.19670874076341505,0.8789251688960825,0.41082382911182524
-0.2960560335189878,1.2468684386726134,1.663278947391408
0.5396160195399382,-0.9552142636712971,-0.5705431312233863
-1.0691974256329595,0.05960546552681911,0.3268264028277546
-0.5866782483482139,0.05960546552681911,0.06415045088431855
0.17141108902445348,0.6532369520997158,0.5872577792376275
1.3162963510849115,-0.9552142636712971,-0.6160792838597136
0.7323674405541809,0.05960546552681911,-0.24345120477451956
0.7621008264266822,-0.9552142636712971,-1.935415948888511
0.4019933629965244,0.3863044476016779,0.09623805700734817
1.2342771737504357,-0.36158277709840037,0.12302520193280231
1.0988461440238422,-0.36158277709840037,-1.1821390111455654
0.20904305891646366,-0.36158277709840037,0.8645747129883508
-1.8240633918658722,1.074425194724936,1.7369336923633143
1.3300390831246345,-0.9552142636712971,-1.5062388890541274
1.1062344148605145,-0.9552142636712971,-0.8208686693542675
0.42980562287258406,-0.9552142636712971,-0.560473566351807
1.1896188509298031,-0.9552142636712971,-1.193104305332924
-1.6575516078937147,1.9947556633726906,1.0595322939198752
-0.8892400660298114,1.074425194724936,0.4799225381163623
0.36322052473557237,-0.36158277709840037,-0.14423056460310354
1.1421167725593575,-0.9552142636712971,0.2787582348928033
-0.4273072773233673,-0.36158277709840037,0.020632900546668526
-0.7017069128441668,0.3863044476016779,-0.027826241839337768
1.2994638495891662,-0.9552142636712971,-0.6260657707404544
0.5551626080798789,0.3863044476016779,-0.0709705129403423
0.6690914798070661,0.05960546552681911,-0.7827816232679433
1.1099012982026455,-0.9552142636712971,-0.1708964072879448
0.5317195515827039,-0.9552142636712971,-1.413418158429142
0.08992556633514397,-0.9552142636712971,-0.41428731062958735
-0.6613614517492411,0.8789251688960825,0.789500119485558
-0.6613614517492411,0.3863044476016779,-0.29382916526812625
0.7503492566504052,-0.36158277709840037,-0.3519995159310948
0.5237386278211207,0.05960546552681911,-0.015821982593821494
0.9192262066550354,-0.36158277709840037,0.2782421455136669
-1.1403187642352037,-0.36158277709840037,-0.47351738163599993
-0.9445401209818783,0.05960546552681911,-0.06006902276732451
0.23311641299189426,-0.9552142636712971,-0.7462129561361311
0.2211768101395232,-0.9552142636712971,-0.20908711119486484
1.3190652197851211,-0.36158277709840037,0.2087975493592525
1.3022957666826813,-0.9552142636712971,-1.0202836406555982
-2.341296235524383,3.276507897068845,1.8483658758697765
0.11808774849594178,0.6532369520997158,0.8409065693374768
-1.0042687305257638,1.7852452398084835,1.3219738288166034
-1.8240633918658722,2.41594390599791,1.452965192608701
-0.6613614517492411,1.6680566812978321,1.1720139824465483
-2.341296235524383,2.0892449239230517,1.5856561646804024
1.5481066068113414,-0.9552142636712971,-0.164306947163443
-0.14412860809073014,-0.9552142636712971,-0.9772505155585887
-0.27236486089033946,-0.36158277709840037,-0.7649452520097124
0.6756660532493783,-0.9552142636712971,-1.3089661168461937
0.25643735030730064,-0.36158277709840037,-0.16305734360023386
-0.7443590504544844,0.3863044476016779,-0.8187211703316758
-0.06944540468970327,-0.9552142636712971,-0.23055799239683594
0.4019933629965244,-0.9552142636712971,-1.3159802253295114
0.7323674405541809,0.05960546552681911,0.07579652284220055
-0.6613614517492411,0.05960546552681911,0.3530064872700329
0.20904305891646366,-0.36158277709840037,-1.6198699157396885
1.4733163816448338,-0.9552142636712971,-1.016738206041358
-0.4870358868672529,0.3863044476016779,1.046009206126595
0.9144883541766984,-0.9552142636712971,-0.5536185289865923
-0.10585307691818248,-0.36158277709840037,-0.17932043732108122
1.060765981162014,-0.36158277709840037,0.14731421346908893
1.535806175684412,-0.9552142636712971,-1.0166989010364007
0.8182332398125501,-0.9552142636712971,-1.6742448207590395
-1.218939756502677,0.3863044476016779,0.8398392115133357
-2.341296235524383,-0.9552142636712971,-0.5560584019538612
1.3162963510849115,-0.9552142636712971,-1.2892286767821568
0.9738512644932059,-0.9552142636712971,-0.5303048491514899
0.6142992229409651,0.3863044476016779,-0.12740405918931985
0.9097202276752518,-0.9552142636712971,-1.9216739197964436
1.5169667926595949,-0.9552142636712971,-0.6994060460913409
-1.6575516078937147,1.5406654655354899,0.8052733844214981
0.7201342279169752,-0.9552142636712971,-3.032659304068139
-0.4870358868672529,0.05960546552681911,0.5133803274538166
-1.306830548207361,0.6532369520997158,0.5532214434363592
-0.3458217546340572,0.05960546552681911,0.35292933504376467
-1.6575516078937147,-0.36158277709840037,-0.15286548178226142
-0.5187942651860693,0.6532369520997158,0.605198587903641
-2.0387344178427855,0.05960546552681911,0.053088476633975715
-0.14412860809073014,0.3863044476016779,1.6415845829220785
0.27905148268373375,0.8789251688960825,0.9068098698397744
-2.341296235524383,0.05960546552681911,-0.0988226810342485
-1.5215015741842748,2.8553196544436252,2.148180397804236
0.4019933629965244,0.3863044476016779,0.5933038962370029
0.34305147915390505,-0.36158277709840037,-0.19534979722572965
-0.7017069128441668,-0.9552142636712971,-1.0234881117992596
-1.8240633918658722,0.6532369520997158,0.06517871560716179
-0.16402870097223238,1.5406654655354899,1.8139775230540571
0.4388506943278125,-0.9552142636712971,-0.05716118539986972
-0.10585307691818248,1.2468684386726134,1.2779908396888877
1.438816743455106,-0.9552142636712971,0.4679539498952715
-0.24940276429285158,-0.36158277709840037,0.06633644033253641
0.5317195515827039,0.05960546552681911,0.35914756416259924
-0.8377569465536066,-0.9552142636712971,-0.5763485226285077
0.4388506943278125,0.05960546552681911,1.250030212523775
0.3924873840167408,-0.9552142636712971,0.07246933913982297
0.9239341671206889,-0.9552142636712971,-0.31646518840706794
1.1025494233790782,-0.9552142636712971,0.1348426877333076
-0.0015614215275583125,1.074425194724936,2.140148378627068
1.2966211442140112,-0.9552142636712971,0.052996410808656476
1.0123462367079263,-0.9552142636712971,-0.5706552367867002
0.30100039615403923,0.05960546552681911,0.9858967917217174
1.3698109782739254,-0.9552142636712971,-0.4936325443925868
0.3223221112192497,-0.9552142636712971,-0.5981909967881353
0.25643735030730064,-0.9552142636712971,-0.8980409846931133
-1.0042687305257638,-0.9552142636712971,-0.8534134396917316
-0.7443590504544844,-0.36158277709840037,0.2377131319379216
0.27905148268373375,-0.9552142636712971,-0.5259477210517766
0.20904305891646366,-0.9552142636712971,-0.47655915734842524
0.33275877447285523,-0.9552142636712971,0.01922515133225353
0.7323674405541809,-0.9552142636712971,-0.05786656492626719
0.4206495661775393,-0.9552142636712971,0.045172900562349766
1.2851407753342434,-0.9552142636712971,-0.13863846921960518
1.3190652197851211,-0.9552142636712971,-0.39873020426702216
0.25643735030730064,-0.9552142636712971,-0.3977735600828467
-1.1403187642352037,0.3863044476016779,1.1507075072057136
-0.6613614517492411,-0.36158277709840037,0.24848888157301677
0.33275877447285523,-0.9552142636712971,-1.3321235480956044
-0.20549543839914347,-0.36158277709840037,0.889749511831506
0.07543561088562381,-0.9552142636712971,-2.020760031881846
1.2851407753342434,-0.36158277709840037,-0.12061666415055294
1.5481066068113414,-0.9552142636712971,-0.6789478719614087
1.5602075626728675,-0.9552142636712971,0.03123845711364227
0.5075160485126933,-0.9552142636712971,-0.5160474645425859
0.2211768101395232,0.05960546552681911,1.2056991102507908
0.49927055844501256,-0.9552142636712971,0.05585569707083043
0.5778915507124864,0.05960546552681911,0.2700010952274028
-0.3991450951625692,0.05960546552681911,-0.1881117913885305
-0.24940276429285158,0.8789251688960825,1.2805141751326157
1.3515142129228124,-0.9552142636712971,-0.9353632243107561
-0.27236486089033946,1.074425194724936,1.3852157675736199
1.4710653716164896,-0.9552142636712971,-0.24257522644461846
0.7850629230241704,-0.36158277709840037,-0.05504879551824685
-1.0042687305257638,0.05960546552681911,0.07529932712800201
0.37310423556778083,-0.9552142636712971,-0.22858724866927196
1.1135502505032524,-0.9552142636712971,-1.97169718030266
-2.0387344178427855,1.2468684386726134,0.9885270928373151
1.0409714714796316,-0.9552142636712971,-0.6803881552897209
-0.3205241028950956,-0.36158277709840037,0.49920005715150273
0.35320414268627925,0.6532369520997158,0.5994638252306488
1.068539064558348,-0.9552142636712971,-0.3663304652077242
0.7621008264266822,-0.36158277709840037,-0.12338342015680664
-0.6613614517492411,-0.9552142636712971,-1.7943588530109997
-2.341296235524383,-0.36158277709840037,-0.8370371745504014
0.36322052473557237,0.05960546552681911,-0.18826283667570817
-2.0387344178427855,4.095827600438109,2.9052094927405694
-0.4565741366045355,0.6532369520997158,0.2568915338912968
0.6353205921544528,-0.9552142636712971,-0.9695830771596777
0.8018323761266101,0.05960546552681911,0.5162353889744687
-0.017962285213498085,-0.36158277709840037,-0.014606964541377939
-1.5215015741842748,-0.36158277709840037,-0.09873600081956217
-0.9445401209818783,2.3408466559766334,1.6944637195821426
0.25643735030730064,-0.9552142636712971,-0.9422406315023093
0.8854115876894589,-0.36158277709840037,-1.198520685049001
-0.0874272207859269,-0.36158277709840037,0.7359808372167871
0.25643735030730064,-0.9552142636712971,1.0213438739031284
0.6421981455264346,0.05960546552681911,0.6396206047370288
-2.341296235524383,1.5406654655354899,1.2809528634666847
-0.6230859205766931,0.05960546552681911,-0.17432067381029545
-1.0691974256329595,-0.9552142636712971,-1.0144225303872942
-1.0042687305257638,0.3863044476016779,0.2598462966002091
-0.6230859205766931,-0.36158277709840037,-0.052299376506039594
0.2901066368625376,-0.36158277709840037,0.443687362005907
0.36322052473557237,-0.36158277709840037,-0.24306506142748266
-1.5215015741842748,1.074425194724936,1.316907860737077
-2.0387344178427855,-0.9552142636712971,-1.0338220895114918
-0.8377569465536066,1.074425194724936,1.228354418535668
1.2793336700851932,-0.9552142636712971,-0.7447321576616523
0.5237386278211207,-0.9552142636712971,-0.7094354588360849
-0.4870358868672529,0.05960546552681911,0.35089964760457
-0.7017069128441668,0.8789251688960825,1.2573396245179527
-0.4565741366045355,-0.9552142636712971,-0.7222478447356111
-0.37200722237130046,0.8789251688960825,0.8221089821381644
-0.3991450951625692,0.6532369520997158,1.0996236068141036
1.2909030376243227,-0.36158277709840037,-0.164306947163443
0.9605652887470136,-0.36158277709840037,-0.5627347804592842
-0.4273072773233673,-0.36158277709840037,0.29948439433696805
-0.6613614517492411,0.8789251688960825,0.7064202703779414
-1.306830548207361,1.9947556633726906,2.0550852285628625
-0.3205241028950956,-0.36158277709840037,-1.0897606675420255
-0.10585307691818248,0.05960546552681911,0.5467678849665133
1.2734810184474739,-0.9552142636712971,-1.2408857490699254
0.1841671134665053,-0.9552142636712971,-0.0578900883629799
1.0369487703169469,-0.9552142636712971,-0.6799249223548669
-1.0042687305257638,-0.36158277709840037,0.3096000922370131
-2.0387344178427855,3.3556663851747497,1.6376998240561509
0.5778915507124864,-0.36158277709840037,-1.173474421469204
-2.341296235524383,0.3863044476016779,0.9827752566466187
0.2211768101395232,-0.36158277709840037,-0.4288971626834628
1.2217880243366335,-0.9552142636712971,-0.9218193024284168
1.0646626441082796,0.3863044476016779,0.5394687012610138
1.0165034021035235,-0.36158277709840037,0.42428665698623375
-0.12474545964177015,0.8789251688960825,0.5520157275698462
1.1025494233790782,-0.36158277709840037,-0.6980098689246164
0.014486707924192264,0.6532369520997158,0.7232527685896761
1.2090862834765006,-0.9552142636712971,-1.0846067743328023
0.27905148268373375,-0.9552142636712971,-1.30128207102777
1.237367071575486,-0.9552142636712971,-0.6648887434202781
1.2122820453568492,-0.9552142636712971,-0.37172389512765197
0.4019933629965244,0.05960546552681911,0.346152886010097
0.1841671134665053,0.05960546552681911,-0.18418638385474065
-0.7017069128441668,1.8937448980941993,1.9971517201084505
0.6213723494390907,0.3863044476016779,-0.3800067691329713
0.10413950578058002,1.5406654655354899,0.4096295202632201
0.8128062394661227,0.05960546552681911,0.44415026030482596
1.3354660834710605,-0.36158277709840037,-0.12671116183903539
1.4293409429987136,-0.9552142636712971,-0.6587024964226303
-1.218939756502677,0.6532369520997158,0.8225558304919631
-1.0042687305257638,-0.36158277709840037,-0.08340702548813445
1.356787798536271,-0.36158277709840037,-0.5828111404812142
-0.6613614517492411,0.6532369520997158,0.3717002975586479
-0.4870358868672529,0.05960546552681911,0.376930494120447
1.3698109782739254,-0.9552142636712971,0.4870465575160637
-0.7017069128441668,0.05960546552681911,-0.7219222923800372
0.33275877447285523,-0.9552142636712971,-0.9574524026624477
0.25643735030730064,-0.9552142636712971,-0.7113334921272977
0.35320414268627925,0.3863044476016779,1.4301728944269798
1.438816743455106,-0.36158277709840037,-0.36428706202472494
-1.8240633918658722,0.3863044476016779,0.9755408415374144
1.2465607310954292,-0.9552142636712971,-1.4864038054859923
-1.1403187642352037,1.074425194724936,0.23819949139960522
-2.341296235524383,0.3863044476016779,0.7175100456824292
1.2966211442140112,-0.9552142636712971,-0.8410603243756022
0.7621008264266822,-0.9552142636712971,-1.0015162818755676
0.36322052473557237,-0.9552142636712971,-1.2372461661088463
0.35320414268627925,0.3863044476016779,0.1629496461539669
-0.5519645819744484,0.05960546552681911,0.5156126132044551
0.20904305891646366,0.05960546552681911,0.8543660048121883
0.473972906706051,-0.9552142636712971,-0.11584534053411108
0.4019933629965244,-0.9552142636712971,-1.4069052831374462
0.19670874076341505,0.8789251688960825,1.2772414811411763
-2.341296235524383,0.05960546552681911,0.30946675117430184
-0.2960560335189878,-0.9552142636712971,-1.3875555424706292
-0.22712620679597337,0.6532369520997158,1.3485896861779985
-0.06944540468970327,0.6532369520997158,-0.051447234345088015
-0.7895977045488505,-0.36158277709840037,-0.11379840770932875
-0.20549543839914347,1.074425194724936,0.8957912575583722
0.4113797667403285,-0.36158277709840037,-0.680285191300776
1.1171814462747254,-0.36158277709840037,-0.32172624810705275
-0.20549543839914347,-0.9552142636712971,-0.9816760980480645
1.0329042657894636,0.05960546552681911,-0.7866269209407195
-2.0387344178427855,2.8000649690066,1.6603699106514123
-2.341296235524383,1.074425194724936,1.2367789375477467
-0.034731738315937795,1.074425194724936,0.4510057770790627
0.473972906706051,0.05960546552681911,-0.110574458620723
-0.0874272207859269,-0.36158277709840037,-0.7663781750252355
-0.9445401209818783,0.05960546552681911,-0.12356225173892223
0.5551626080798789,-0.36158277709840037,-0.05380745432835664
-0.3991450951625692,1.074425194724936,0.18671444270334206
1.4458454540573504,-0.9552142636712971,-1.63564119227793
0.27905148268373375,1.7852452398084835,1.302212481418634
0.36322052473557237,0.3863044476016779,1.3749984289677935
-0.3458217546340572,-0.36158277709840037,-0.17233497596303096
-1.4064729096883226,0.3863044476016779,-0.1582519529085529
-1.306830548207361,-0.9552142636712971,-1.143318029754615
1.1560001359755843,-0.9552142636712971,-1.2927810337964576
0.4388506943278125,0.05960546552681911,0.7209474137461429
0.45661842083469495,-0.36158277709840037,0.05471321673278554
0.8551557166551218,0.05960546552681911,0.687287045913635
-0.6230859205766931,-0.36158277709840037,-0.8764675773457568
-0.06944540468970327,-0.36158277709840037,0.13180979631096945
0.9912057503645619,-0.9552142636712971,-1.0743559249977306
-0.7017069128441668,-0.36158277709840037,-0.6045770057536589
1.2435087462334857,-0.9552142636712971,-0.8788762944321337
-0.8892400660298114,1.7852452398084835,0.8394932471957269
1.120795057494147,-0.9552142636712971,0.5126577852575862
0.07543561088562381,-0.36158277709840037,-0.7266831905144134
-0.4870358868672529,0.6532369520997158,0.006897376133282091
-1.0691974256329595,2.3408466559766334,1.7675011684364654
-0.4273072773233673,0.3863044476016779,0.6700290622753681
-0.7895977045488505,-0.36158277709840037,-0.3496868870638643
1.4221542814287025,-0.9552142636712971,-1.43801084650238
0.9144883541766984,-0.9552142636712971,0.05827802818547773
1.417324431178634,-0.9552142636712971,-1.2897826869458047
0.25643735030730064,-0.9552142636712971,-0.014718356727076921
-0.7443590504544844,1.4011241767997944,0.9754735475519632
-0.7895977045488505,-0.36158277709840037,-0.5139359668371861
-1.0042687305257638,0.8789251688960825,0.7977185115782113
0.2678300793656594,0.05960546552681911,0.34240888036043254
-0.16402870097223238,0.3863044476016779,-0.8513678078092168
0.6421981455264346,0.6532369520997158,0.809636266983983
0.11808774849594178,-0.9552142636712971,-0.478573525258025
-1.4064729096883226,-0.36158277709840037,-0.07042067735126764
0.03019695679125805,-0.9552142636712971,-1.1975824872076604
-2.341296235524383,2.555485194733606,1.5563692699527893
1.4293409429987136,-0.9552142636712971,-0.9477713168595662
-0.0015614215275583125,-0.36158277709840037,-0.036262882979044994
0.2678300793656594,-0.9552142636712971,-0.4172581202316251
-0.3991450951625692,-0.9552142636712971,-1.1766404797483854
-0.3205241028950956,0.05960546552681911,-0.7644014179713174
-0.0874272207859269,-0.9552142636712971,-0.05691445040185822
-0.9445401209818783,1.074425194724936,0.3172811718096884
0.49927055844501256,0.05960546552681911,0.3684671680004636
-0.4565741366045355,0.3863044476016779,0.6204423037647333
1.4458454540573504,-0.9552142636712971,-0.4382377931863422
-0.0874272207859269,0.05960546552681911,-0.22844146187533323
0.9954820328900365,-0.9552142636712971,-1.116489235794217
0.7013999571250162,-0.9552142636712971,-0.9684726053242696
-0.27236486089033946,0.6532369520997158,0.0021892672200651744
1.2734810184474739,-0.9552142636712971,-0.8223138245988225
0.19670874076341505,0.6532369520997158,0.6465633292321961
-0.4870358868672529,1.6680566812978321,1.8854633642184313
-1.5215015741842748,1.074425194724936,0.8174546233201985
0.5853165797205673,1.6680566812978321,1.1454670389130956
-0.4273072773233673,0.6532369520997158,0.8508162962849507
-0.22712620679597337,0.6532369520997158,0.6011234206464973
0.30100039615403923,-0.9552142636712971,0.3089479898182049
-0.14412860809073014,0.6532369520997158,0.21300765860143966
0.10413950578058002,0.05960546552681911,0.08158085117379986
-0.7443590504544844,-0.9552142636712971,-1.407612021776791
0.36322052473557237,-0.9552142636712971,0.2805042894111758
1.1560001359755843,-0.9552142636712971,-0.6687353496825562
-0.27236486089033946,0.05960546552681911,-0.26534972794500694
-0.7443590504544844,0.3863044476016779,1.0207265580500757
0.7201342279169752,-0.9552142636712971,-0.8382608220948992
-1.0691974256329595,0.3863044476016779,0.6512274210442783
1.2851407753342434,-0.36158277709840037,-0.5861194204153253
-0.7017069128441668,0.8789251688960825,0.7371192388221566
-0.18447406918565573,-0.36158277709840037,-1.6153491737940402
0.014486707924192264,0.05960546552681911,0.3265799194814927
-0.034731738315937795,0.8789251688960825,1.045484125204229
0.68218320610311,-0.36158277709840037,0.19938286970544697
0.9560835379863235,-0.36158277709840037,-0.5139359668371861
-1.0042687305257638,-0.36158277709840037,-0.508754232056788
-1.0691974256329595,0.6532369520997158,1.025227394413082
1.120795057494147,-0.36158277709840037,0.6091106994115904
0.473972906706051,0.05960546552681911,0.15411715900227188
1.0165034021035235,-0.9552142636712971,-1.0641938893344687
0.20904305891646366,0.05960546552681911,-1.6993603926887635
0.8804533683940841,-0.9552142636712971,-0.7030264382076223
-1.8240633918658722,2.555485194733606,1.7177719702698122
0.08992556633514397,-0.36158277709840037,-0.9512747911685989
0.37310423556778083,-0.9552142636712971,-0.5790632222709577
1.4026444313479698,-0.36158277709840037,-1.0771500903595037
-0.6230859205766931,-0.36158277709840037,-0.49783605830824185
0.8903370792262918,-0.36158277709840037,-0.31679094982643785
0.895230272225732,-0.9552142636712971,-0.9019776395747704
-2.341296235524383,0.3863044476016779,1.297749497396704
-0.6613614517492411,0.3863044476016779,0.10446915471534864
1.048952395241215,-0.9552142636712971,-1.975628239666015
1.3646289487086452,-0.9552142636712971,-1.9049140686115797
-1.8240633918658722,1.074425194724936,1.1580507724985487
1.0329042657894636,-0.9552142636712971,-1.8263656301039148
0.24486798276817184,-0.9552142636712971,0.17959302482976922
0.19670874076341505,-0.9552142636712971,-1.1395015277025937
-0.4273072773233673,0.05960546552681911,0.5702270629625188
-1.6575516078937147,3.786455156566632,3.5716685184309815
-0.27236486089033946,2.0892449239230517,0.9835020685926883
-0.10585307691818248,-0.9552142636712971,-1.2419286987570999
0.9097202276752518,-0.9552142636712971,-0.6781773639856262
-0.3991450951625692,1.5406654655354899,0.8980093550648969
1.4435098989158772,-0.9552142636712971,-1.5722925950305504
-1.5215015741842748,1.4011241767997944,0.9187316827969073
-1.218939756502677,0.05960546552681911,-0.015320144474321841
1.4075699228848029,-0.9552142636712971,-0.6231141107202913
1.3135171700007557,-0.36158277709840037,0.08366042664886221
1.3245723241795595,-0.9552142636712971,-0.740222974133453
-1.6575516078937147,1.8937448980941993,1.7174973938100961
-0.24940276429285158,-0.9552142636712971,-1.102618367873036
1.1662457329732419,-0.36158277709840037,-0.838386431001051
1.2556424974565459,-0.9552142636712971,-0.9148735533787842
1.3515142129228124,0.6532369520997158,0.3136489151630618
1.3190652197851211,-0.9552142636712971,-1.312950292513532
-0.24940276429285158,0.8789251688960825,0.5467733809886401
1.252627506451775,-0.36158277709840037,-0.6834057688286255
-0.7895977045488505,0.6532369520997158,0.28688657111158955
0.7013999571250162,0.3863044476016779,0.07722671102154786
-0.16402870097223238,-0.9552142636712971,-0.25820489994165313
0.7906947177453308,0.05960546552681911,0.9415804417024483
1.159430989184945,-0.9552142636712971,-1.0220227377882927
0.07543561088562381,1.2468684386726134,0.7971732549457702
-0.10585307691818248,-0.36158277709840037,0.31532005033614013
-0.3205241028950956,-0.36158277709840037,-0.6166968062671851
-0.14412860809073014,0.8789251688960825,0.26717768215696724
0.8128062394661227,-0.36158277709840037,0.028848170598586294
1.1662457329732419,-0.36158277709840037,-0.13709062336070396
-0.3458217546340572,-0.9552142636712971,-0.3086222054765994
-0.4273072773233673,0.3863044476016779,1.095578371931151
-1.5215015741842748,-0.36158277709840037,0.004432631341754064
1.0988461440238422,-0.9552142636712971,-0.6022870597494896
-0.6613614517492411,-0.9552142636712971,-0.9572700211246266
1.237367071575486,-0.9552142636712971,-0.576687353393635
0.34305147915390505,0.05960546552681911,-0.065275481257647
-0.7017069128441668,1.7852452398084835,1.155098596961018
-1.8240633918658722,1.074425194724936,0.4878045915394416
0.5474298004497687,-0.36158277709840037,0.3159522509179142
0.9424744813034064,-0.9552142636712971,-0.7004085906855877
1.5641979960247516,-0.9552142636712971,-1.747656442927518
0.5551626080798789,0.6532369520997158,0.21227961402377568
0.13178004565621987,0.6532369520997158,0.6508128702758469
1.3698109782739254,-0.9552142636712971,-0.7104774793372037
0.7444033346846438,0.8789251688960825,0.38276854625481804
1.3698109782739254,-0.9552142636712971,0.016798402518033186
0.895230272225732,-0.36158277709840037,-0.7478366207172088
-1.6575516078937147,1.4011241767997944,0.8467308255382222
-2.0387344178427855,1.9947556633726906,1.5624557269080694
-0.9445401209818783,1.074425194724936,1.175958109792281
-0.22712620679597337,-0.36158277709840037,-0.07605655629300549
0.13178004565621987,-0.36158277709840037,-0.7361809455656618
0.07543561088562381,-0.36158277709840037,0.3086662346390374
1.1662457329732419,-0.9552142636712971,-0.6829666000522363
0.24486798276817184,-0.9552142636712971,0.682802644649058
0.33275877447285523,0.05960546552681911,0.586651675358689
-2.0387344178427855,3.3556663851747497,2.5155856584235843
-2.0387344178427855,1.5406654655354899,1.0712313324160492
0.25643735030730064,0.3863044476016779,1.0238053378489667
-0.20549543839914347,0.05960546552681911,0.3463085041219455
0.4388506943278125,-0.9552142636712971,-0.5897859899989345
-2.341296235524383,3.192823669993736,2.842302692085028
0.6071584099936543,-0.9552142636712971,-1.1104517279017465
-1.306830548207361,-0.36158277709840037,-0.5560363876452608
1.2675821003089163,-0.9552142636712971,-1.3748714663327943
-0.8892400660298114,0.8789251688960825,0.17859790217058366
-1.0691974256329595,1.6680566812978321,0.970277949518717
1.5501371094479746,-0.9552142636712971,-0.9094976982856451
0.3828587438616125,-0.36158277709840037,-0.6769973674101675
-1.6575516078937147,-0.9552142636712971,-0.5811053498551676
0.7679079316757323,-0.36158277709840037,0.5848620187677166
0.27905148268373375,-0.36158277709840037,-1.0392218411118108
-2.341296235524383,3.9747606942536606,3.126686511118019
0.7013999571250162,-0.36158277709840037,-0.04138432257304742
1.4245575339360348,-0.9552142636712971,-0.20809187109968758
0.2901066368625376,-0.9552142636712971,-0.6375928883187969
0.8289702489178785,0.05960546552681911,1.466543014654887
1.2793336700851932,-0.9552142636712971,-0.7634863273185164
-0.27236486089033946,1.074425194724936,1.0097930047879893
0.10413950578058002,-0.36158277709840037,0.1922286195351593
0.25643735030730064,-0.9552142636712971,-0.8249340958401769
1.5501371094479746,-0.9552142636712971,-1.4749179833405097
-1.4064729096883226,0.6532369520997158,0.6978047877482623
1.412463115884243,-0.9552142636712971,-1.2225975799384774
-0.3205241028950956,0.05960546552681911,0.5759110615162265
1.0369487703169469,0.05960546552681911,0.09158372383084126
-0.05188672966437643,0.05960546552681911,-0.2360286270711186
-0.0874272207859269,0.3863044476016779,0.5026178697744145
0.5237386278211207,-0.36158277709840037,0.617259956005184
-0.5187942651860693,0.3863044476016779,1.3610125276846379
-0.4565741366045355,-0.36158277709840037,-0.18934593751884998
-0.3205241028950956,-0.36158277709840037,-0.5070137705728709
1.4051112410606752,0.05960546552681911,0.3587438099252699
0.8602843228124161,-0.36158277709840037,-0.5015273215516195
-1.4064729096883226,-0.36158277709840037,-0.10974540045617796
-0.6230859205766931,-0.36158277709840037,0.22011902663992255
-0.22712620679597337,0.6532369520997158,0.675348311293476
1.0039617748066132,-0.9552142636712971,-1.064068725534293
0.1841671134665053,0.05960546552681911,-0.45335693739967203
-0.5187942651860693,-0.9552142636712971,-0.9847660810256583
-0.7443590504544844,0.8789251688960825,0.8800815499971867
-0.6230859205766931,-0.9552142636712971,-2.0778182564865486
0.9286126103988395,-0.9552142636712971,-0.5052151590163445
-0.4273072773233673,0.3863044476016779,0.11090569995716593
1.1421167725593575,-0.36158277709840037,-0.7940173136898474
-1.4064729096883226,0.3863044476016779,-0.05772543892597273
1.2734810184474739,-0.9552142636712971,-1.6961194369399695
0.19670874076341505,1.4011241767997944,1.2231058632810148
-1.0042687305257638,-0.9552142636712971,-0.5525000128049401
0.2678300793656594,-0.9552142636712971,-0.6669615732127142
-0.4273072773233673,0.05960546552681911,0.1393887857548628
0.5237386278211207,0.05960546552681911,0.4348153658092639
0.10413950578058002,-0.36158277709840037,0.5962788087474782
0.7736701939658116,-0.9552142636712971,0.6254459773068627
0.5551626080798789,0.05960546552681911,1.0289182698814325
0.17141108902445348,-0.9552142636712971,0.3229900101347885
-1.1403187642352037,2.8000649690066,1.91716496291974
0.9738512644932059,0.05960546552681911,-0.4956703084515314
0.17141108902445348,-0.9552142636712971,-0.9599369558898944
1.4619928068665424,-0.9552142636712971,-1.0168561327210703
-2.341296235524383,0.6532369520997158,0.4290364273381999
-0.6613614517492411,1.2468684386726134,0.8840139168040045
1.2586453556679202,-0.9552142636712971,-0.6853979897264562
0.1841671134665053,0.3863044476016779,-0.2931330627413783
0.36322052473557237,-0.9552142636712971,-1.271863776506325
-0.27236486089033946,0.05960546552681911,0.2584966852183156
-1.306830548207361,-0.36158277709840037,1.1764534850715227
0.7384096537980341,0.3863044476016779,1.1488829395254951
-2.0387344178427855,1.2468684386726134,1.0639339058578752
-0.4870358868672529,1.8937448980941993,1.729450195408911
0.7201342279169752,0.05960546552681911,-0.4934290550693479
1.531660558029954,-0.9552142636712971,-0.23389749639561078
0.13178004565621987,0.6532369520997158,0.7153924579355554
0.25643735030730064,-0.9552142636712971,-1.4072264500634455
0.473972906706051,-0.9552142636712971,-1.4431026944396195
0.14522562128721084,-0.9552142636712971,0.44523139065292267
-0.5519645819744484,1.8937448980941993,1.1832010732363305
-1.6575516078937147,2.487376384667096,2.512773056293573
-1.8240633918658722,0.6532369520997158,0.3933381814901725
-1.0042687305257638,0.6532369520997158,1.0357857428582873
-1.306830548207361,0.6532369520997158,0.06492681299401343
1.0568488631984492,-0.36158277709840037,-0.28488964517379983
0.33275877447285523,-0.9552142636712971,-0.8655390424653289
1.1135502505032524,-0.9552142636712971,-0.5794032126708244
0.7201342279169752,-0.36158277709840037,-0.15671874601507307
0.5317195515827039,-0.9552142636712971,-0.43973873139788416
-2.341296235524383,1.5406654655354899,0.7573912655967625
-0.37200722237130046,0.3863044476016779,-0.10852850365237042
1.3951946930149468,-0.9552142636712971,0.09798972067242664
-0.4565741366045355,0.05960546552681911,-0.19919035476312416
-0.3458217546340572,0.3863044476016779,1.0112280794035007
0.07543561088562381,-0.9552142636712971,-0.6715816524604878
1.4619928068665424,-0.9552142636712971,-1.2181285270609021
-0.7443590504544844,-0.36158277709840037,-0.4956295019229316
1.0329042657894636,0.05960546552681911,0.016466420462489563
0.34305147915390505,0.6532369520997158,1.0910636943862573
-0.14412860809073014,-0.36158277709840037,-0.6186951643217304
0.4206495661775393,0.3863044476016779,0.9396182992810049
0.17141108902445348,1.4011241767997944,1.007493944125657
-0.9445401209818783,-0.36158277709840037,-0.1167441174137368
0.07543561088562381,-0.36158277709840037,-0.777993741701043
0.07543561088562381,-0.36158277709840037,0.40768084025175294
0.19670874076341505,-0.36158277709840037,-0.5032351968013824
1.5190836997772748,-0.9552142636712971,-1.1395015277025937
0.13178004565621987,-0.9552142636712971,-0.5758292625332174
-2.0387344178427855,0.8789251688960825,0.7382041794720553
0.5317195515827039,0.3863044476016779,-0.05370214668282096
-0.4870358868672529,-0.9552142636712971,-0.9323177447309435
0.37310423556778083,-0.9552142636712971,-0.5806737968528426
-1.0042687305257638,0.3863044476016779,-0.35389202973033695
0.9738512644932059,-0.36158277709840037,0.11855383199857113
0.1841671134665053,-0.36158277709840037,-0.6075779275472493
0.5551626080798789,-0.36158277709840037,0.42368371596077165
1.3876698300033006,-0.9552142636712971,-0.6812123477904195
0.6490128893147309,-0.36158277709840037,-0.13943307308359829
1.305116977069759,-0.9552142636712971,0.19007919552906358
1.0206375359937399,-0.9552142636712971,-0.5203715520913278
0.9738512644932059,-0.9552142636712971,-1.203476906585054
-0.18447406918565573,-0.9552142636712971,-1.8300757475955631
-0.4870358868672529,0.05960546552681911,-0.19368758118690263
-0.7017069128441668,0.3863044476016779,0.1152404761376324
-0.5187942651860693,0.6532369520997158,1.5506462109213706
0.4113797667403285,0.05960546552681911,-0.203487370204273
0.2678300793656594,-0.9552142636712971,-1.645984863858336
1.5378703796522515,-0.9552142636712971,-1.5527651372495304
-1.8240633918658722,0.8789251688960825,0.9587534825366975
-1.0042687305257638,0.3863044476016779,0.020856630913905036
1.0039617748066132,0.05960546552681911,-0.05816065794208233
1.1628461404940136,-0.36158277709840037,1.1908873305910002
-1.306830548207361,1.074425194724936,1.2530551620548822
-2.0387344178427855,-0.36158277709840037,-0.39712442015220417
0.9049214377701915,-0.36158277709840037,-0.6420939428507919
-1.5215015741842748,0.6532369520997158,0.2696195070040155
0.4113797667403285,0.05960546552681911,-0.15889277612368202
-0.5519645819744484,-0.36158277709840037,-0.9101161365969206
-0.5187942651860693,-0.36158277709840037,-1.1519844159753085
1.419743263956323,0.3863044476016779,-0.06990704437888633
0.8653779211463577,-0.9552142636712971,-1.7368836309952946
-1.306830548207361,2.3408466559766334,2.002085858067262
-0.6230859205766931,1.2468684386726134,1.0602901529810589
0.33275877447285523,-0.36158277709840037,-1.0609460199544647
1.3672244617898772,-0.9552142636712971,-0.7996504264561644
0.06065870705397517,-0.9552142636712971,-0.44605847588607955
-0.27236486089033946,0.8789251688960825,0.969777819499458
1.1243912536521652,-0.9552142636712971,-0.5605178421003101
-0.7895977045488505,-0.36158277709840037,-1.0342237916771253
0.35320414268627925,-0.9552142636712971,0.14379040156608455
0.20904305891646366,-0.9552142636712971,-1.020876087230933
-0.10585307691818248,0.3863044476016779,0.7523153063506597
-0.2960560335189878,1.7852452398084835,1.0143956809395884
-0.37200722237130046,0.6532369520997158,0.18870913127311026
-1.6575516078937147,2.0892449239230517,1.8070499862549
-0.7017069128441668,-0.9552142636712971,-0.648250643310903
-0.5866782483482139,0.8789251688960825,1.38445568315806
0.27905148268373375,-0.36158277709840037,0.4417954360667609
1.1456119042818538,-0.9552142636712971,-0.6712253066304156
-0.9445401209818783,0.8789251688960825,0.12813264502107696
-0.2960560335189878,-0.9552142636712971,-1.7757557983383605
-0.034731738315937795,1.4011241767997944,1.2418305372752076
-1.6575516078937147,0.8789251688960825,0.9069705683610906
-0.7895977045488505,0.6532369520997158,0.5180552088607716
-1.0691974256329595,1.7852452398084835,1.3358494359294424
1.1386051930976016,-0.9552142636712971,-0.10516352675614317
0.014486707924192264,0.05960546552681911,0.8218601924519009
0.8018323761266101,-0.36158277709840037,-0.24978990851720115
-0.034731738315937795,1.074425194724936,1.4636389519446722
-1.0691974256329595,0.6532369520997158,1.0931446267712033
0.6950492016983384,0.05960546552681911,0.22386554427433564
1.0913839892534942,-0.36158277709840037,-0.03364603277338517
1.3435332891612286,-0.9552142636712971,-0.6278950553816307
0.6557659603678762,0.05960546552681911,-0.3395972227776504
0.3924873840167408,-0.9552142636712971,-0.2874290635498807
0.11808774849594178,-0.9552142636712971,0.18597055060759332
0.9424744813034064,0.3863044476016779,1.4206362386223825
0.03019695679125805,0.05960546552681911,0.5338075388028959
-0.7017069128441668,-0.36158277709840037,-0.09630044083096231
0.9097202276752518,0.05960546552681911,-0.10987095974983754
1.1863243234655771,-0.9552142636712971,-0.396980238811539
-1.306830548207361,-0.36158277709840037,-0.17232139238603403
0.7323674405541809,-0.36158277709840037,-0.6305501840542602
0.2211768101395232,-0.9552142636712971,-1.5312991096885018
0.24486798276817184,-0.36158277709840037,-0.34863482951833386
-0.6613614517492411,1.2468684386726134,0.9360196333874568
-1.306830548207361,2.41594390599791,2.518648575947111
-2.0387344178427855,1.6680566812978321,1.12054307540272
-0.5187942651860693,0.05960546552681911,-0.08881808181730691
-0.3205241028950956,0.6532369520997158,0.5373803811140581
1.362024376226567,-0.9552142636712971,-0.11649083797646621
1.0039617748066132,-0.36158277709840037,-1.2636164535497614
0.4019933629965244,0.05960546552681911,0.6077782619720616
-0.22712620679597337,-0.9552142636712971,-1.237246166108847
-0.06944540468970327,1.7852452398084835,1.2630797758198606
1.3107275994304497,-0.9552142636712971,-1.2952883264878812
-0.37200722237130046,0.3863044476016779,-0.09184431211603407
0.6490128893147309,0.3863044476016779,0.6568123651153189
1.3594106808800466,-0.9552142636712971,-1.2229032052008912
-1.1403187642352037,0.6532369520997158,0.46803284338978135
1.412463115884243,-0.9552142636712971,-0.45310548112560195
-0.7017069128441668,0.3863044476016779,1.61991827262682
-0.24940276429285158,-0.36158277709840037,0.022240228391898664
-2.341296235524383,2.6828764104959486,2.4375833898226804
-0.5866782483482139,-0.9552142636712971,-0.9269985227421572
0.7444033346846438,-0.36158277709840037,-0.813073414063077
0.2678300793656594,-0.9552142636712971,-1.630009039623681
0.6283790606233428,-0.9552142636712971,-0.00010419429259077511
-2.341296235524383,2.6828764104959486,1.9213858038033684
-0.4565741366045355,2.2616881678707283,1.7053121844712378
1.3135171700007557,-0.9552142636712971,-1.0890715475789958
-1.5215015741842748,2.41594390599791,1.6961464646360567
-1.0691974256329595,1.7852452398084835,2.1197851947165933
-0.3205241028950956,0.6532369520997158,0.4834955061000988
1.3135171700007557,-0.9552142636712971,-1.2354326061260856
0.25643735030730064,-0.36158277709840037,-0.5243384459197944
1.4481737219634514,-0.9552142636712971,-0.7962181173760744
-1.6575516078937147,1.2468684386726134,0.5426737990284175
-0.24940276429285158,-0.9552142636712971,-1.2432865827857305
-1.5215015741842748,0.05960546552681911,0.20724879896175077
0.7736701939658116,-0.9552142636712971,-1.4335488793043139
-0.06944540468970327,0.6532369520997158,-0.2965243956345565
0.5999486026162144,0.8789251688960825,0.2927263573947839
0.7503492566504052,-0.9552142636712971,-0.5234927660873284
-0.22712620679597337,-0.9552142636712971,-2.183086162918538
1.4051112410606752,-0.36158277709840037,0.18966584005647594
1.5460705639150825,-0.9552142636712971,-1.094904832918326
-1.6575516078937147,1.4011241767997944,0.2567648815596969
-2.0387344178427855,2.3408466559766334,1.435159269732687
-1.8240633918658722,-0.9552142636712971,-1.0558924867790132
-1.0691974256329595,1.8937448980941993,3.3704585651567345
0.17141108902445348,-0.9552142636712971,-1.2039742329764833
1.4597073249619175,-0.9552142636712971,-1.7806741897822131
-1.218939756502677,1.9947556633726906,1.3707282762182995
-0.9445401209818783,-0.9552142636712971,-0.4081229033438779
-1.6575516078937147,2.2616881678707283,3.5731964935555878
-0.14412860809073014,-0.9552142636712971,-1.2628124802413692
-0.7443590504544844,1.6680566812978321,1.1541521942106316
0.8236210556992564,-0.9552142636712971,-1.0539129869084636
0.36322052473557237,0.8789251688960825,1.6746848064131383
-1.5215015741842748,0.6532369520997158,0.3343722772889602
0.9097202276752518,-0.36158277709840037,-0.9597905904863648
1.231174428080437,-0.9552142636712971,0.44188951227075673
0.10413950578058002,1.074425194724936,1.0442801169093545
-0.27236486089033946,-0.36158277709840037,-0.15374079089783851
0.35320414268627925,-0.9552142636712971,-1.279869117055889
-1.6575516078937147,1.7852452398084835,1.6346549085853541
-0.8377569465536066,0.3863044476016779,-0.036801033150320905
-0.4870358868672529,1.074425194724936,1.1042399575170307
-1.6575516078937147,0.3863044476016779,0.7388820554905662
1.3327575169453991,-0.36158277709840037,-0.49970005408082085
-0.5866782483482139,0.6532369520997158,0.5117910152686851
0.8551557166551218,-0.9552142636712971,-1.6512076266697098
-1.6575516078937147,0.3863044476016779,1.066570076863357
0.45661842083469495,-0.9552142636712971,-0.43465840251586046
-1.0042687305257638,0.05960546552681911,1.0493773021412538
-1.218939756502677,0.05960546552681911,-0.021734011564228734
0.7384096537980341,0.05960546552681911,-0.01772068048787981
0.2211768101395232,-0.36158277709840037,-0.10287001111509064
-2.0387344178427855,0.6532369520997158,0.3471779898488242
1.4458454540573504,-0.9552142636712971,-0.32647797190166866
-2.0387344178427855,1.6680566812978321,1.2687964890059402
0.7793883005555002,0.05960546552681911,-0.1435490474850238
-2.0387344178427855,2.0892449239230517,1.482091269020855
-2.0387344178427855,-0.36158277709840037,0.2269043441349734
0.014486707924192264,-0.9552142636712971,-0.4417952443131622
-1.6575516078937147,-0.36158277709840037,0.20115080157852286
-1.8240633918658722,0.3863044476016779,0.18405572100579956
1.5622054467539612,-0.9552142636712971,-0.6699285392160788
0.8018323761266101,-0.9552142636712971,-1.4528407984851726
0.03019695679125805,0.3863044476016779,1.3026648354149557
-1.1403187642352037,0.6532369520997158,1.3926574674222654
0.4019933629965244,-0.36158277709840037,-0.32238223456408194
1.2154641792133722,-0.9552142636712971,-1.2117228567045948
1.172998804026387,-0.9552142636712971,-0.3851389710111933
-0.16402870097223238,-0.36158277709840037,-0.07698370341778463
0.37310423556778083,-0.36158277709840037,-0.12330679036718345
1.231174428080437,-0.36158277709840037,0.4901806017735829
1.3107275994304497,-0.9552142636712971,-1.4330177774233372
-1.0691974256329595,3.9233843564904327,4.039734762880841
-0.5866782483482139,-0.36158277709840037,-0.4246874439846203
-0.0874272207859269,-0.9552142636712971,-0.28354484881389724
-0.5866782483482139,1.6680566812978321,1.471868323890555
1.1560001359755843,0.05960546552681911,0.328419450052486
0.9954820328900365,-0.36158277709840037,-0.7291154322895494
0.4825011053425735,0.3863044476016779,0.9648143480610682
0.33275877447285523,-0.36158277709840037,0.6433088723404496
1.3381648540746935,-0.9552142636712971,-1.4218804040945339
-0.10585307691818248,0.3863044476016779,-0.2020477482674525
0.5703918970472569,-0.9552142636712971,-0.5477583570836844
-1.0042687305257638,0.3863044476016779,-0.3776816636073209
-0.22712620679597337,-0.9552142636712971,-1.335051587468375
0.20904305891646366,0.05960546552681911,1.1838251076737762
1.3926948271642658,0.3863044476016779,-0.1821209034902419
0.473972906706051,0.3863044476016779,-0.22078165767846308
-1.1403187642352037,1.074425194724936,0.6278219056229748
-0.06944540468970327,-0.36158277709840037,-0.02687548883844595
-1.0042687305257638,2.8000649690066,1.4918916100479145
0.2901066368625376,-0.9552142636712971,-0.37408413618844505
1.4733163816448338,-0.9552142636712971,-1.0307757704733251
-0.27236486089033946,0.8789251688960825,0.8262337407223869
-2.0387344178427855,2.0892449239230517,1.4759299333038647
-2.0387344178427855,1.8937448980941993,1.481150519212217
0.30100039615403923,-0.36158277709840037,0.12860717312413059
-1.5215015741842748,2.555485194733606,2.184274142091127
1.1062344148605145,-0.36158277709840037,0.2639363523887763
0.6353205921544528,-0.9552142636712971,-0.6118644688837352
-0.6613614517492411,0.3863044476016779,-0.027067811356002475
1.1628461404940136,-0.9552142636712971,-1.0813598450977349
0.20904305891646366,1.074425194724936,0.023387849598641527
-2.0387344178427855,-0.9552142636712971,-1.2455374181151295
-0.7017069128441668,-0.36158277709840037,-0.35026441368036976
1.231174428080437,-0.9552142636712971,-0.6294387781883864
0.5474298004497687,-0.9552142636712971,-1.239636013447323
-1.0042687305257638,0.8789251688960825,0.8335733691551725
0.6283790606233428,0.8789251688960825,0.7666263188769948
0.11808774849594178,1.4011241767997944,0.8953447674609136
0.5075160485126933,-0.9552142636712971,0.30854015392216966
-0.27236486089033946,0.6532369520997158,0.25793564619490733
-0.9445401209818783,0.8789251688960825,0.7166938667535973
-1.8240633918658722,0.3863044476016779,0.7383985342663919
-2.0387344178427855,2.2616881678707283,0.8069073212300285
-0.034731738315937795,-0.9552142636712971,-1.1523106683819069
-1.6575516078937147,-0.9552142636712971,-1.6517317956768849
1.2556424974565459,-0.36158277709840037,-0.10924336155914836
-0.05188672966437643,1.4011241767997944,1.2341010347738905
1.008165781748852,-0.9552142636712971,-0.047966457744462405
0.5237386278211207,0.05960546552681911,0.24739222518392467
0.6557659603678762,0.3863044476016779,0.2621534739518442
-0.3205241028950956,0.6532369520997158,0.8859638609984991
-0.3991450951625692,1.5406654655354899,1.2149304020672667
0.10413950578058002,0.05960546552681911,0.6010412931193554
1.0369487703169469,0.05960546552681911,0.1931811033887199
-0.034731738315937795,0.6532369520997158,0.8237979139754267
0.06065870705397517,0.3863044476016779,0.5564476797519727
-0.5187942651860693,0.3863044476016779,0.03044950985439237
0.37310423556778083,0.6532369520997158,1.16449862372686
0.42980562287258406,-0.36158277709840037,-0.3102363248623397
1.5622054467539612,-0.9552142636712971,-1.192858981192199
1.4619928068665424,-0.9552142636712971,-1.26549556026308
-0.034731738315937795,1.6680566812978321,0.9433976268677868
-0.2960560335189878,-0.36158277709840037,0.1622544945647788
1.0369487703169469,-0.9552142636712971,-0.9690276472843716
1.2186328007835272,-0.36158277709840037,-0.7536021647959393
-1.1403187642352037,1.5406654655354899,1.0099096246524535
1.169629907746531,-0.36158277709840037,0.672777564832053
0.6624584649457211,0.05960546552681911,0.5625810106717075
1.3435332891612286,-0.9552142636712971,-1.3216133531859162
1.4435098989158772,-0.9552142636712971,-0.6937312732103585
-1.306830548207361,0.05960546552681911,0.7658799372055878
-2.0387344178427855,0.6532369520997158,1.0945196981434322
1.2937675680461596,-0.36158277709840037,0.2295138579783545
0.25643735030730064,0.6532369520997158,1.1530124581879782
-1.1403187642352037,1.4011241767997944,2.2717345298221225
0.844791532568056,-0.9552142636712971,-1.424765080755613
0.08992556633514397,-0.36158277709840037,0.3746678454507719
-1.218939756502677,1.2468684386726134,1.0188990365089574
0.9097202276752518,-0.36158277709840037,-0.6155334137274862
0.6490128893147309,-0.36158277709840037,-0.24911635347428207
0.947038466531095,0.05960546552681911,0.5849877402741329
1.4755606217079846,-0.9552142636712971,-0.30734936506588684
1.1896188509298031,-0.9552142636712971,-1.4768792368770294
0.36322052473557237,-0.36158277709840037,-0.4006650588067293
0.08992556633514397,0.3863044476016779,-0.2057508676065511
0.5778915507124864,0.05960546552681911,0.3442618149558249
-0.7895977045488505,0.05960546552681911,1.3920885179545328
1.087624740705768,-0.9552142636712971,-1.3375195049412842
-1.8240633918658722,2.0892449239230517,1.2939635233893967
-0.27236486089033946,-0.36158277709840037,-0.1572783570263234
-0.5519645819744484,0.3863044476016779,0.7683623824683962
-0.4565741366045355,0.05960546552681911,1.4715937206385095
-1.218939756502677,0.05960546552681911,-1.1196594878212018
1.1456119042818538,-0.9552142636712971,-0.42150290538488905
-1.1403187642352037,0.8789251688960825,0.1806914494859841
-1.0042687305257638,0.6532369520997158,0.9209965850646041
-2.0387344178427855,1.6680566812978321,1.3320610559211217
-1.218939756502677,1.4011241767997944,1.5122778328146063
-1.8240633918658722,0.3863044476016779,0.29059741530030136
-0.0874272207859269,-0.9552142636712971,-1.167750068646397
-0.6613614517492411,0.3863044476016779,0.466039901868138
-1.218939756502677,3.603206879143704,3.386591710323247
-1.218939756502677,1.4011241767997944,1.348737961850714
-0.6230859205766931,-0.9552142636712971,-2.2251079796694415
0.7013999571250162,-0.9552142636712971,-0.09959083306145751
1.1796913086042329,-0.9552142636712971,-0.5060416013604889
0.33275877447285523,0.05960546552681911,0.7468436114285034
0.08992556633514397,-0.36158277709840037,0.8411570577284136
0.49927055844501256,0.8789251688960825,1.1258995447956333
-1.218939756502677,1.4011241767997944,0.9338917572304721
1.2435087462334857,-0.9552142636712971,-0.6738762701811439
0.03019695679125805,0.8789251688960825,0.6334253410144972
0.6353205921544528,-0.9552142636712971,-1.424765080755613
-0.0015614215275583125,0.8789251688960825,0.9761718459127974
0.2678300793656594,-0.9552142636712971,-0.2821087442752413
1.1243912536521652,-0.36158277709840037,-0.33163995517601774
-1.0042687305257638,0.6532369520997158,0.5925519394155568
0.6886439326829644,-0.36158277709840037,-0.14430923881467764
1.240444227517647,-0.9552142636712971,-1.0879959924715796
0.947038466531095,-0.9552142636712971,-0.6703351404707862
-0.7017069128441668,1.074425194724936,1.5289505705652333
0.7444033346846438,-0.36158277709840037,-0.35715910408992596
-0.4870358868672529,0.05960546552681911,0.11625199496559331
0.30100039615403923,-0.9552142636712971,-0.44297824393015983
-0.7017069128441668,1.2468684386726134,0.9986104445744965
-0.7443590504544844,-0.36158277709840037,-0.3706422769615894
-0.7017069128441668,0.3863044476016779,0.6350598439650842
0.9378824098360496,-0.36158277709840037,-0.16670415464553395
1.2435087462334857,-0.9552142636712971,-0.6757679317426742
1.1662457329732419,-0.9552142636712971,-1.3336447821783448
-0.0015614215275583125,1.2468684386726134,0.8686283572575736
-0.5519645819744484,0.3863044476016779,-0.06512116407602767
0.7621008264266822,1.2468684386726134,0.16188885041406098
-0.10585307691818248,-0.9552142636712971,-1.5006552152651387
0.7262759025749747,-0.36158277709840037,0.2714168209696418
1.2937675680461596,-0.9552142636712971,-0.45380201657402336
-1.0691974256329595,-0.9552142636712971,-1.3407038445557902
1.3327575169453991,-0.9552142636712971,-0.7469124048334508
0.9560835379863235,-0.9552142636712971,-2.0959497093962223
0.9192262066550354,0.3863044476016779,0.31480509694057585
1.1525534358129637,-0.9552142636712971,-1.645984863858336
-1.4064729096883226,-0.36158277709840037,-1.1801088076816606
1.5481066068113414,-0.9552142636712971,-1.1296998016937043
0.4206495661775393,-0.36158277709840037,-0.027260180426500302
-0.034731738315937795,-0.9552142636712971,-0.9278415859904914
-0.6230859205766931,0.05960546552681911,0.18149251597479546
-0.24940276429285158,0.3863044476016779,0.8504788291686965
-0.5187942651860693,-0.9552142636712971,-1.2408857490699254
0.6490128893147309,1.2468684386726134,1.2973712831172235
-1.218939756502677,2.178003940795619,2.019819293922975
1.4481737219634514,-0.9552142636712971,-1.2228522594944362
1.3876698300033006,-0.9552142636712971,-1.5644239411701588
1.531660558029954,-0.9552142636712971,-1.7783136619805158
1.0409714714796316,-0.9552142636712971,-0.8919707286443378
1.0646626441082796,-0.36158277709840037,-0.1287402326929949
-0.017962285213498085,-0.36158277709840037,-0.5826973071289364
0.10413950578058002,-0.9552142636712971,-1.010903089548116
-0.3991450951625692,-0.9552142636712971,-0.13074871461189627
-0.12474545964177015,0.05960546552681911,0.4301764884492819
-1.1403187642352037,0.05960546552681911,-1.0131302583506163
1.3926948271642658,-0.9552142636712971,-1.2897826869458047
-0.22712620679597337,0.05960546552681911,0.6886352626267637
-1.0691974256329595,1.2468684386726134,1.181489247955847
0.2678300793656594,-0.36158277709840037,0.28824212500604857
-1.0691974256329595,1.4011241767997944,1.4739624823847948
1.1628461404940136,-0.9552142636712971,-1.871726959451181
-2.0387344178427855,1.4011241767997944,1.244930178457974
0.2678300793656594,-0.36158277709840037,-0.3148871370576873
-1.8240633918658722,2.41594390599791,1.017298400724105
0.8804533683940841,-0.9552142636712971,-0.1851521148707178
-1.6575516078937147,1.8937448980941993,1.3657568080748799
0.7793883005555002,0.3863044476016779,0.563523310550212
-0.20549543839914347,0.8789251688960825,0.549138635126356
0.713941584421926,-0.9552142636712971,-1.2139866809693787
0.6353205921544528,0.8789251688960825,0.8652302829633661
-1.0042687305257638,1.074425194724936,1.0130519096194455
0.33275877447285523,0.8789251688960825,0.8281994122569658
0.5237386278211207,1.4011241767997944,0.330334117621979
1.4269530713337628,-0.9552142636712971,0.30297270644672
-0.034731738315937795,-0.36158277709840037,0.047020061060916815
1.539928889257083,-0.9552142636712971,-1.4178984350755017
0.5237386278211207,1.074425194724936,0.5748348089816114
-2.341296235524383,1.8937448980941993,1.658403361069989
-0.5187942651860693,-0.36158277709840037,-0.3112710843982857
-1.6575516078937147,0.05960546552681911,0.7796106430620618
-1.0042687305257638,0.8789251688960825,0.29455526391060033
0.5778915507124864,-0.9552142636712971,-0.49767239942225044
0.17141108902445348,-0.36158277709840037,0.09022797422324082
-2.341296235524383,0.8789251688960825,1.406310745538316
1.1628461404940136,-0.9552142636712971,-0.7981562963910094
-0.6613614517492411,-0.9552142636712971,-0.6442556659994837
-0.4565741366045355,1.5406654655354899,1.445936720664178
0.07543561088562381,-0.36158277709840037,-0.5487393273957356
-1.306830548207361,0.6532369520997158,0.41499307608747277
1.4075699228848029,-0.9552142636712971,-0.3440694579745204
-1.0691974256329595,0.8789251688960825,0.8979634285941281
-0.5187942651860693,0.8789251688960825,0.5060615418700898
0.5778915507124864,-0.9552142636712971,-1.6594595940459314
1.5481066068113414,-0.9552142636712971,-1.9309329862473341
1.4148977322642486,-0.9552142636712971,-1.3502145345455143
1.4481737219634514,-0.9552142636712971,1.031843155270409
-1.218939756502677,0.6532369520997158,0.9356288820612988
-2.341296235524383,0.3863044476016779,0.6818433687488272
1.1171814462747254,-0.36158277709840037,0.6226234236423216
0.13178004565621987,0.3863044476016779,0.5330194651032503
-2.341296235524383,0.3863044476016779,0.262640824694577
-0.6230859205766931,0.6532369520997158,0.37451768307467487
-1.1403187642352037,-0.36158277709840037,-0.522964672807502
-0.6230859205766931,0.3863044476016779,0.15819624166422958
1.0247488921712042,0.05960546552681911,-0.3226283691495109
0.20904305891646366,-0.36158277709840037,-0.09494372396181376
-1.0042687305257638,-0.36158277709840037,-0.8167322467565945
1.060765981162014,-0.9552142636712971,-1.4252249735335423
-1.5215015741842748,1.4011241767997944,1.1315967681722516
1.4269530713337628,-0.9552142636712971,-1.4676754108749233
0.9097202276752518,-0.9552142636712971,0.7378023622152097
0.6557659603678762,0.05960546552681911,-0.40724616406205416
0.8754619835057548,0.05960546552681911,0.8448445086977991
0.27905148268373375,1.6680566812978321,0.7971772655512641
0.5703918970472569,0.05960546552681911,-0.24995464216876817
1.2556424974565459,0.05960546552681911,0.2844132080657678
-0.3205241028950956,1.074425194724936,0.906362537652238
-0.6613614517492411,0.3863044476016779,-0.1559332907685624
-0.9445401209818783,-0.36158277709840037,-0.3596827320568796
0.6142992229409651,1.2468684386726134,0.7441514525141928
0.36322052473557237,-0.36158277709840037,-0.8960799457164107
0.014486707924192264,-0.9552142636712971,-0.2233846689319911
0.34305147915390505,0.05960546552681911,0.19330115545811202
1.2851407753342434,-0.9552142636712971,-1.0495999440188135
-0.5866782483482139,0.3863044476016779,0.46863339091042505
1.2764130821748028,-0.36158277709840037,-0.6587275465415455
-1.0042687305257638,-0.9552142636712971,-0.7578475143547952
0.9560835379863235,-0.36158277709840037,-0.10410319961668701
-0.6613614517492411,0.8789251688960825,0.8139399877665543
1.3541556643837713,-0.9552142636712971,-1.319712021284731
0.07543561088562381,-0.9552142636712971,-0.6446493390961121
-0.10585307691818248,-0.9552142636712971,-1.1840773719786006
-0.37200722237130046,0.8789251688960825,0.3760520975127725
0.30100039615403923,-0.9552142636712971,0.30392819504701957
1.1243912536521652,-0.9552142636712971,-0.35592595907666247
0.9997339490010838,-0.36158277709840037,-0.5991897923000815
-1.306830548207361,0.6532369520997158,0.9441946739222473
-0.3991450951625692,-0.9552142636712971,-1.3056800069557808
0.08992556633514397,-0.36158277709840037,-1.4001905867860964
1.4293409429987136,-0.36158277709840037,-0.23630830263551722
1.4221542814287025,-0.9552142636712971,-0.3356670182446776
-0.034731738315937795,0.6532369520997158,0.7877974960801235
-0.3991450951625692,0.05960546552681911,0.08565603263491062
0.4909329380903411,0.05960546552681911,-0.5630234372138759
1.0369487703169469,-0.36158277709840037,-0.8410603243756022
-0.5866782483482139,1.6680566812978321,0.9595745176238278
-1.8240633918658722,0.8789251688960825,1.2592635981079083
0.03019695679125805,0.3863044476016779,-0.05956203457359273
-0.7017069128441668,1.2468684386726134,1.6589269845989796
-0.7017069128441668,0.6532369520997158,0.78914773262275
-0.4565741366045355,0.8789251688960825,0.503210269590293
-0.5187942651860693,-0.36158277709840037,-0.7896929804971939
-1.0042687305257638,0.6532369520997158,0.47178639135887795
1.0529110743320027,-0.36158277709840037,-0.7686187066972019
0.5926684545441344,0.05960546552681911,-0.36937064293560673
0.2211768101395232,0.05960546552681911,0.24664691636148114
-0.6613614517492411,0.8789251688960825,0.8348978132977273
-0.22712620679597337,-0.36158277709840037,-0.6239289210147336
0.25643735030730064,-0.9552142636712971,-1.1298357416343217
-2.0387344178427855,-0.36158277709840037,-0.7821961885839605
-0.4565741366045355,0.3863044476016779,0.23399074786067728
0.6421981455264346,-0.9552142636712971,-0.8736064169593207
-0.24940276429285158,1.4011241767997944,0.7403523961946575
-0.5866782483482139,1.4011241767997944,1.3973640934430798
-1.8240633918658722,3.9233843564904327,1.9552007763423618
-0.14412860809073014,-0.9552142636712971,-0.5468221154295233
0.20904305891646366,0.05960546552681911,-0.179772785383309
-0.3991450951625692,0.8789251688960825,1.0896520924032425
1.2217880243366335,0.3863044476016779,0.19928075354239144
-0.4273072773233673,1.074425194724936,0.7847072555239948
-1.8240633918658722,2.3408466559766334,1.4308363024761614
0.20904305891646366,0.05960546552681911,1.0876315563317516
1.2937675680461596,-0.9552142636712971,-1.1454873370652312
0.1841671134665053,-0.9552142636712971,-0.5658934968451407
0.2678300793656594,-0.36158277709840037,-0.49618056692656803
-0.7443590504544844,-0.36158277709840037,-0.23826879225201372
-1.0691974256329595,0.05960546552681911,0.2159631878756717
0.19670874076341505,1.2468684386726134,0.5513438798334911
1.0449726030954503,-0.9552142636712971,-1.543178440211287
-0.3205241028950956,2.178003940795619,1.2718260227094744
-0.4565741366045355,-0.36158277709840037,0.8066378737032923
-1.5215015741842748,0.6532369520997158,1.0053425484377314
-1.6575516078937147,1.2468684386726134,1.350565090454725
0.8903370792262918,-0.36158277709840037,-0.08405100677938017
1.4269530713337628,-0.9552142636712971,-0.7294439452315621
-1.0042687305257638,-0.36158277709840037,0.03386263911138814
-0.6613614517492411,-0.36158277709840037,-1.0778289458148596
0.895230272225732,-0.9552142636712971,-1.1772174842855188
-0.6230859205766931,0.6532369520997158,0.1340578354100849
-1.0691974256329595,0.3863044476016779,0.9088371792729111
0.17141108902445348,-0.36158277709840037,-0.6680760561877149
0.4653461139941349,-0.9552142636712971,0.06571248523015077
-1.306830548207361,2.6205659263872656,0.894163548982984
0.3828587438616125,0.05960546552681911,0.316128589267272
-1.6575516078937147,2.3408466559766334,1.5339701654730917
0.5551626080798789,0.3863044476016779,1.152858660789551
0.6624584649457211,-0.9552142636712971,0.5395907204396035
0.17141108902445348,-0.36158277709840037,0.5923495674829613
-2.341296235524383,-0.9552142636712971,-0.9199031620478637
1.3515142129228124,-0.36158277709840037,-0.9530504764485223
-1.8240633918658722,1.074425194724936,1.0735092583942603
1.0206375359937399,1.4011241767997944,0.6472174678905401
1.5602075626728675,-0.9552142636712971,-2.379409112871772
-0.8892400660298114,0.3863044476016779,0.1344642086724694
-1.8240633918658722,-0.9552142636712971,-1.156283029217274
-0.7017069128441668,-0.9552142636712971,-1.3111264763428898
-0.06944540468970327,-0.9552142636712971,-1.4644238551107567
-1.4064729096883226,0.6532369520997158,0.24404488362602766
0.9738512644932059,0.3863044476016779,0.2802891243418673
0.07543561088562381,-0.9552142636712971,-1.2124767485058578
1.3408538993577666,-0.9552142636712971,-0.8859464869387252
-0.6230859205766931,1.4011241767997944,0.6178481943375146
1.5602075626728675,-0.9552142636712971,-2.289694652517011
-0.7895977045488505,0.3863044476016779,0.4750412280726735
-0.18447406918565573,0.05960546552681911,-0.20863198964045704
-0.5187942651860693,0.05960546552681911,-0.1286116568073285
-1.306830548207361,-0.36158277709840037,-0.5487611404948785
-0.5866782483482139,0.8789251688960825,0.6945896781929772
-1.0042687305257638,-0.36158277709840037,0.1404708588535834
-0.017962285213498085,-0.9552142636712971,-0.9389904997078314
1.4148977322642486,-0.9552142636712971,-0.4858758820069802
-1.0042687305257638,-0.9552142636712971,-0.968065820781606
1.3354660834710605,-0.9552142636712971,-0.07534687605110695
-2.341296235524383,4.681692090595079,2.2335883212924075
-0.7443590504544844,1.9947556633726906,2.4675115611829272
-1.6575516078937147,0.3863044476016779,0.7146630929940656
0.34305147915390505,0.3863044476016779,-0.14891209859179255
1.2435087462334857,0.05960546552681911,-0.4605863765934288
-1.1403187642352037,0.05960546552681911,-0.2150561995919829
1.252627506451775,-0.9552142636712971,-0.48364194514269654
1.120795057494147,-0.36158277709840037,-0.44761268359204565
-2.341296235524383,0.6532369520997158,0.7160900648739279
1.0409714714796316,-0.9552142636712971,-0.6479540293932138
-0.24940276429285158,0.6532369520997158,0.15900238971059952
0.17141108902445348,-0.36158277709840037,-0.9252800405813759
1.0838464579070546,-0.36158277709840037,0.17049468280542393
-0.4565741366045355,0.3863044476016779,1.069741336899555
0.5156714221309526,-0.36158277709840037,-0.061095779815651
-1.6575516078937147,-0.36158277709840037,0.21812693599085875
0.08992556633514397,0.05960546552681911,0.2599882277225957
1.3022957666826813,-0.9552142636712971,-1.461323080410191
1.3107275994304497,-0.9552142636712971,-0.5900157132401841
-0.16402870097223238,-0.36158277709840037,-0.13805279484893357
0.08992556633514397,-0.9552142636712971,-0.39051900364797526
0.10413950578058002,0.8789251688960825,1.1229157642720875
-0.4565741366045355,0.8789251688960825,0.8464745493436449
-0.5187942651860693,-0.9552142636712971,-1.4900318926111233
0.19670874076341505,-0.9552142636712971,-1.5994805424732494
0.9782278709309759,-0.36158277709840037,-0.035702220529225025
0.30100039615403923,-0.36158277709840037,0.10727364484333296
0.9192262066550354,-0.36158277709840037,-0.15482964084094206
-2.0387344178427855,4.331441790106489,4.732381365127266
1.1025494233790782,-0.9552142636712971,-0.8903597938747045
-1.5215015741842748,0.3863044476016779,0.5231105278590855
0.2901066368625376,-0.36158277709840037,-0.08289707104466038
0.3924873840167408,-0.9552142636712971,-1.463940717067045
-2.341296235524383,1.074425194724936,0.7752524687091079
-1.218939756502677,0.3863044476016779,0.7775496562948789
0.9738512644932059,-0.36158277709840037,-0.7245032404485912
-0.6613614517492411,0.3863044476016779,0.12378358787365035
-1.5215015741842748,-0.36158277709840037,-0.8539576969010978
-1.1403187642352037,1.4011241767997944,0.9916450018024687
0.4825011053425735,-0.36158277709840037,-0.7390858064223609
-0.37200722237130046,-0.9552142636712971,-1.5081331800350288
-0.3205241028950956,0.3863044476016779,0.0169161692752621
-0.5866782483482139,-0.36158277709840037,-0.10443985612353468
0.2211768101395232,0.6532369520997158,0.7368423634285367
-0.4565741366045355,-0.9552142636712971,-1.0404357836302827
-1.0042687305257638,2.8000649690066,2.015261167977332
1.240444227517647,0.05960546552681911,0.4374936858351437
1.3488633779556123,-0.36158277709840037,-0.4868236788367525
1.2186328007835272,-0.36158277709840037,0.04238890107131915
-1.8240633918658722,0.6532369520997158,0.692670817990988
-0.7443590504544844,-0.9552142636712971,-0.15580023966454173
-0.27236486089033946,0.8789251688960825,0.9973737567086624
-0.4273072773233673,2.178003940795619,2.923014669922523
0.33275877447285523,0.05960546552681911,-0.29727116328020964
1.0529110743320027,-0.36158277709840037,-2.0808115841215566
-0.3991450951625692,0.6532369520997158,0.4002280051052388
0.6353205921544528,-0.9552142636712971,-0.11430333326242906
-1.218939756502677,2.555485194733606,1.6199723947306173
1.131532066599476,-0.9552142636712971,-1.4735200453414166
-0.017962285213498085,-0.36158277709840037,-0.5670310366451984
-0.27236486089033946,0.6532369520997158,0.8490899568600637
0.8182332398125501,0.3863044476016779,-0.16222536480026647
1.307927561403842,-0.9552142636712971,-1.136525445262178
-1.6575516078937147,1.074425194724936,0.8356853081902422
1.1628461404940136,-0.36158277709840037,-1.0677903261756518
-2.0387344178427855,0.6532369520997158,0.4105759781601946
1.1490907416248033,-0.9552142636712971,-1.4995720373033077
-0.24940276429285158,0.05960546552681911,0.8788701713074548
-1.0042687305257638,1.4011241767997944,0.9904383025925103
-2.341296235524383,2.2616881678707283,1.1910630173916965
-0.7895977045488505,-0.9552142636712971,-0.6539323436232443
-1.0042687305257638,1.4011241767997944,0.5732309826381401
1.0951243943709967,-0.9552142636712971,-1.1091260769729054
-1.8240633918658722,0.05960546552681911,0.348949360419531
-0.7895977045488505,1.8937448980941993,1.5202471062081568
-0.8377569465536066,0.3863044476016779,-0.15166019499103411
-1.0691974256329595,1.6680566812978321,1.0833847848081137
-0.3205241028950956,0.05960546552681911,0.18573685939551146
-1.1403187642352037,1.6680566812978321,1.0321296812490819
-0.4565741366045355,-0.9552142636712971,-1.1968425862627086
-0.4273072773233673,0.3863044476016779,0.14151485412272705
-0.034731738315937795,-0.36158277709840037,-0.6809289351981154
-2.0387344178427855,0.6532369520997158,0.6186268145568256
-1.4064729096883226,0.05960546552681911,-0.07077922262965232
0.8704369863447896,-0.9552142636712971,-1.1028811601204245
-1.0691974256329595,0.8789251688960825,0.3461175140072794
-0.4273072773233673,-0.9552142636712971,-0.08067893776597483
1.3327575169453991,-0.9552142636712971,-0.7881289913538111
1.5641979960247516,-0.9552142636712971,-0.6656717387314226
-2.341296235524383,1.2468684386726134,0.7631720749635506
0.03019695679125805,0.05960546552681911,-0.5131638497373131
-1.218939756502677,1.2468684386726134,1.0440626136403717
-0.7443590504544844,1.7852452398084835,2.0500725291957926
-1.6575516078937147,3.149116681306502,1.686416747023174
-1.6575516078937147,0.05960546552681911,0.37541823203212216
-0.034731738315937795,1.074425194724936,0.4715689275438923
-1.6575516078937147,1.074425194724936,1.3359451360681316
1.087624740705768,0.05960546552681911,0.548530158841653
-0.9445401209818783,0.8789251688960825,0.5218355317874832
-0.7443590504544844,1.074425194724936,0.3301248126019978
0.6756660532493783,0.6532369520997158,0.41252408829378384
1.2616361783431542,-0.9552142636712971,-0.6293422076131938
-0.3205241028950956,0.6532369520997158,0.5305271446006721
-0.017962285213498085,-0.9552142636712971,-0.49334767392672707
0.4825011053425735,-0.9552142636712971,-0.20125847509594444
-0.0015614215275583125,-0.36158277709840037,-0.10218573233435174
-1.0691974256329595,1.6680566812978321,1.5345270034579477
-0.7895977045488505,-0.9552142636712971,0.01433200100342068
0.37310423556778083,-0.9552142636712971,-0.4329218700375453
0.8602843228124161,0.3863044476016779,0.5679505941404125
-1.5215015741842748,0.05960546552681911,0.6404807789095951
1.3926948271642658,-0.9552142636712971,-1.6582251340544696
0.19670874076341505,-0.36158277709840037,-0.8264176041765023
1.305116977069759,-0.9552142636712971,-0.6991424286319402
0.03019695679125805,-0.9552142636712971,-0.7599787238582487
-0.3205241028950956,0.05960546552681911,-0.8319744023085742
-1.218939756502677,0.8789251688960825,0.9736833597600708
-0.7017069128441668,-0.36158277709840037,-1.0512402491368706
-1.8240633918658722,1.2468684386726134,2.1161418329068225
1.2090862834765006,-0.36158277709840037,0.14974535159394636
0.6690914798070661,-0.9552142636712971,-1.3073780224459173
0.1841671134665053,0.05960546552681911,0.2638578956487391
0.08992556633514397,1.6680566812978321,0.9942688968193328
0.7621008264266822,-0.36158277709840037,0.005584520841571291
1.3515142129228124,0.05960546552681911,-0.5004797217947095
0.14522562128721084,-0.36158277709840037,-0.3832592173725333
1.4481737219634514,-0.9552142636712971,-1.0210341476028875
-0.3991450951625692,-0.36158277709840037,-0.7273929637216904
-1.0691974256329595,-0.36158277709840037,-1.7696503069963698
-1.306830548207361,-0.36158277709840037,-0.052311056032638095
-0.3205241028950956,-0.9552142636712971,-1.030815777901034
-0.7017069128441668,0.3863044476016779,0.020856630913905036
0.25643735030730064,-0.9552142636712971,-3.6672553671978343
-0.5519645819744484,-0.9552142636712971,-0.9143550611692122
-1.8240633918658722,1.074425194724936,0.4748607531015932
0.9605652887470136,-0.9552142636712971,-1.3529100517058708
-2.341296235524383,2.2616881678707283,1.903922005037938
0.11808774849594178,0.05960546552681911,-1.1326958649976193
0.08992556633514397,-0.9552142636712971,-1.2092150365498588
0.04558325980624953,1.7852452398084835,1.4189102820943007
0.2211768101395232,-0.9552142636712971,-1.0647364937051373
0.9424744813034064,0.05960546552681911,0.12128097925871491
-1.1403187642352037,-0.9552142636712971,-0.5710140808949868
-0.7895977045488505,0.3863044476016779,-0.22521186297436077
0.37310423556778083,-0.9552142636712971,-1.0480038995906635
-0.0874272207859269,1.2468684386726134,1.0487843123222553
-0.06944540468970327,1.6680566812978321,0.8381193096096576
1.5561956752751516,-0.36158277709840037,-1.2337264603925864
-0.14412860809073014,-0.36158277709840037,0.055702781530307825
1.087624740705768,-0.9552142636712971,-0.7785469602620553
1.0988461440238422,-0.36158277709840037,0.33756807359273056
0.36322052473557237,0.05960546552681911,-0.07799637176869018
0.25643735030730064,-0.36158277709840037,-0.7779064265943757
-0.5519645819744484,0.3863044476016779,-0.2841231451029486
1.5501371094479746,-0.9552142636712971,-2.130304775590284
1.0206375359937399,0.05960546552681911,-0.6458561774726271
-1.0691974256329595,0.3863044476016779,0.349893418288906
-1.6575516078937147,1.7852452398084835,0.888191635383467
1.087624740705768,0.05960546552681911,0.8585870126269713
-0.3205241028950956,0.3863044476016779,-0.03143585983840793
0.11808774849594178,-0.9552142636712971,-1.0666594585688636
-0.6613614517492411,0.8789251688960825,0.6852719652813496
-1.0691974256329595,0.05960546552681911,-1.5493005892932856
0.5075160485126933,0.3863044476016779,0.6518921788525054
1.3162963510849115,-0.9552142636712971,-1.9327978151379572
0.11808774849594178,0.8789251688960825,1.201733886462597
-0.017962285213498085,0.3863044476016779,1.079196764829063
0.25643735030730064,0.3863044476016779,1.1757738211003745
0.8804533683940841,-0.9552142636712971,-0.6760751124000715
-0.5187942651860693,2.8000649690066,1.899430801748052
1.4293409429987136,-0.9552142636712971,-0.6352789148192185
-0.4870358868672529,-0.36158277709840037,-0.27780042433533386
0.1841671134665053,0.8789251688960825,1.0825646281343715
-0.4565741366045355,-0.36158277709840037,-0.3349499732922826
0.4019933629965244,1.074425194724936,1.0550220902997904
0.713941584421926,-0.36158277709840037,-0.09279007283044179
-0.16402870097223238,0.05960546552681911,0.4569846833772215
0.20904305891646366,-0.36158277709840037,0.3812402885981616
-0.8892400660298114,0.3863044476016779,0.4949583486285456
-0.6230859205766931,-0.9552142636712971,-1.148404451389888
0.10413950578058002,-0.9552142636712971,-1.3876182206162955
-0.3991450951625692,-0.36158277709840037,0.1171867409428605
-0.3205241028950956,-0.9552142636712971,-0.7935125833727549
-1.306830548207361,-0.36158277709840037,-2.0778182564865486
-1.0042687305257638,1.7852452398084835,2.3728888213670243
1.0449726030954503,0.05960546552681911,-0.017083552622879236
-1.8240633918658722,1.2468684386726134,1.114647423532344
-1.1403187642352037,-0.36158277709840037,-0.004700068536932642
1.2994638495891662,-0.9552142636712971,-0.6316389349556657
-1.8240633918658722,0.3863044476016779,-0.29357596652522183
1.135077010361545,-0.9552142636712971,-0.26498332519643797
0.6421981455264346,-0.36158277709840037,0.5578580988356825
-0.8892400660298114,1.4011241767997944,0.5636739749017371
0.3924873840167408,0.05960546552681911,-0.0393938352213176
-0.5866782483482139,-0.9552142636712971,-0.82796587575049
-0.37200722237130046,-0.36158277709840037,-0.16471046458646524
-0.6230859205766931,0.8789251688960825,0.0382726944142603
0.7906947177453308,-0.9552142636712971,0.04215041073970289
1.2734810184474739,-0.9552142636712971,-0.5455610225064539
0.4113797667403285,-0.9552142636712971,0.7481414885378831
1.1243912536521652,-0.9552142636712971,-0.5360587321034916
1.4844706888644472,-0.9552142636712971,-1.3266478693590347
1.2764130821748028,-0.9552142636712971,-1.3884962340946463
0.8754619835057548,-0.36158277709840037,-0.21370995592480627
-1.0691974256329595,-0.36158277709840037,0.4238890238397701
0.4653461139941349,-0.9552142636712971,-0.08047319559326661
-1.218939756502677,2.487376384667096,2.1693751018246368
1.1171814462747254,-0.36158277709840037,-0.3467547788183362
-1.218939756502677,0.3863044476016779,0.5023389405201265
-0.4870358868672529,0.8789251688960825,0.4438187524392387
-1.0042687305257638,1.4011241767997944,0.5336287537374849
-0.3991450951625692,-0.9552142636712971,-0.6186475259253384
-0.5519645819744484,0.6532369520997158,1.0708960426973442
-2.0387344178427855,-0.36158277709840037,0.2744110835560993
0.9239341671206889,-0.36158277709840037,-0.12989835270495628
-1.8240633918658722,1.074425194724936,1.249753407530544
0.36322052473557237,-0.9552142636712971,-0.761402711961085
-1.8240633918658722,0.3863044476016779,-0.40722790894145816
-2.341296235524383,5.801670110198668,4.20172890123101
-0.7017069128441668,-0.36158277709840037,0.14194487427719182
-0.16402870097223238,0.3863044476016779,0.4171762792141237
0.5156714221309526,-0.36158277709840037,-0.6810062195185936
0.33275877447285523,0.3863044476016779,0.44361227200419123
0.6950492016983384,-0.36158277709840037,0.6327153533947684
1.1456119042818538,-0.36158277709840037,0.2366177336673991
-0.2960560335189878,-0.36158277709840037,0.4725470464486521
0.08992556633514397,-0.9552142636712971,0.025148561049226994
1.252627506451775,-0.9552142636712971,-0.6744126356302744
-0.24940276429285158,-0.9552142636712971,-0.9322117174414035
0.6490128893147309,0.05960546552681911,0.9374059233769683
-1.5215015741842748,0.6532369520997158,0.4365093154440941
1.5481066068113414,-0.9552142636712971,-0.5483249922263411
0.4388506943278125,-0.36158277709840037,0.7603919482715207
1.3926948271642658,-0.9552142636712971,0.714467295777658
-0.20549543839914347,1.2468684386726134,1.9198550542664672
0.17141108902445348,0.05960546552681911,0.6384804174248195
-0.2960560335189878,1.7852452398084835,1.6644433578964257
-0.8377569465536066,-0.9552142636712971,-1.5612981650754556
0.34305147915390505,-0.36158277709840037,-0.7251293638849571
-0.4870358868672529,0.8789251688960825,0.3315599706132483
-0.6230859205766931,-0.9552142636712971,-0.531776784527295
0.4113797667403285,-0.9552142636712971,-0.6702334706529395
0.20904305891646366,1.6680566812978321,1.9161815425999384
-0.4273072773233673,-0.9552142636712971,-0.7392798418546205
-0.9445401209818783,-0.9552142636712971,-0.7142293614247252
1.2734810184474739,-0.9552142636712971,-1.9890075842932664
0.8704369863447896,0.05960546552681911,-0.3218410066569201
0.25643735030730064,0.3863044476016779,-0.03386282384748204
-1.218939756502677,-0.36158277709840037,-0.9414894204770989
-1.0042687305257638,1.4011241767997944,1.80530918936045
1.3245723241795595,-0.9552142636712971,-1.381934656227555
-1.0691974256329595,0.6532369520997158,0.5616537745186195
1.2556424974565459,-0.9552142636712971,-0.9972475746162195
0.5551626080798789,-0.36158277709840037,-0.15615952877919387
-0.7895977045488505,-0.9552142636712971,-1.0915724556033852
0.07543561088562381,-0.9552142636712971,-0.3552075071239495
-0.2960560335189878,-0.9552142636712971,-1.2615278122751177
0.30100039615403923,0.3863044476016779,0.6237416755866597
-0.18447406918565573,0.05960546552681911,0.3286798267540556
0.7679079316757323,-0.9552142636712971,-1.4598801821191412
0.6353205921544528,0.05960546552681911,0.4715689275438923
-0.14412860809073014,-0.9552142636712971,-1.6517317956768849
0.17141108902445348,-0.9552142636712971,-0.7553258718629523
0.17141108902445348,1.074425194724936,0.06820537174203808
0.34305147915390505,0.6532369520997158,0.7730726545357403
1.252627506451775,-0.9552142636712971,-1.5518397800160468
-0.6230859205766931,-0.36158277709840037,-1.0121135825459142
1.0913839892534942,-0.36158277709840037,-0.7218951690358064
-0.7443590504544844,-0.36158277709840037,-0.6336995428833238
1.1421167725593575,-0.9552142636712971,-0.6141822189317754
-0.10585307691818248,-0.36158277709840037,-0.9040897376908807
0.014486707924192264,0.05960546552681911,-0.2255022804990869
0.9782278709309759,-0.36158277709840037,-0.4436086238367743
0.04558325980624953,-0.9552142636712971,-0.3107858731080637
0.6950492016983384,0.3863044476016779,0.6481565475667942
0.8704369863447896,-0.9552142636712971,0.41285589842722287
-0.7443590504544844,2.959940965055545,1.7159489222691338
0.08992556633514397,-0.9552142636712971,-0.3273524866224969
0.9286126103988395,-0.9552142636712971,-1.2131810266672771
-0.9445401209818783,0.05960546552681911,0.4376134938499362
-0.16402870097223238,-0.9552142636712971,-0.6772537394074772
0.13178004565621987,-0.36158277709840037,-0.4626193289256109
-0.034731738315937795,-0.36158277709840037,-0.8209608348314076
0.9912057503645619,-0.9552142636712971,-1.1497043915869514
-0.20549543839914347,-0.9552142636712971,-1.388935604862302
-0.10585307691818248,0.05960546552681911,-0.30163868496348506
1.3135171700007557,-0.9552142636712971,-0.8360345613079335
-1.1403187642352037,1.4011241767997944,0.75229833215606
-0.9445401209818783,0.3863044476016779,0.12767645881854214
-1.8240633918658722,1.6680566812978321,1.767864242692084
-1.0691974256329595,1.5406654655354899,0.6455738303726154
-0.22712620679597337,-0.9552142636712971,-0.5517552089626337
0.4206495661775393,0.05960546552681911,-0.34636577440323435
-0.27236486089033946,0.3863044476016779,0.305322042343209
-1.218939756502677,0.3863044476016779,-0.11588329646217135
0.34305147915390505,-0.36158277709840037,-0.26712305987607604
-1.6575516078937147,0.3863044476016779,-0.08357708304489153
1.2822428716590402,0.05960546552681911,1.5263687519279974
-1.5215015741842748,1.5406654655354899,1.000155933044828
-0.7443590504544844,1.2468684386726134,1.4082687628290103
0.5075160485126933,-0.9552142636712971,-0.8362850960611822
0.34305147915390505,0.05960546552681911,-0.4160204711770946
0.19670874076341505,0.8789251688960825,-0.04498675493406281
-1.0691974256329595,3.697696139694065,2.625173226054278
0.9782278709309759,-0.9552142636712971,-1.105030555653364
1.0951243943709967,-0.9552142636712971,-1.3264737333876477
-0.27236486089033946,-0.9552142636712971,-0.2389775267349857
-0.6230859205766931,2.2616881678707283,1.86922426495131
0.895230272225732,-0.36158277709840037,0.010779827427055582
-1.1403187642352037,2.0892449239230517,1.5471356727445296
1.3218238523484769,-0.9552142636712971,-0.5929620505686327
0.2678300793656594,0.3863044476016779,-0.5111224001688263
1.3327575169453991,-0.9552142636712971,-1.4171174399613986
-0.4273072773233673,0.05960546552681911,0.6932606753211646
-0.4870358868672529,0.05960546552681911,0.5121470219792317
1.4458454540573504,-0.9552142636712971,-0.9914390866147116
-1.5215015741842748,0.05960546552681911,-0.03554210388025433
-0.9445401209818783,-0.36158277709840037,-0.6949888366785156
1.3354660834710605,-0.36158277709840037,0.5708564825617898
-0.4273072773233673,1.6680566812978321,0.8446480744707625
-0.06944540468970327,1.4011241767997944,0.48550457137263564
-1.218939756502677,0.3863044476016779,-0.7158427489811763
-1.6575516078937147,3.72788433066158,3.4316639625494143
0.33275877447285523,0.3863044476016779,0.24476852547731412
1.1456119042818538,-0.9552142636712971,-0.5326313303597043
-0.12474545964177015,0.3863044476016779,1.1678439264563332
0.11808774849594178,-0.9552142636712971,0.16514695662179238
0.4019933629965244,0.05960546552681911,0.6964857073760964
0.014486707924192264,-0.36158277709840037,-0.21517087889197548
1.0165034021035235,-0.9552142636712971,0.33698862534233953
1.5622054467539612,-0.9552142636712971,-1.5210020544031928
0.5396160195399382,-0.36158277709840037,0.2401015385922927
-1.0691974256329595,0.05960546552681911,0.2882040791943072
0.6213723494390907,-0.9552142636712971,0.010790615608218073
0.4019933629965244,-0.9552142636712971,0.05010626565997092
0.9912057503645619,-0.9552142636712971,0.15374775085836911
-1.306830548207361,3.149116681306502,2.0629982749109774
1.1456119042818538,0.3863044476016779,0.1669394424711042
-0.5187942651860693,0.6532369520997158,-0.2880259063378207
1.2851407753342434,-0.9552142636712971,-1.6670850646978705
1.3541556643837713,-0.9552142636712971,-0.6823986240008215
-0.5519645819744484,-0.36158277709840037,0.37235766880014237
-1.0691974256329595,0.8789251688960825,0.9566299082330056
1.419743263956323,-0.9552142636712971,-0.5104569385033433
0.30100039615403923,-0.9552142636712971,-0.32680786441489157
1.1525534358129637,-0.36158277709840037,-0.3655159376385056
-0.6613614517492411,0.8789251688960825,1.4661283038653514
0.6142992229409651,0.3863044476016779,0.5047878469776197
-0.034731738315937795,-0.9552142636712971,-0.9482399593679138
-1.6575516078937147,-0.9552142636712971,-0.850984837334742
1.0288377202565722,0.05960546552681911,3.1836847759595917
0.45661842083469495,-0.9552142636712971,-0.45204250714346006
1.480028953972913,0.05960546552681911,0.14936484341876022
-1.1403187642352037,-0.36158277709840037,-0.655527531960114
-0.27236486089033946,-0.36158277709840037,-0.024853265873968255
1.087624740705768,-0.36158277709840037,0.24932037060227824
-0.6613614517492411,1.074425194724936,0.91558310924825
-0.6613614517492411,0.6532369520997158,0.534315739126094
1.4269530713337628,0.8789251688960825,-0.6506275484588299
0.844791532568056,0.3863044476016779,0.462943374782325
1.252627506451775,-0.9552142636712971,-0.3198432975899408
-0.4565741366045355,0.3863044476016779,0.25136341416661095
-0.3205241028950956,0.05960546552681911,0.6113839026502907
-1.0691974256329595,0.05960546552681911,1.2516414803330826
-0.2960560335189878,1.5406654655354899,1.0609523276091601
-0.6613614517492411,-0.9552142636712971,-0.6010979584457828
-0.6613614517492411,0.3863044476016779,0.4943773752395857
-0.7895977045488505,0.6532369520997158,0.6033888444189517
0.8018323761266101,-0.9552142636712971,-0.86151969235709
1.252627506451775,-0.9552142636712971,-0.7945818036443753
0.8018323761266101,-0.9552142636712971,-0.5586603812103572
0.07543561088562381,-0.36158277709840037,-0.36567184639246597
0.68218320610311,0.05960546552681911,0.6442866095270858
-1.306830548207361,-0.36158277709840037,0.8803922331706385
-0.4870358868672529,-0.36158277709840037,-1.08653556958642
-0.4273072773233673,2.0892449239230517,2.19670660208989
0.27905148268373375,-0.9552142636712971,-0.4597083430981773
0.20904305891646366,0.3863044476016779,0.5609306423931489
0.07543561088562381,1.6680566812978321,1.2374729331786538
0.9782278709309759,-0.9552142636712971,-0.6247445675671713
-0.6613614517492411,0.6532369520997158,0.23674763754224598
0.7679079316757323,0.05960546552681911,0.24038443313494132
-0.7895977045488505,1.2468684386726134,0.5148005579294063
1.231174428080437,-0.9552142636712971,-1.3085687956342626
-1.8240633918658722,0.3863044476016779,0.4546244373003433
1.2342771737504357,-0.36158277709840037,-1.1093027027203972
0.10413950578058002,1.074425194724936,0.9344723455962961
0.014486707924192264,-0.9552142636712971,-0.29760505236071294
1.1896188509298031,-0.9552142636712971,-0.8155107632537799
-1.218939756502677,2.2616881678707283,1.7511396881643366
-1.6575516078937147,0.3863044476016779,0.3957344872525602
0.9560835379863235,-0.36158277709840037,0.47921079980130954
1.2342771737504357,-0.9552142636712971,-0.12048939574647494
-1.0042687305257638,-0.9552142636712971,-0.6971154978313716
0.8018323761266101,-0.9552142636712971,-0.2632756757532995
-0.7017069128441668,1.5406654655354899,1.5778930852062139
-1.0691974256329595,1.8937448980941993,1.4914179307535012
-0.27236486089033946,-0.9552142636712971,-0.6268114179244234
0.37310423556778083,-0.9552142636712971,-0.8314449887695826
-2.341296235524383,0.05960546552681911,0.22328776467668535
-1.6575516078937147,0.05960546552681911,0.7791266683012099
-0.0015614215275583125,-0.9552142636712971,-0.46977589668953396
-2.0387344178427855,3.057582165231702,2.5785814558799074
1.5295790803664373,-0.9552142636712971,-1.206914810493782
-0.6613614517492411,-0.36158277709840037,-0.6887988706609133
0.31173740525936816,0.05960546552681911,0.10134675113694573
1.5622054467539612,-0.9552142636712971,-0.3152772911175532
1.4504947479670136,-0.9552142636712971,-1.203725530878516
-0.3991450951625692,-0.9552142636712971,-1.5183376645251683
1.4733163816448338,-0.9552142636712971,0.45635063232637035
-1.1403187642352037,0.6532369520997158,0.6395423608994808
1.4551152534945606,-0.9552142636712971,-1.3275191220107772
0.34305147915390505,-0.9552142636712971,-0.9312934063203042
1.2937675680461596,-0.9552142636712971,-2.2752007392900087
-0.6613614517492411,0.6532369520997158,0.8831469366330399
1.5501371094479746,-0.9552142636712971,-1.6733463158045787
0.27905148268373375,0.05960546552681911,-0.04067039540636599
0.9049214377701915,-0.36158277709840037,-0.12131700491474186
-0.3205241028950956,-0.36158277709840037,-0.4681974899193101
0.3223221112192497,-0.9552142636712971,-0.6729576279098198
-0.8377569465536066,-0.36158277709840037,-0.45024834303623595
-2.0387344178427855,2.178003940795619,1.4966728185688638
-2.341296235524383,3.502196113865212,2.4682901945069613
0.7201342279169752,0.05960546552681911,0.2888962280499011
0.2211768101395232,-0.9552142636712971,-0.296683223611897
-1.8240633918658722,2.0892449239230517,1.8673277460130775
-1.8240633918658722,-0.9552142636712971,1.327495559955043
-1.0042687305257638,0.05960546552681911,0.3152832790142916
0.5237386278211207,-0.36158277709840037,-1.0469824775191423
0.19670874076341505,0.3863044476016779,0.44343703440400467
0.4825011053425735,0.6532369520997158,0.4230482086334201
-0.3991450951625692,0.8789251688960825,0.7334167148966373
1.5295790803664373,-0.9552142636712971,-0.6579013092360623
0.4653461139941349,-0.36158277709840037,-0.0835163440257657
-1.0691974256329595,0.3863044476016779,-0.43329905445258343
-2.341296235524383,0.6532369520997158,0.14401851066918647
1.1863243234655771,-0.9552142636712971,-0.6221805029392277
0.20904305891646366,-0.36158277709840037,0.16587508693977254
1.237367071575486,-0.9552142636712971,-1.5543097976922056
1.4458454540573504,-0.36158277709840037,-0.6289801724322753
-2.0387344178427855,1.2468684386726134,0.6576206786160058
0.03019695679125805,0.05960546552681911,0.010002693269993028
0.4909329380903411,-0.9552142636712971,-1.5955624036532456
-1.0042687305257638,1.6680566812978321,1.6448985400901508
1.0039617748066132,-0.9552142636712971,-0.6854757098915537
0.10413950578058002,0.8789251688960825,0.7119041380206882
1.5481066068113414,-0.9552142636712971,-0.46613057705706296
1.4458454540573504,-0.9552142636712971,-0.17105913346963572
1.1896188509298031,-0.36158277709840037,0.03216315772683184
1.531660558029954,-0.36158277709840037,-0.6442556659994837
1.2154641792133722,-0.9552142636712971,-0.4541311484181045
1.4269530713337628,-0.9552142636712971,-1.225863658062877
-0.14412860809073014,0.6532369520997158,0.4119642513638495
0.27905148268373375,0.3863044476016779,1.2233616090254127
1.231174428080437,-0.36158277709840037,-0.41594664261579195
0.6756660532493783,-0.36158277709840037,-0.1351827312184483
1.3408538993577666,-0.9552142636712971,-1.0333804515187048
1.1628461404940136,1.7852452398084835,0.897613593762816
1.3976862120525944,-0.9552142636712971,-0.646793356292987
-2.0387344178427855,0.3863044476016779,0.5286007492656697
-0.3205241028950956,0.05960546552681911,0.30965934775109594
-1.0691974256329595,-0.36158277709840037,0.05783075822198299
-0.0015614215275583125,0.6532369520997158,0.6789073801281026
0.2901066368625376,1.2468684386726134,0.7017851205702377
0.36322052473557237,-0.9552142636712971,-0.65765110379132
0.2678300793656594,-0.36158277709840037,-0.11028544621991199
0.8018323761266101,0.05960546552681911,0.987208294017519
1.228058727276131,-0.36158277709840037,-0.27346905179735265
0.7323674405541809,-0.9552142636712971,-0.5649133966005939
-0.24940276429285158,1.8937448980941993,1.7640775244278444
-1.1403187642352037,1.6680566812978321,2.1213130622201493
-0.16402870097223238,-0.36158277709840037,0.01628430689239539
-0.7443590504544844,0.6532369520997158,0.18671444270334206
0.7621008264266822,-0.9552142636712971,-0.6995642585503196
0.2901066368625376,-0.9552142636712971,0.16270908556216107
0.8804533683940841,-0.9552142636712971,-1.580639397686673
1.356787798536271,-0.9552142636712971,-0.6564761922099592
0.9738512644932059,-0.36158277709840037,-0.12092219150008462
0.5853165797205673,1.074425194724936,0.7259814457735533
0.8073394805210485,-0.9552142636712971,-0.8297656577761455
1.45741482159648,-0.9552142636712971,-1.109346865291472
0.6353205921544528,-0.9552142636712971,-1.2151966958666873
0.25643735030730064,-0.9552142636712971,-0.4850500026202927
0.8903370792262918,-0.36158277709840037,0.579669145398595
1.4888861411471739,-0.9552142636712971,-1.4293760284874943
-0.5187942651860693,0.6532369520997158,0.6839134010285771
-0.4565741366045355,-0.9552142636712971,-0.45529388095553003
-0.7443590504544844,1.074425194724936,0.9429437199673658
-1.306830548207361,2.0892449239230517,0.9800716555479257
0.17141108902445348,-0.36158277709840037,-0.004161229174232452
-1.6575516078937147,-0.36158277709840037,-0.01008650105672674
-0.12474545964177015,-0.9552142636712971,-0.1312000335788607
0.27905148268373375,-0.9552142636712971,-1.3700133650627004
0.03019695679125805,-0.9552142636712971,-0.8264176041765023
1.525398625407363,-0.9552142636712971,-0.7259740506418147
0.9869048205414843,-0.9552142636712971,-1.471288446689922
0.19670874076341505,1.4011241767997944,0.9269799776724039
0.07543561088562381,-0.9552142636712971,-0.8753810966964016
-0.5187942651860693,-0.36158277709840037,-0.31700276637736124
-0.034731738315937795,0.6532369520997158,0.9182014719184424
-0.3205241028950956,0.05960546552681911,0.20515656582836708
-1.5215015741842748,2.3408466559766334,1.9007003028548954
-0.3991450951625692,2.0892449239230517,1.4783539088362816
1.1025494233790782,-0.9552142636712971,-1.1118238942163177
0.08992556633514397,0.8789251688960825,1.2878050355376982
-1.0691974256329595,0.05960546552681911,-0.09736276234529616
-2.0387344178427855,1.7852452398084835,1.5004427513264749
0.2901066368625376,1.074425194724936,1.4504165707713446
0.25643735030730064,-0.9552142636712971,-0.3012711439406148
0.08992556633514397,1.7852452398084835,1.5407934086493478
1.3749572694199874,-0.9552142636712971,-0.18609137862775954
0.2211768101395232,1.2468684386726134,-0.03502766160472233
0.25643735030730064,0.05960546552681911,0.38207240390315694
0.5551626080798789,-0.9552142636712971,-1.000745450052218
1.3327575169453991,-0.9552142636712971,-0.6733402664835032
-2.341296235524383,4.650205384783498,3.5159101721889154
0.37310423556778083,0.3863044476016779,0.19244324254750067
0.6557659603678762,-0.9552142636712971,-2.0808115841215566
1.0951243943709967,-0.9552142636712971,-0.6298976487405052
0.25643735030730064,-0.36158277709840037,-0.19097127563250704
1.464271310189606,-0.9552142636712971,-1.173474421469204
-1.6575516078937147,-0.9552142636712971,-0.6678733066368817
1.3594106808800466,-0.9552142636712971,-1.0038332734513453
-0.017962285213498085,-0.9552142636712971,-0.7924151595009694
0.33275877447285523,0.05960546552681911,1.057419154628265
0.473972906706051,-0.9552142636712971,-0.052030794757521995
0.6142992229409651,-0.9552142636712971,-1.1892370103654444
1.480028953972913,-0.9552142636712971,-0.6701826406210982
0.11808774849594178,-0.9552142636712971,-0.9875649530656976
-0.10585307691818248,0.05960546552681911,0.29297600171206384
-0.24940276429285158,-0.36158277709840037,-0.011871621548882005
1.5481066068113414,0.3863044476016779,0.6574389992841415
1.1279702018006934,-0.9552142636712971,0.27682309897608814
0.9192262066550354,0.05960546552681911,-0.5765292143925028
0.13178004565621987,-0.9552142636712971,-1.1488684716912518
0.27905148268373375,-0.36158277709840037,-0.18602227729237975
0.42980562287258406,-0.9552142636712971,0.8130402212316462
0.7793883005555002,-0.9552142636712971,-0.46056685419521703
0.4825011053425735,-0.9552142636712971,-0.5462130621007236
-2.341296235524383,0.05960546552681911,-0.20014636735425573
0.014486707924192264,-0.9552142636712971,-0.48545276339698984
1.4777981324055245,-0.9552142636712971,-0.8372566649083871
1.5481066068113414,-0.9552142636712971,-1.0151282927236882
0.34305147915390505,-0.9552142636712971,-1.2075142279056565
0.9239341671206889,-0.36158277709840037,-0.3550194484160933
1.5622054467539612,-0.9552142636712971,-1.4538620805459184
-0.9445401209818783,1.074425194724936,0.7785479727083935
1.2793336700851932,-0.36158277709840037,0.047112821790239914
-0.3205241028950956,-0.36158277709840037,-0.763543489625063
-0.27236486089033946,1.5406654655354899,1.0486177281994993
-1.5215015741842748,2.6205659263872656,1.9401198434567644
-0.0874272207859269,-0.9552142636712971,-0.4190348342425499
1.539928889257083,-0.9552142636712971,-0.43590651742175923
1.5622054467539612,-0.9552142636712971,-0.634671092573476
0.5551626080798789,-0.36158277709840037,0.18237101885574325
-0.3991450951625692,1.074425194724936,0.920883321497299
0.37310423556778083,-0.36158277709840037,-0.1476601126766578
0.17141108902445348,0.3863044476016779,0.7547642741279491
-0.5519645819744484,-0.9552142636712971,-0.38457102955323336
-0.06944540468970327,1.074425194724936,0.9451307665373938
0.8182332398125501,-0.9552142636712971,0.8078654970370472
-1.218939756502677,1.7852452398084835,0.9550104783532898
0.7736701939658116,-0.9552142636712971,-1.159240114724307
-0.0874272207859269,0.05960546552681911,0.4133696054835038
0.9738512644932059,1.074425194724936,1.2943605261135605
-1.1403187642352037,0.6532369520997158,0.6712799872917848
1.1490907416248033,-0.36158277709840037,-0.15514861104676672
-0.7895977045488505,0.8789251688960825,1.6718773366197037
0.9782278709309759,-0.36158277709840037,-0.09678201532624398
-0.0874272207859269,-0.9552142636712971,-0.6571509290957439
1.0449726030954503,-0.9552142636712971,-0.48424509289678674
1.3218238523484769,-0.9552142636712971,-1.3001583045119496
0.9869048205414843,-0.9552142636712971,-0.29560381879540876
-1.5215015741842748,0.3863044476016779,0.5950281154820051
-0.7443590504544844,-0.36158277709840037,-0.9044991800222291
-1.0691974256329595,0.3863044476016779,0.8746757742443343
1.4619928068665424,-0.9552142636712971,-1.5117887869753701
0.6756660532493783,-0.9552142636712971,-0.73235172245778
1.3749572694199874,-0.9552142636712971,-1.6170205257193397
-0.7443590504544844,-0.36158277709840037,0.49012748517828875
-2.341296235524383,0.05960546552681911,0.0928204116203382
0.5237386278211207,0.6532369520997158,-0.010496391421202154
0.8804533683940841,-0.36158277709840037,-0.11633890905068951
1.0568488631984492,-0.9552142636712971,-0.5804240574451897
-0.27236486089033946,-0.36158277709840037,-0.2787937756949479
-0.20549543839914347,0.3863044476016779,0.2907339599086293
1.305116977069759,-0.9552142636712971,-0.7922669751393366
0.45661842083469495,1.2468684386726134,1.2382653296721446
-0.3991450951625692,0.3863044476016779,0.49213164996748915
0.9825789576526459,-0.9552142636712971,-1.0597833481690608
-1.0691974256329595,0.05960546552681911,0.05202395385886702
1.4317211978352093,-0.9552142636712971,-0.20626104419127966
0.2678300793656594,0.3863044476016779,1.352475774896309
0.4653461139941349,-0.9552142636712971,-0.281765712112202
-0.4273072773233673,-0.9552142636712971,-1.3268801100233316
0.19670874076341505,0.3863044476016779,0.21404417994132102
1.4551152534945606,-0.36158277709840037,-1.5866555319998632
-0.12474545964177015,-0.9552142636712971,-2.219732124576303
1.2764130821748028,-0.36158277709840037,-0.5062690237536756
-0.6230859205766931,0.6532369520997158,0.5239480780639986
-0.22712620679597337,0.05960546552681911,0.5387806062014202
-0.7895977045488505,-0.9552142636712971,-1.6188630817187455
-0.37200722237130046,-0.36158277709840037,-0.47781504502143907
-0.4870358868672529,-0.9552142636712971,-1.1443788658480638
1.1490907416248033,-0.36158277709840037,-0.24446200607108998
-1.218939756502677,0.6532369520997158,0.28673411709367147
-0.5187942651860693,-0.9552142636712971,-1.2524870507599206
-0.9445401209818783,0.05960546552681911,0.30651270137589326
1.2994638495891662,-0.9552142636712971,-1.0207970688319048
0.7850629230241704,-0.9552142636712971,-1.2148435845064722
0.14522562128721084,0.05960546552681911,-0.5055662920073514
1.2616361783431542,-0.9552142636712971,-0.1589462013899156
-2.0387344178427855,1.074425194724936,1.1816746884641456
-1.1403187642352037,-0.36158277709840037,0.5279763371212711
1.305116977069759,-0.9552142636712971,-1.468646536566676
1.4733163816448338,-0.9552142636712971,-1.2219866817871476
1.4317211978352093,-0.9552142636712971,-0.3041521024780599
-0.3991450951625692,0.05960546552681911,0.23397445461397853
-0.2960560335189878,-0.9552142636712971,-0.4155038152189883
-0.2960560335189878,0.05960546552681911,-0.25166389554762586
-2.0387344178427855,1.074425194724936,0.5054654752033975
1.539928889257083,-0.9552142636712971,-1.1086846842664366
1.356787798536271,0.05960546552681911,-0.4067899117975807
1.2994638495891662,-0.9552142636712971,-0.8869139785629245
-0.4273072773233673,-0.9552142636712971,-1.1897255023272058
1.5232995825084283,-0.9552142636712971,-0.9669574655079587
0.5396160195399382,0.05960546552681911,-0.8952024276318934
-0.3205241028950956,-0.9552142636712971,-1.3854274214370308
1.4888861411471739,-0.9552142636712971,0.2891470782226685
-0.5866782483482139,2.3408466559766334,1.839522197447411
0.4653461139941349,-0.9552142636712971,-0.614205904316241
-1.1403187642352037,0.05960546552681911,-0.2570857994823293
0.08992556633514397,-0.36158277709840037,-0.34888923188536086
0.07543561088562381,-0.36158277709840037,-0.2366911761278907
-2.0387344178427855,-0.9552142636712971,-0.3713050295798839
0.6756660532493783,-0.9552142636712971,-0.5310084781214527
-0.8377569465536066,1.074425194724936,0.708431830703566
0.3924873840167408,-0.9552142636712971,-0.37195087284366485
-0.0874272207859269,-0.36158277709840037,0.5215973058038288
0.6950492016983384,-0.9552142636712971,0.17565763966127476
-0.7443590504544844,1.7852452398084835,2.1506830225533937
0.9378824098360496,0.3863044476016779,-0.9273496904150389
-2.341296235524383,0.3863044476016779,1.2697663117223874
-0.2960560335189878,0.05960546552681911,1.0024267265393938
0.5317195515827039,-0.9552142636712971,-1.6397625198247514
-0.4870358868672529,0.05960546552681911,0.35450596043314364
0.5474298004497687,0.8789251688960825,1.1531072850830124
-0.3458217546340572,-0.36158277709840037,-0.07599638931609323
-0.22712620679597337,0.6532369520997158,0.7862091494549569
-0.5519645819744484,-0.36158277709840037,0.45083836354435636
-0.6613614517492411,-0.36158277709840037,0.4393581205906486
-1.8240633918658722,2.9085646272923156,2.3112778769835187
-1.218939756502677,0.3863044476016779,0.3525996002261539
-0.7443590504544844,1.7852452398084835,2.1136931549371183
1.5419817358297152,-0.9552142636712971,-1.297355820658673
0.42980562287258406,-0.9552142636712971,-2.068462297643581
0.11808774849594178,0.6532369520997158,1.2743007714012853
-0.4870358868672529,0.05960546552681911,0.23198416801892402
0.9869048205414843,-0.9552142636712971,-0.334849971922996
1.0568488631984492,0.8789251688960825,0.25468013597835243
1.4733163816448338,-0.9552142636712971,-0.844882276188571
-0.9445401209818783,0.6532369520997158,0.17128845788896074
0.9144883541766984,-0.36158277709840037,-1.4182240763615857
-0.22712620679597337,2.41594390599791,2.392973104321205
-0.9445401209818783,1.6680566812978321,1.3602940923853097
-0.0015614215275583125,0.05960546552681911,-1.9380427362801607
1.2122820453568492,-0.9552142636712971,-0.7927116111410708
0.25643735030730064,1.2468684386726134,0.7731470649050937
-2.0387344178427855,-0.9552142636712971,-0.5932388305392389
-0.0874272207859269,1.2468684386726134,1.1270867497184118
-0.22712620679597337,-0.36158277709840037,-0.4765392386159514
0.45661842083469495,-0.9552142636712971,-0.4490929636838429
-0.4273072773233673,-0.9552142636712971,-0.396980238811539
-2.0387344178427855,0.05960546552681911,0.009386922664510093
-0.22712620679597337,-0.36158277709840037,-1.2569945757079557
-0.6230859205766931,1.2468684386726134,0.9591493862193732
1.2764130821748028,-0.9552142636712971,-0.913181063014402
-0.4870358868672529,1.6680566812978321,1.3481326628023442
-0.5187942651860693,0.3863044476016779,0.5750098655293799
-1.218939756502677,-0.36158277709840037,0.7938898084801514
-0.4273072773233673,0.3863044476016779,0.6099892920041292
-0.6230859205766931,0.05960546552681911,0.08480138645470411
0.9912057503645619,0.3863044476016779,-0.2910168623101931
0.947038466531095,-0.9552142636712971,-1.4867587688880108
-1.306830548207361,-0.9552142636712971,-0.23682375224756907
-1.0042687305257638,-0.9552142636712971,-0.9705096571265591
0.68218320610311,-0.9552142636712971,-1.6949190116703798
1.3698109782739254,-0.9552142636712971,-1.3747481093208949
-1.1403187642352037,1.4011241767997944,1.2600368135206612
0.13178004565621987,-0.36158277709840037,-0.7301835962314834
-1.306830548207361,1.9947556633726906,1.518559641807619
0.3924873840167408,0.05960546552681911,0.6671340485182436
-1.6575516078937147,0.3863044476016779,-0.18386932820421092
-0.14412860809073014,-0.9552142636712971,-0.4041124337710079
1.159430989184945,-0.9552142636712971,-1.6501603246764114
0.20904305891646366,-0.9552142636712971,-0.41718417661103996
1.3435332891612286,-0.9552142636712971,-0.9561766099717753
-0.9445401209818783,2.178003940795619,1.4996080055981276
-0.4565741366045355,-0.9552142636712971,-0.7558069161285396
-0.3205241028950956,-0.9552142636712971,-0.34651797084651026
-0.9445401209818783,0.3863044476016779,0.07791109849567965
1.5190836997772748,-0.9552142636712971,-1.334523743610875
-0.5187942651860693,0.3863044476016779,0.5218922417360274
0.07543561088562381,-0.36158277709840037,-1.1353381258298894
-0.6230859205766931,-0.9552142636712971,-1.0787633199095863
-1.8240633918658722,0.05960546552681911,0.03482616115627711
0.6142992229409651,0.6532369520997158,0.5077431631158246
-1.306830548207361,1.7852452398084835,1.3846203978976606
-0.9445401209818783,0.3863044476016779,-0.08693709790160412
-1.5215015741842748,1.074425194724936,0.9927401283307055
-0.24940276429285158,-0.36158277709840037,-0.1627083432190427
1.0123462367079263,0.3863044476016779,-0.05676174806804193
-0.12474545964177015,-0.9552142636712971,0.18945046556869172
0.8903370792262918,0.05960546552681911,-0.8172519462849968
0.9424744813034064,-0.9552142636712971,-1.3794491888457499
0.31173740525936816,-0.36158277709840037,-0.6307919998320477
0.7262759025749747,1.8937448980941993,1.2884342761019063
-0.4273072773233673,0.05960546552681911,-0.048268529501750826
-0.4565741366045355,0.3863044476016779,-0.005349360280598547
1.008165781748852,-0.9552142636712971,-0.3698755690418139
0.07543561088562381,0.3863044476016779,0.18279687362686053
1.2822428716590402,0.05960546552681911,-0.3304126020954412
0.03019695679125805,-0.9552142636712971,-0.49550709490727646
0.33275877447285523,-0.9552142636712971,-1.022220603480232
-0.7443590504544844,0.6532369520997158,0.7086918840644892
0.5926684545441344,0.6532369520997158,0.5253721491964847
-0.18447406918565573,-0.9552142636712971,-0.6381541279937512
0.11808774849594178,-0.9552142636712971,-0.874953496656354
-0.37200722237130046,-0.36158277709840037,0.03842900043658875
-1.0042687305257638,1.9947556633726906,1.7744757410747007
-1.218939756502677,1.4011241767997944,0.4614884787840896
0.4113797667403285,-0.9552142636712971,-2.135427936265508
0.10413950578058002,-0.9552142636712971,-0.9591322795487577
-0.16402870097223238,0.6532369520997158,0.3980573222031829
0.2211768101395232,1.4011241767997944,1.1056041427293881
1.4866816808776484,-0.9552142636712971,-1.5317498484552308
-0.3458217546340572,0.3863044476016779,0.32556418182145375
1.0369487703169469,-0.9552142636712971,-0.7045376047500931
0.10413950578058002,-0.9552142636712971,-1.4758980051035588
-1.0691974256329595,1.8937448980941993,0.6234373074886518
-0.16402870097223238,-0.36158277709840037,-1.0408408435511656
-1.0691974256329595,2.6828764104959486,2.11482560346986
-0.22712620679597337,0.3863044476016779,0.05401978750300893
-1.0042687305257638,-0.9552142636712971,-0.6097889684108225
0.17141108902445348,0.05960546552681911,0.6041050548895713
-1.6575516078937147,0.3863044476016779,0.45852154153413044
-0.034731738315937795,1.4011241767997944,1.2957045702711427
0.83955495487776,-0.9552142636712971,-0.6977993380985051
0.7013999571250162,0.3863044476016779,-0.1668255540250402
0.6142992229409651,0.3863044476016779,0.5943709715737823
0.37310423556778083,-0.36158277709840037,-0.056573847003785864
-1.5215015741842748,1.4011241767997944,1.0919055786016303
-0.0015614215275583125,-0.36158277709840037,0.3901452126168568
-0.7443590504544844,1.2468684386726134,1.1992107749514573
-0.7017069128441668,-0.9552142636712971,-0.8655715393493707
0.5075160485126933,-0.36158277709840037,-0.0010672352282015678
0.11808774849594178,-0.9552142636712971,-0.9340515291647636
0.8018323761266101,-0.9552142636712971,-0.4238854518126082
-1.6575516078937147,2.0892449239230517,2.2556500555250905
0.6213723494390907,0.3863044476016779,0.7588193705375017
1.068539064558348,0.05960546552681911,-0.07055212517202213
0.9605652887470136,0.3863044476016779,0.08083047476244955
-0.6230859205766931,-0.9552142636712971,-0.13524755031915334
0.9239341671206889,0.05960546552681911,-0.3833300708070356
1.1135502505032524,-0.36158277709840037,-0.10038454373328616
1.4844706888644472,-0.36158277709840037,0.09304417302757206
-0.14412860809073014,0.05960546552681911,-0.09199162938305917
0.5156714221309526,-0.9552142636712971,-0.6066389216513138
0.5317195515827039,-0.36158277709840037,0.15066868510539258
-1.1403187642352037,-0.36158277709840037,0.19044931065946985
1.2435087462334857,-0.9552142636712971,-0.20475979414507864
-0.0015614215275583125,0.3863044476016779,0.024512609390136206
-0.4870358868672529,-0.9552142636712971,-2.5070277103077743
1.060765981162014,0.6532369520997158,0.2733729024188215
-0.017962285213498085,-0.9552142636712971,-0.6836642168138521
-0.4273072773233673,1.4011241767997944,0.6281196381675671
1.4411670107791992,-0.36158277709840037,-0.6750516382759161
0.6283790606233428,-0.9552142636712971,-1.3137495301116708
0.08992556633514397,-0.9552142636712971,-0.4999051556478646
0.9694488372191374,-0.36158277709840037,0.8886207133954656
-0.0874272207859269,-0.9552142636712971,-0.6970366310364245
1.1628461404940136,-0.9552142636712971,-1.7806741897822131
-0.0874272207859269,0.3863044476016779,-0.04660855388560539
1.3926948271642658,-0.9552142636712971,-1.1358402368154468
-0.6230859205766931,1.074425194724936,1.0306152967304039
0.4909329380903411,0.3863044476016779,1.0510108459773277
0.35320414268627925,0.6532369520997158,0.9650384203426465
0.42980562287258406,0.05960546552681911,-0.6403051465672593
-0.6230859205766931,0.05960546552681911,1.2347858097227578
0.06065870705397517,-0.9552142636712971,-0.07868427520353612
0.11808774849594178,-0.9552142636712971,-0.5722937814472517
-0.4565741366045355,0.3863044476016779,0.05853204674776264
-1.1403187642352037,0.05960546552681911,0.4831026100228584
-0.4273072773233673,0.6532369520997158,0.5363452968774637
0.7013999571250162,-0.9552142636712971,-1.0465334673619335
-1.1403187642352037,1.4011241767997944,1.1252044191509376
0.7201342279169752,-0.36158277709840037,-0.8320055552670681
-1.6575516078937147,-0.36158277709840037,-0.8779845481033766
1.2705373883638653,-0.9552142636712971,-1.3214403167413011
-0.3458217546340572,-0.9552142636712971,-1.0576699853507674
-2.341296235524383,1.9947556633726906,1.7388441963934447
1.3135171700007557,-0.36158277709840037,-0.4530087883552804
-0.22712620679597337,1.2468684386726134,1.0465925483642609
-0.6613614517492411,-0.9552142636712971,-0.6754352866288017
0.9869048205414843,-0.36158277709840037,-0.032426259780921556
-2.0387344178427855,0.3863044476016779,0.5916434567767419
1.307927561403842,-0.9552142636712971,-0.977213115735171
0.8342813692643014,0.3863044476016779,0.913746147997877
1.1025494233790782,-0.9552142636712971,-1.285912701675545
0.25643735030730064,0.3863044476016779,0.30114811803911623
-0.18447406918565573,0.3863044476016779,0.1856589470517972
-0.06944540468970327,1.074425194724936,1.1870116254742618
1.3594106808800466,-0.9552142636712971,-1.3421824078614701
-1.1403187642352037,0.6532369520997158,0.30993334704805375
0.8499916181313663,-0.36158277709840037,-0.5633566330321461
-0.9445401209818783,-0.36158277709840037,-0.6249366061212982
0.8653779211463577,0.3863044476016779,0.330940069543389
1.2154641792133722,-0.9552142636712971,-1.2471640770287182
-0.22712620679597337,1.8937448980941993,1.5376592739973667
-0.4565741366045355,-0.9552142636712971,-0.1526534307385433
-0.9445401209818783,-0.9552142636712971,-0.3423179173624341
-0.16402870097223238,0.6532369520997158,0.884678799914394
1.5460705639150825,-0.9552142636712971,-1.0590782692767586
1.1025494233790782,-0.36158277709840037,-0.9523614744020441
-0.7895977045488505,-0.9552142636712971,-0.4428827754277246
-0.7017069128441668,1.074425194724936,1.557778216859354
1.1456119042818538,-0.9552142636712971,-1.6961194369399695
0.27905148268373375,0.05960546552681911,0.3450697890952375
1.1421167725593575,-0.36158277709840037,-0.7161927484149336
1.356787798536271,-0.9552142636712971,-1.1865069903416348
0.6886439326829644,-0.36158277709840037,0.48653091822511735
-0.7895977045488505,1.2468684386726134,0.3913290424310795
-0.6230859205766931,2.178003940795619,1.5025125793579783
0.27905148268373375,-0.9552142636712971,-0.38071269167678173
0.06065870705397517,-0.9552142636712971,-1.2234638236243218
-0.7443590504544844,0.3863044476016779,0.053108934257957076
0.4019933629965244,-0.9552142636712971,-2.392618185054917
-0.6230859205766931,0.3863044476016779,0.3262245589529486
0.8018323761266101,-0.9552142636712971,-1.0338622505923083
-0.8892400660298114,0.05960546552681911,0.21093055144362113
-0.0874272207859269,-0.9552142636712971,-1.2789938663643732
1.2186328007835272,0.05960546552681911,3.2706814619039974
-1.8240633918658722,1.2468684386726134,0.9703618114795596
-0.0874272207859269,1.074425194724936,1.0214346152167713
1.412463115884243,-0.9552142636712971,-1.751610319478879
0.08992556633514397,0.05960546552681911,-0.3642005930664781
-1.0691974256329595,0.8789251688960825,0.9378394835537373
0.2211768101395232,0.3863044476016779,-0.25236965936571626
0.27905148268373375,-0.36158277709840037,-0.012471256720600012
-0.4273072773233673,-0.9552142636712971,-1.0009380879267693
1.1628461404940136,0.05960546552681911,-0.8353147135243838
0.2678300793656594,-0.36158277709840037,-0.17275618204865742
-0.24940276429285158,-0.36158277709840037,0.32064126841514673
0.4909329380903411,0.8789251688960825,1.197918353724005
0.25643735030730064,-0.9552142636712971,-0.6617141625578237
0.6950492016983384,0.05960546552681911,-0.12261745455602738
-1.306830548207361,2.8553196544436252,3.456321900810522
-1.4064729096883226,-0.9552142636712971,-0.10513856162357427
0.31173740525936816,-0.9552142636712971,-0.7816111848419992
1.2496002842126919,-0.9552142636712971,-1.5306985220554834
0.7962843263422448,-0.9552142636712971,-0.8718684467582666
1.237367071575486,0.3863044476016779,0.2910145612833985
1.0369487703169469,0.05960546552681911,-0.33581717933110805
-0.4273072773233673,0.05960546552681911,-0.5887301175278705
-1.0691974256329595,0.05960546552681911,1.0178393935494285
-1.0042687305257638,-0.9552142636712971,-0.8566845879221533
-0.22712620679597337,0.6532369520997158,0.9258960536073866
0.014486707924192264,0.05960546552681911,1.519917653326385
-0.3991450951625692,0.05960546552681911,0.1996295962762075
1.531660558029954,-0.9552142636712971,-0.5754456795350215
-1.0691974256329595,-0.9552142636712971,-0.9505511602990554
-0.017962285213498085,-0.36158277709840037,0.6339672656684018
-0.7895977045488505,0.05960546552681911,0.22668238649439754
0.8854115876894589,-0.9552142636712971,-0.13784465904231435
-2.341296235524383,1.2468684386726134,1.0458596374025235
0.6756660532493783,0.3863044476016779,0.883308892726938
0.3828587438616125,0.05960546552681911,0.15670719788745702
0.6353205921544528,-0.36158277709840037,-0.032187084696548726
0.014486707924192264,0.05960546552681911,0.30368196802665537
0.8499916181313663,-0.9552142636712971,-0.37666217354738085
0.08992556633514397,-0.9552142636712971,-0.4417952443131622
-2.341296235524383,1.8937448980941993,1.3955697909706173
-0.4870358868672529,2.2616881678707283,1.606916757213493
0.014486707924192264,0.05960546552681911,0.06187750460723871
0.07543561088562381,0.05960546552681911,0.17425368205190658
1.4148977322642486,0.3863044476016779,1.2831209206165644
-0.16402870097223238,0.6532369520997158,-0.2709737814571484
0.4113797667403285,0.3863044476016779,0.5170802123390923
-0.5187942651860693,0.8789251688960825,0.8873363642231015
0.6353205921544528,0.6532369520997158,0.7217460085892029
1.1279702018006934,-0.36158277709840037,0.4651755514225344
-0.7017069128441668,0.3863044476016779,0.7829167445428186
0.25643735030730064,0.6532369520997158,0.843914794935877
0.06065870705397517,0.3863044476016779,0.7664637591217008
1.4481737219634514,-0.9552142636712971,-0.9942998113598491
-0.017962285213498085,-0.36158277709840037,-0.19033185721541732
-1.8240633918658722,-0.36158277709840037,0.15790044903961506
1.5602075626728675,-0.9552142636712971,-3.032659304068139
0.9869048205414843,-0.9552142636712971,-0.2449976571007381
0.1584332095908674,0.05960546552681911,0.6542048599814274
0.35320414268627925,1.9947556633726906,0.7370110958518464
0.5778915507124864,-0.36158277709840037,-0.10456457991850994
-0.12474545964177015,-0.9552142636712971,-0.18335954742062682
0.1841671134665053,0.05960546552681911,0.07199003417626648
1.2764130821748028,-0.9552142636712971,0.11301438689923599
0.3223221112192497,0.3863044476016779,0.8896709765029247
-0.017962285213498085,0.3863044476016779,0.21715397829416003
0.07543561088562381,-0.9552142636712971,-1.318159762406297
0.2678300793656594,-0.9552142636712971,-0.48860132240711024
-1.0042687305257638,2.41594390599791,3.0478040779778754
-0.22712620679597337,0.05960546552681911,0.29206025557580323
0.19670874076341505,-0.36158277709840037,-0.5658934968451407
0.35320414268627925,0.3863044476016779,0.41499307608747277
1.410020530205643,-0.9552142636712971,-1.4316915734483786
0.014486707924192264,-0.9552142636712971,-1.3571816586343384
-0.6613614517492411,1.2468684386726134,1.296177767052645
-0.12474545964177015,-0.36158277709840037,-0.4941007676625075
-0.6230859205766931,-0.36158277709840037,-0.8942584904999697
1.048952395241215,-0.36158277709840037,-1.1942829165074584
0.10413950578058002,-0.9552142636712971,-1.4876113284701156
-1.6575516078937147,1.7852452398084835,1.1188137530508147
0.8182332398125501,0.6532369520997158,-0.014896616705970128
-1.6575516078937147,2.9085646272923156,2.4642761662149186
-0.6230859205766931,-0.9552142636712971,-0.7084748049110248
-0.7443590504544844,0.6532369520997158,0.5371300811064559
-0.06944540468970327,1.2468684386726134,0.2263123192821912
-0.9445401209818783,1.2468684386726134,1.1650188639660966
-1.218939756502677,0.3863044476016779,0.10929667900514262
-0.3991450951625692,-0.36158277709840037,-1.861534334440169
-0.5187942651860693,0.8789251688960825,0.7792292299365472
-0.06944540468970327,0.05960546552681911,0.16651387129854278
0.5926684545441344,-0.9552142636712971,-0.9757558937488006
-1.5215015741842748,2.0892449239230517,1.3169599943253634
1.3408538993577666,-0.36158277709840037,-1.250638416412597
-0.22712620679597337,-0.9552142636712971,-0.5751299266101891
-0.7895977045488505,-0.36158277709840037,-0.6587275465415455
0.25643735030730064,1.074425194724936,1.4323851099999798
-2.0387344178427855,-0.36158277709840037,-0.3110931391932633
1.5541816139754578,-0.9552142636712971,-0.6273410116329563
1.4293409429987136,0.6532369520997158,-0.293401939171799
1.0951243943709967,0.3863044476016779,-0.2700669529076621
-2.0387344178427855,-0.36158277709840037,-0.47955263531538794
0.5317195515827039,0.05960546552681911,-0.51456255889138
0.20904305891646366,-0.9552142636712971,-1.0999515677580003
0.42980562287258406,-0.9552142636712971,-1.1577836658537495
0.9192262066550354,-0.36158277709840037,-0.43373303795266804
1.1928988969078893,-0.9552142636712971,-0.2772887122883525
1.2734810184474739,-0.36158277709840037,-0.8191808604327426
0.8854115876894589,-0.9552142636712971,-1.1083758551714253
1.0762320116474091,-0.36158277709840037,-0.9881714128061545
-2.341296235524383,0.6532369520997158,0.5124167918043019
1.5541816139754578,-0.9552142636712971,-2.0195096954770784
-0.4565741366045355,-0.9552142636712971,-0.6077188741730633
-0.7017069128441668,0.05960546552681911,-0.5744762657857421
-1.0691974256329595,1.074425194724936,1.5527878915753448
-1.218939756502677,-0.9552142636712971,-1.1750079049118458
-0.5866782483482139,1.074425194724936,0.6114902996802503
-1.6575516078937147,0.05960546552681911,0.15543121973206767
0.9954820328900365,-0.9552142636712971,-1.0539541762395037
-2.341296235524383,1.2468684386726134,0.4181137973282847
1.0123462367079263,-0.36158277709840037,-0.7998897481616747
-0.7443590504544844,1.2468684386726134,0.5779482353842919
1.2586453556679202,-0.9552142636712971,-1.4046607414667318
1.0646626441082796,-0.36158277709840037,-0.6149167942922916
-0.5866782483482139,-0.36158277709840037,-0.2558626419904713
0.9049214377701915,0.3863044476016779,-1.1615948647361252
0.9912057503645619,-0.9552142636712971,-0.6419222398043062
1.5622054467539612,-0.9552142636712971,-0.5354149673476999
1.5622054467539612,-0.9552142636712971,-1.3795732777752818
1.0762320116474091,-0.9552142636712971,-0.9936504773026905
0.2901066368625376,-0.9552142636712971,-0.42144715002916755
-1.6575516078937147,1.2468684386726134,0.9808773362816766
-0.5519645819744484,0.05960546552681911,0.33550589085442967
1.231174428080437,-0.36158277709840037,-0.43981480371990717
0.25643735030730064,-0.9552142636712971,-1.2735995823647803
0.6690914798070661,0.6532369520997158,-0.4635201808292737
0.5075160485126933,2.0892449239230517,1.6928514744282608
1.4269530713337628,-0.9552142636712971,-2.370723479450522
0.8018323761266101,-0.9552142636712971,-0.6073430720392995
1.3408538993577666,-0.9552142636712971,-0.6368614317116449
1.5460705639150825,-0.9552142636712971,-1.1003444677593077
0.4477874389688077,-0.9552142636712971,0.6796842422363979
-1.218939756502677,-0.36158277709840037,0.21811031423822969
-0.7017069128441668,-0.36158277709840037,-0.5457348474300623
-0.24940276429285158,0.3863044476016779,0.6964629454005496
-1.1403187642352037,-0.36158277709840037,-0.01938857183535417
-0.20549543839914347,0.3863044476016779,0.05917181365402535
-0.7895977045488505,1.2468684386726134,0.6556295030111047
-0.4565741366045355,1.9947556633726906,1.4342548164526603
-0.24940276429285158,-0.9552142636712971,-0.4172581202316251
0.36322052473557237,-0.9552142636712971,-1.5348367576890052
-0.5866782483482139,-0.36158277709840037,-0.34339533158956753
-0.7017069128441668,0.3863044476016779,0.08607810481810856
-0.4870358868672529,-0.36158277709840037,-0.47715695158534815
-1.8240633918658722,0.05960546552681911,-0.06804641354009233
1.410020530205643,-0.9552142636712971,-0.6641317398251129
-0.6613614517492411,1.7852452398084835,1.3943334991404022
1.5501371094479746,-0.9552142636712971,-0.6801307703253417
-0.10585307691818248,1.074425194724936,1.236262082083657
0.45661842083469495,-0.9552142636712971,-0.532182579228572
0.9560835379863235,-0.36158277709840037,-0.4195723320504956
-0.7017069128441668,-0.36158277709840037,0.29677151085542847
0.3924873840167408,-0.9552142636712971,0.32925813640686863
0.49927055844501256,0.05960546552681911,0.949384234509844
-0.4273072773233673,1.2468684386726134,1.2284523238263618
-0.5187942651860693,0.3863044476016779,0.5577496938829742
-1.8240633918658722,1.5406654655354899,1.0667072274333163
0.7384096537980341,-0.36158277709840037,0.36018385550848575
-0.2960560335189878,-0.9552142636712971,-1.1586760113899146
-0.9445401209818783,1.074425194724936,0.5400176400922743
-0.6230859205766931,-0.9552142636712971,-1.2138355585626417
-0.017962285213498085,-0.36158277709840037,0.06945890921015613
-1.6575516078937147,-0.9552142636712971,-2.2471674377043427
-1.1403187642352037,1.074425194724936,1.0658610882814652
0.14522562128721084,-0.9552142636712971,-0.4447560517342979
0.4909329380903411,0.8789251688960825,0.27992013435358554
-0.14412860809073014,0.6532369520997158,1.1479987445070003
-1.8240633918658722,0.05960546552681911,2.2542144610090995
-0.2960560335189878,0.6532369520997158,1.053669831467062
-0.9445401209818783,0.3863044476016779,-0.1796356830216587
1.1386051930976016,-0.9552142636712971,-1.5574081546285927
0.04558325980624953,0.3863044476016779,0.6729463933776352
-0.4565741366045355,0.05960546552681911,-0.3299983837689566
-0.5187942651860693,0.3863044476016779,0.23200866904547168
1.252627506451775,0.05960546552681911,-0.48775240559407673
-1.218939756502677,2.178003940795619,1.2154044474308452
-0.18447406918565573,0.05960546552681911,0.5302690651700295
-1.6575516078937147,3.697696139694065,3.126189047150247
-0.12474545964177015,0.05960546552681911,-0.09134118406293829
-1.6575516078937147,0.05960546552681911,-0.02351172491578189
-1.8240633918658722,1.2468684386726134,0.5579610698461054
0.03019695679125805,-0.9552142636712971,-0.9757932250566768
-0.10585307691818248,-0.36158277709840037,-0.4550999740257972
0.03019695679125805,1.4011241767997944,1.3119604941616922
-0.7017069128441668,0.05960546552681911,0.12639028049671555
1.2937675680461596,-0.9552142636712971,-0.1475021072986203
0.014486707924192264,0.05960546552681911,-0.006506193197745792
-0.9445401209818783,-0.9552142636712971,-0.8416277167468486
-0.2960560335189878,-0.9552142636712971,-0.3975931902430841
-0.034731738315937795,-0.9552142636712971,-0.890192175805712
0.5237386278211207,0.8789251688960825,0.20078563800645446
-0.10585307691818248,4.118884382319285,3.7446062762571204
1.4245575339360348,-0.9552142636712971,-0.6220369682684362
0.5237386278211207,-0.36158277709840037,-0.22303710777003813
-1.4064729096883226,2.487376384667096,1.9801820269716284
1.0838464579070546,0.05960546552681911,-0.4011359226228145
0.4825011053425735,-0.36158277709840037,0.03548529107731211
1.3218238523484769,0.05960546552681911,0.1301219050243109
-1.218939756502677,0.05960546552681911,-0.34167889308272564
0.2678300793656594,0.05960546552681911,0.4710250075281273
-0.27236486089033946,0.05960546552681911,1.1699216532866612
-0.5187942651860693,0.6532369520997158,0.3841792356919721
-0.12474545964177015,0.3863044476016779,0.051091325301994665
0.7201342279169752,0.3863044476016779,0.4872716743397138
1.5622054467539612,-0.36158277709840037,-0.8247488518594845
-0.0874272207859269,0.05960546552681911,0.3117452868527064
0.9954820328900365,-0.9552142636712971,-1.3151215244922478
0.13178004565621987,-0.9552142636712971,-0.5515362817836046
-0.22712620679597337,-0.36158277709840037,0.5827374632572185
0.8602843228124161,-0.9552142636712971,0.06118928856358474
1.172998804026387,-0.9552142636712971,-1.3330593474943626
-0.0015614215275583125,-0.9552142636712971,-0.08654680213228055
-0.7443590504544844,1.074425194724936,0.9031118271654164
0.27905148268373375,0.8789251688960825,0.5512400478134862
-1.0691974256329595,0.3863044476016779,0.3679304735037386
1.2937675680461596,-0.9552142636712971,-0.612336930432379
1.5460705639150825,-0.9552142636712971,-0.5404933909219876
-0.7017069128441668,0.6532369520997158,0.5874980028362793
-0.5187942651860693,-0.36158277709840037,0.12745292510392187
-0.0015614215275583125,-0.9552142636712971,-0.6340880202453633
1.3698109782739254,-0.9552142636712971,-0.17198187839511841
1.3926948271642658,-0.9552142636712971,-1.4091561820052771
-1.8240633918658722,1.5406654655354899,0.8930836642511302
1.3594106808800466,-0.9552142636712971,-1.751610319478879
-0.7017069128441668,0.05960546552681911,0.49393696095978107
0.4388506943278125,-0.36158277709840037,-0.9563223112367479
0.1584332095908674,0.6532369520997158,1.0720575868964517
0.5926684545441344,-0.36158277709840037,0.47348177537408365
1.3976862120525944,-0.9552142636712971,-0.40389426185870214
-0.4870358868672529,0.6532369520997158,0.23964869776294015
0.19670874076341505,0.6532369520997158,0.3454309854363518
0.9097202276752518,-0.36158277709840037,-0.6617141625578237
0.6886439326829644,0.05960546552681911,0.09485141065852325
0.6353205921544528,-0.9552142636712971,-2.9390538809957722
-0.9445401209818783,0.3863044476016779,0.3142677184497249
1.305116977069759,-0.9552142636712971,-0.6478551826831903
1.2342771737504357,-0.9552142636712971,-1.0828534937674972
0.4909329380903411,1.074425194724936,0.8071647959960481
0.07543561088562381,0.05960546552681911,0.006713056285410371
0.33275877447285523,-0.9552142636712971,0.45708928396120524
-0.05188672966437643,0.05960546552681911,0.7396240336269563
-1.306830548207361,0.8789251688960825,0.5382808089724652
0.23311641299189426,-0.9552142636712971,-0.705254424648174
1.2616361783431542,-0.9552142636712971,-0.6084710119768135
0.27905148268373375,-0.9552142636712971,-1.5050027509844524
-0.6613614517492411,1.074425194724936,1.1793399289599074
0.4653461139941349,-0.9552142636712971,0.11841251779123975
1.1662457329732419,-0.36158277709840037,-0.13541610472708754
-0.0015614215275583125,0.05960546552681911,0.47548622451675276
0.8499916181313663,0.3863044476016779,-1.0384539688252785
1.0329042657894636,-0.9552142636712971,-1.1909969884292504
0.9825789576526459,-0.9552142636712971,-1.3275191220107765
-1.0691974256329595,1.2468684386726134,0.6573529261548423
1.1421167725593575,-0.9552142636712971,-0.1342499218872525
1.060765981162014,-0.9552142636712971,-0.9033055623513356
-1.218939756502677,-0.36158277709840037,-0.4275476250142424
0.19670874076341505,0.3863044476016779,0.4683544050700622
0.17141108902445348,-0.36158277709840037,0.1297876113229845
0.35320414268627925,0.3863044476016779,-0.04651579044944173
0.10413950578058002,-0.9552142636712971,-0.6802337143083315
1.4411670107791992,-0.9552142636712971,-0.8480548454619524
1.5501371094479746,-0.9552142636712971,-0.7291428031819965
-0.3205241028950956,0.3863044476016779,1.7149890711914757
-0.10585307691818248,-0.9552142636712971,-0.07986838007886349
-0.6613614517492411,0.6532369520997158,0.7558761036039118
0.10413950578058002,0.8789251688960825,1.2509869426983238
-1.6575516078937147,3.192823669993736,2.3838107952397416
-0.5187942651860693,-0.36158277709840037,-0.12740405918931985
1.3022957666826813,-0.9552142636712971,-0.2682410680381126
0.20904305891646366,0.05960546552681911,-0.01808977758294318
-0.6230859205766931,0.05960546552681911,-0.10547565710160092
0.27905148268373375,-0.36158277709840037,-0.0006074564779934231
0.4909329380903411,-0.9552142636712971,-0.12444422435487101
1.2646150615747365,-0.9552142636712971,-0.24143345089091503
-1.8240633918658722,0.8789251688960825,0.9579741869428181
1.2556424974565459,-0.9552142636712971,-1.1260832878415061
-1.1403187642352037,1.6680566812978321,1.314736067543634
0.9192262066550354,0.05960546552681911,0.009127508025801822
0.8018323761266101,-0.9552142636712971,-0.5237041016948945
1.3901865583873654,-0.9552142636712971,-1.7806741897822131
-1.5215015741842748,-0.36158277709840037,-0.7536868499201677
-0.034731738315937795,0.6532369520997158,0.8257154460154056
1.3190652197851211,-0.9552142636712971,0.7339553895567561
0.07543561088562381,0.6532369520997158,0.7318638112546033
-1.1403187642352037,1.4011241767997944,1.1510416001975599
-0.7443590504544844,0.05960546552681911,-0.07933652290822304
1.3541556643837713,-0.9552142636712971,-0.582469689327705
0.2678300793656594,-0.36158277709840037,0.2744110835560993
-2.0387344178427855,2.41594390599791,1.6134756928560134
1.2705373883638653,-0.9552142636712971,-2.3369001814580126
1.2090862834765006,-0.36158277709840037,0.13158742232801365
-0.7017069128441668,0.05960546552681911,0.09932265407310165
-1.0042687305257638,2.9085646272923156,1.312245830038982
-1.218939756502677,0.3863044476016779,0.731315002337729
0.08992556633514397,0.8789251688960825,0.7579139379815796
0.19670874076341505,-0.9552142636712971,-1.8134078286867032
0.5474298004497687,0.6532369520997158,0.35864632126622165
-0.7443590504544844,0.8789251688960825,0.5319674830664485
0.7562481747889629,0.05960546552681911,0.2620119290308628
0.5396160195399382,0.3863044476016779,0.2837630553219595
0.07543561088562381,-0.9552142636712971,-0.6203404401394707
0.8236210556992564,-0.9552142636712971,-1.029776238776271
0.2211768101395232,-0.9552142636712971,-0.9611821513804545
0.5853165797205673,1.2468684386726134,2.103624702543824
0.35320414268627925,-0.9552142636712971,-0.6860199639687825
0.34305147915390505,0.3863044476016779,1.7556202470657285
0.2901066368625376,-0.9552142636712971,-0.604366429215896
0.25643735030730064,0.8789251688960825,0.37148105292152106
-0.7017069128441668,-0.36158277709840037,-0.2502692285370498
-0.4870358868672529,1.7852452398084835,1.3569737607277708
-0.24940276429285158,2.0892449239230517,1.7901362699639485
-0.0015614215275583125,0.3863044476016779,0.2399317535179267
-0.7443590504544844,-0.36158277709840037,-0.9624660114443434
-0.0874272207859269,-0.9552142636712971,-0.9639358242316518
-1.8240633918658722,1.8937448980941993,1.561076528655219
1.2249299626985986,-0.9552142636712971,-0.6632494793534106
0.37310423556778083,-0.9552142636712971,-0.47119716956874985
-1.6575516078937147,-0.36158277709840037,0.30734510258288683
-1.8240633918658722,0.3863044476016779,0.7487683209767708
1.5378703796522515,-0.9552142636712971,-0.5445405681819302
0.19670874076341505,0.3863044476016779,-0.16041680539660447
-0.4870358868672529,-0.9552142636712971,-0.5045339904729039
-0.27236486089033946,0.3863044476016779,0.034135057258245234
0.14522562128721084,0.3863044476016779,-0.23888890035187782
-0.4273072773233673,-0.9552142636712971,-0.483762538079005
-0.0015614215275583125,-0.36158277709840037,-0.07024146535364266
0.49927055844501256,0.6532369520997158,0.9029363030516641
-2.0387344178427855,2.3408466559766334,2.6765342705525885
0.49927055844501256,-0.9552142636712971,-0.22431224249617404
-0.6230859205766931,-0.36158277709840037,-0.03968116992236089
0.4113797667403285,-0.9552142636712971,-1.2027315000452725
0.9825789576526459,0.05960546552681911,0.3027859534091861
0.42980562287258406,-0.9552142636712971,-0.8694808444532377
1.3135171700007557,-0.9552142636712971,0.18388220538933975
1.2186328007835272,-0.36158277709840037,-0.6893714409649087
-0.2960560335189878,1.074425194724936,1.1491482638700927
-0.14412860809073014,0.05960546552681911,0.13552534037159775
1.4435098989158772,-0.9552142636712971,0.05063999118951175
0.17141108902445348,0.3863044476016779,0.4599144389601662
-0.0015614215275583125,0.6532369520997158,0.3274784899784104
1.1099012982026455,0.05960546552681911,-0.8288342271727082
1.1863243234655771,-0.9552142636712971,-0.6638291401714119
0.4825011053425735,-0.36158277709840037,0.2628372525725815
1.060765981162014,-0.36158277709840037,-0.23158178672167856
-0.017962285213498085,0.3863044476016779,0.24719194203218298
0.33275877447285523,0.05960546552681911,-0.23945036777084003
-0.06944540468970327,0.6532369520997158,0.14145078865524593
0.4019933629965244,-0.9552142636712971,-0.4111624382541366
0.17141108902445348,-0.36158277709840037,-0.4448900262992106
-0.4565741366045355,-0.36158277709840037,1.2976811330015547
-1.0691974256329595,1.8937448980941993,1.010382066868863
-1.218939756502677,1.074425194724936,1.2674283122678565
-0.20549543839914347,-0.36158277709840037,-0.4547123020436864
1.1421167725593575,-0.36158277709840037,0.5883903718105866
-0.4565741366045355,0.05960546552681911,0.5293538910795739
0.9782278709309759,-0.9552142636712971,-1.461323080410191
0.23311641299189426,-0.9552142636712971,-1.2334166452184074
0.11808774849594178,0.6532369520997158,0.7212740080669499
1.2966211442140112,-0.36158277709840037,-0.493754663000797
0.2901066368625376,-0.36158277709840037,1.2901809948171936
-0.7017069128441668,1.2468684386726134,1.0194086192016567
1.3135171700007557,-0.9552142636712971,0.028668872663362956
1.008165781748852,-0.9552142636712971,-2.160390126828681
-0.0015614215275583125,0.6532369520997158,1.5645948732314972
0.08992556633514397,-0.9552142636712971,0.2821238410853639
-0.7017069128441668,0.3863044476016779,0.0030612288486066533
-1.1403187642352037,1.4011241767997944,1.600932209997749
0.36322052473557237,1.074425194724936,0.13647454399102696
0.33275877447285523,-0.36158277709840037,-0.06620201413657288
1.5211946184651242,-0.9552142636712971,0.3593632797540473
-1.8240633918658722,0.6532369520997158,0.5242704127825034
0.7013999571250162,-0.9552142636712971,-0.4496896999503808
1.5622054467539612,-0.9552142636712971,-0.5744312055403612
1.087624740705768,-0.9552142636712971,-0.20589255047570784
1.008165781748852,-0.9552142636712971,0.08777394770017186
0.5853165797205673,-0.9552142636712971,-0.19672129631867422
-0.5519645819744484,0.05960546552681911,0.5779059575825475
0.34305147915390505,-0.9552142636712971,0.8292054673780425
1.493275620030947,-0.9552142636712971,-1.157830606437182
-1.4064729096883226,0.6532369520997158,0.6130693799312776
-0.27236486089033946,-0.36158277709840037,0.08980810083244274
0.9782278709309759,-0.9552142636712971,-1.2892286767821568
0.7323674405541809,-0.9552142636712971,-0.6945956342885846
-0.5187942651860693,1.5406654655354899,0.8981365222113384
-1.0691974256329595,0.3863044476016779,0.48004209545948384
1.3190652197851211,-0.9552142636712971,-0.6955134093362204
-0.4870358868672529,0.05960546552681911,-0.15335606663496526
0.7621008264266822,-0.9552142636712971,-0.8998711397758213
-0.3991450951625692,0.05960546552681911,1.5882320381972665
0.8289702489178785,-0.9552142636712971,-0.5533771472105942
1.1490907416248033,0.8789251688960825,-0.10940648941651722
-0.12474545964177015,0.3863044476016779,1.0010315154274907
0.6283790606233428,-0.36158277709840037,-0.021239659217858125
-0.6613614517492411,-0.36158277709840037,-0.12975671414003223
-1.8240633918658722,-0.36158277709840037,-0.7718758504354918
1.4733163816448338,-0.9552142636712971,-0.923460400295716
0.25643735030730064,1.2468684386726134,1.110688945453249
0.7201342279169752,0.05960546552681911,0.4878341875751043
-0.18447406918565573,-0.9552142636712971,-0.6294629226658403
1.1628461404940136,-0.9552142636712971,-0.4638729662516305
0.9869048205414843,-0.36158277709840037,0.28442849937458664
0.34305147915390505,0.6532369520997158,-0.5265626465451619
-2.341296235524383,-0.36158277709840037,-0.632850410110338
1.0838464579070546,-0.9552142636712971,-0.9923152813008848
0.7679079316757323,0.05960546552681911,-0.45570123957265607
0.03019695679125805,0.05960546552681911,-0.15862570365164214
-1.4064729096883226,1.9947556633726906,1.1373527799294874
-0.8377569465536066,0.8789251688960825,1.3190695756460868
-0.6613614517492411,0.05960546552681911,-0.8388576412926795
-0.3458217546340572,1.074425194724936,0.619108674489776
-1.218939756502677,2.6205659263872656,2.861932142867106
-0.14412860809073014,-0.9552142636712971,-1.2432343135530783
0.9192262066550354,-0.9552142636712971,-0.9649663129993511
1.3594106808800466,-0.9552142636712971,-1.616602358097185
0.6353205921544528,-0.9552142636712971,-0.24296113180549522
-0.4273072773233673,0.3863044476016779,0.7936803654494704
0.37310423556778083,0.3863044476016779,-0.6434443305929789
-0.7443590504544844,-0.36158277709840037,-0.6284253719424994
0.9239341671206889,-0.9552142636712971,-1.5597398752672382
-0.017962285213498085,-0.9552142636712971,-0.19801098358357883
-1.0042687305257638,-0.36158277709840037,0.12306267008210027
-0.24940276429285158,1.074425194724936,0.530471047505458
1.377517166470927,-0.9552142636712971,-2.058631701385664
-0.5519645819744484,0.3863044476016779,0.3419396370283213
1.4777981324055245,-0.9552142636712971,-1.2284759581124782
-0.6613614517492411,-0.36158277709840037,-0.3044728546104233
-1.6575516078937147,2.6828764104959486,1.7625613415115926
0.24486798276817184,-0.36158277709840037,-0.4809134019578254
1.0913839892534942,0.05960546552681911,-0.9762039852219702
-0.22712620679597337,0.05960546552681911,-0.07669460645294959
-2.341296235524383,0.3863044476016779,0.8157795675925382
-1.306830548207361,1.4011241767997944,0.6992850067714258
-1.5215015741842748,0.8789251688960825,1.2381663233067661
-1.0691974256329595,0.3863044476016779,0.16302981683914533
-0.24940276429285158,0.6532369520997158,-0.017407641568000773
0.11808774849594178,-0.9552142636712971,-1.4979140264888569
-0.9445401209818783,-0.36158277709840037,-0.022116221832676496
-0.6613614517492411,1.4011241767997944,0.5975533163314402
-0.6230859205766931,-0.9552142636712971,-0.6315178889501664
-0.14412860809073014,-0.36158277709840037,0.07799040965401743
-2.0387344178427855,-0.36158277709840037,-0.32812880556389434
-0.6613614517492411,0.05960546552681911,0.6001219123451711
0.4388506943278125,0.3863044476016779,0.4639565597691518
-0.22712620679597337,-0.36158277709840037,-0.5655146784524965
0.27905148268373375,-0.36158277709840037,-0.3502134385642519
-1.1403187642352037,-0.36158277709840037,0.23433282890103785
1.3135171700007557,-0.9552142636712971,-0.056104288616377555
1.2556424974565459,0.05960546552681911,-0.549590482219167
-1.6575516078937147,0.3863044476016779,0.8651087855374333
0.2211768101395232,-0.9552142636712971,0.6957524440871543
0.37310423556778083,-0.36158277709840037,-0.09511626844190424
0.5075160485126933,-0.36158277709840037,-0.17173751810115465
0.20904305891646366,0.05960546552681911,-0.2130233909225428
-0.3205241028950956,-0.36158277709840037,-0.6937574521627636
1.4551152534945606,-0.9552142636712971,-1.614014618404747
0.11808774849594178,0.3863044476016779,0.5114061189676893
1.3218238523484769,-0.9552142636712971,-0.9536674587061881
-2.0387344178427855,1.8937448980941993,1.13780749385459
0.17141108902445348,0.6532369520997158,0.6052088007447166
0.2211768101395232,0.6532369520997158,0.5668795758960704
0.9049214377701915,-0.36158277709840037,0.6785489302694141
-0.6230859205766931,-0.36158277709840037,-0.4568079809399092
0.5474298004497687,-0.9552142636712971,-0.6902050075797981
-2.341296235524383,1.7852452398084835,1.374889870223689
1.307927561403842,-0.36158277709840037,-0.7179990400718708
1.4293409429987136,-0.9552142636712971,-1.1157765555109962
0.3223221112192497,-0.9552142636712971,-0.3915027434937508
1.4051112410606752,-0.36158277709840037,-1.162774861311584
-0.6230859205766931,-0.9552142636712971,-1.2261705421756754
-0.8892400660298114,1.5406654655354899,0.8359641847621453
-0.16402870097223238,0.6532369520997158,0.8140067420612027
-0.6230859205766931,-0.36158277709840037,-0.9764654886362256
0.13178004565621987,-0.9552142636712971,-1.3261255758700023
0.17141108902445348,-0.9552142636712971,-0.8071635051704433
-0.5187942651860693,-0.36158277709840037,-1.3847401299894038
-0.017962285213498085,-0.9552142636712971,-1.020362608019293
-0.37200722237130046,0.05960546552681911,0.2942608071184848
-0.0015614215275583125,0.05960546552681911,-0.1108510036474215
0.6756660532493783,0.8789251688960825,0.22098899855178214
-0.7017069128441668,3.814884698204717,3.072028754226512
-0.4273072773233673,-0.9552142636712971,-0.5872176161878226
1.0646626441082796,-0.9552142636712971,-1.340349398308525
1.4051112410606752,-0.9552142636712971,-0.6934171930267548
-2.0387344178427855,1.5406654655354899,0.748891923430499
1.3022957666826813,-0.36158277709840037,-0.8737049063797796
0.6283790606233428,-0.9552142636712971,-0.742390869046696
0.17141108902445348,-0.9552142636712971,-0.6982731109103181
1.1456119042818538,0.05960546552681911,-0.12076941314309211
0.25643735030730064,-0.9552142636712971,-0.734498222904275
-0.3458217546340572,-0.9552142636712971,-1.086235227143489
-0.3205241028950956,1.074425194724936,0.5826586668383253
-1.4064729096883226,0.6532369520997158,0.07568716647043577
-1.218939756502677,0.6532369520997158,1.280811025570891
0.2901066368625376,-0.36158277709840037,-0.5107064213330698
-2.0387344178427855,0.05960546552681911,-0.13876867771462412
0.014486707924192264,0.3863044476016779,-0.08178117009093608
-0.20549543839914347,-0.9552142636712971,-0.9091200005393105
-2.341296235524383,-0.36158277709840037,4.328063550678115
0.8128062394661227,-0.9552142636712971,-0.8263866694906201
1.0913839892534942,-0.9552142636712971,-1.091702027226329
1.0913839892534942,-0.36158277709840037,-0.019982693634097624
0.8854115876894589,-0.9552142636712971,-0.6696491214763731
0.4909329380903411,-0.9552142636712971,-0.7928895352196272
-0.0015614215275583125,-0.36158277709840037,-3.593519167713197
0.25643735030730064,1.074425194724936,0.7392099917185613
0.5778915507124864,0.6532369520997158,0.8653959313431148
1.1628461404940136,-0.9552142636712971,-0.9890440102726985
-1.8240633918658722,2.3408466559766334,1.245576034052555
-0.3458217546340572,0.05960546552681911,0.08839061124264737
1.0123462367079263,-0.9552142636712971,-1.2869060422573524
0.36322052473557237,0.05960546552681911,-1.32606756444273
-0.5519645819744484,0.3863044476016779,0.5342487422974058
-0.5866782483482139,0.05960546552681911,0.46197170182321007
-0.20549543839914347,1.074425194724936,0.6256848853343855
0.36322052473557237,-0.9552142636712971,-1.7954052357132768
-0.4565741366045355,0.3863044476016779,-0.11804978635567928
0.10413950578058002,0.3863044476016779,0.029027428091649578
1.3354660834710605,-0.9552142636712971,-0.9319643754287371
0.9560835379863235,0.05960546552681911,-0.6590783311385123
-1.306830548207361,1.074425194724936,0.7259288063854917
0.4909329380903411,0.3863044476016779,-0.22826655301667823
0.25643735030730064,1.074425194724936,0.980428421297344
-0.4273072773233673,0.05960546552681911,-0.6226112625588027
-1.0691974256329595,-0.36158277709840037,-0.6983257697724876
0.3828587438616125,-0.9552142636712971,0.04625695095998118
-0.7443590504544844,-0.9552142636712971,-0.9438169037506179
1.068539064558348,-0.9552142636712971,-1.306868236752365
0.9954820328900365,-0.36158277709840037,-0.46406902584250187
0.3924873840167408,-0.9552142636712971,-0.5480634181113927
-0.22712620679597337,0.05960546552681911,-0.2975096411657407
0.03019695679125805,-0.9552142636712971,0.0062791938220250415
0.4206495661775393,0.3863044476016779,0.4937195999795783
1.3926948271642658,-0.9552142636712971,0.10322166501024034
-1.8240633918658722,0.05960546552681911,-0.08958886024045187
-1.1403187642352037,0.05960546552681911,0.6274545484680967
0.07543561088562381,0.8789251688960825,1.1178954431195685
0.9378824098360496,-0.36158277709840037,-1.5607524160146227
1.535806175684412,-0.36158277709840037,-0.5441501026249919
-1.5215015741842748,0.8789251688960825,-0.47084309620256715
0.6353205921544528,0.3863044476016779,0.5395518981876011
-0.4273072773233673,-0.9552142636712971,-0.35165900110195625
-0.24940276429285158,-0.9552142636712971,0.0547846698913112
-0.5866782483482139,-0.36158277709840037,-1.6485919549254058
1.3926948271642658,-0.9552142636712971,-0.5479544543013133
1.5602075626728675,-0.9552142636712971,-0.8509210268607768
-0.5187942651860693,0.05960546552681911,0.18682683094977368
-1.5215015741842748,0.3863044476016779,0.14808608902231066
0.10413950578058002,0.6532369520997158,0.6395863740059758
-0.2960560335189878,-0.9552142636712971,-1.5550832552204763
1.3408538993577666,-0.9552142636712971,-1.184562701793726
0.2211768101395232,-0.36158277709840037,-0.32087427440418304
-0.4273072773233673,-0.36158277709840037,-0.9639358242316518
1.0449726030954503,0.05960546552681911,0.2906050017273739
-2.0387344178427855,2.555485194733606,2.03606958668489
-2.0387344178427855,2.8553196544436252,2.2938447151753176
0.9869048205414843,-0.9552142636712971,-0.7263830925714626
0.42980562287258406,-0.9552142636712971,-0.9175751793716531
-1.6575516078937147,-0.9552142636712971,-0.8627816528573982
1.060765981162014,-0.9552142636712971,-0.36996265769979025
-0.5187942651860693,1.074425194724936,0.42820104329800246
-0.6613614517492411,0.05960546552681911,1.7712139564116578
-0.6230859205766931,0.05960546552681911,0.3176332203428434
-1.5215015741842748,-0.9552142636712971,-0.15928019069828556
0.6557659603678762,-0.9552142636712971,-0.22271864351109139
-1.8240633918658722,0.3863044476016779,0.5152695924823947
0.13178004565621987,-0.9552142636712971,-1.4272648466447486
0.9560835379863235,-0.9552142636712971,-0.602987363111798
1.377517166470927,-0.36158277709840037,0.0644731869834019
-1.0691974256329595,1.5406654655354899,1.3624986522527482
0.6490128893147309,0.6532369520997158,0.9155969308973745
0.5551626080798789,0.05960546552681911,0.19009641400893293
1.2435087462334857,-0.36158277709840037,-0.5137689590249511
0.947038466531095,1.7852452398084835,1.6397654454118193
-0.05188672966437643,0.05960546552681911,0.11330839849015814
-0.18447406918565573,-0.36158277709840037,-0.7386701756678589
0.2901066368625376,1.074425194724936,1.2060684141310563
-0.4565741366045355,-0.36158277709840037,-0.7499411171740189
-2.341296235524383,2.487376384667096,1.9392902406096477
-0.37200722237130046,-0.36158277709840037,0.11738487913016095
-1.4064729096883226,-0.36158277709840037,-0.27815726707160066
0.13178004565621987,-0.9552142636712971,0.31390680842317126
1.544028950443085,-0.9552142636712971,-1.1328778081182782
-0.7895977045488505,0.6532369520997158,-0.13181940237597217
1.0762320116474091,-0.36158277709840037,0.13988415459766135
-1.8240633918658722,-0.9552142636712971,-1.3976474564637382
-0.7895977045488505,1.5406654655354899,1.301857638734554
-0.37200722237130046,0.05960546552681911,0.5338522287855499
0.7621008264266822,0.05960546552681911,0.26205124959330156
0.4653461139941349,-0.36158277709840037,-0.07101834271316672
0.33275877447285523,-0.9552142636712971,-0.3766270420332154
1.0329042657894636,-0.9552142636712971,-1.5236754069252274
0.6756660532493783,-0.9552142636712971,-0.6653432919330743
1.5641979960247516,-0.9552142636712971,-0.8990911139554595
0.4206495661775393,-0.36158277709840037,0.2020248140138579
1.2616361783431542,-0.9552142636712971,-0.35495107446319213
1.2090862834765006,-0.9552142636712971,-0.9277361541623266
0.33275877447285523,0.05960546552681911,-0.36304281580586156
0.31173740525936816,-0.9552142636712971,-0.9697683067485756
-1.6575516078937147,2.178003940795619,1.377862119885061
0.08992556633514397,0.05960546552681911,-0.6249366061212982
0.37310423556778083,-0.9552142636712971,-1.0999515677580003
0.2211768101395232,-0.9552142636712971,-0.5557062461720623
-0.7443590504544844,-0.36158277709840037,-0.8444074812640229
-1.6575516078937147,-0.9552142636712971,-1.6508583726330766
1.3646289487086452,-0.9552142636712971,-1.275230350818463
-1.6575516078937147,0.8789251688960825,0.09062811213226438
-0.06944540468970327,-0.9552142636712971,-0.8683386426689076
-0.16402870097223238,-0.9552142636712971,-0.25226450587516086
0.37310423556778083,-0.36158277709840037,-0.3239094992725696
-0.6613614517492411,1.9947556633726906,1.214159474762345
-0.7895977045488505,1.074425194724936,1.6076808321056748
1.1662457329732419,-0.9552142636712971,-1.787487066696266
1.0449726030954503,-0.9552142636712971,-1.3647583429099532
-0.22712620679597337,0.3863044476016779,0.39102154999995303
0.3223221112192497,-0.9552142636712971,-0.1267624668565685
1.0329042657894636,-0.9552142636712971,-0.28584489372281635
-0.7895977045488505,-0.36158277709840037,-0.2949378592385147
1.2217880243366335,-0.9552142636712971,-1.239063874084071
-0.27236486089033946,0.6532369520997158,1.027757897443714
1.305116977069759,-0.9552142636712971,-0.9240198459944352
-1.6575516078937147,-0.36158277709840037,-1.1093027027203972
0.10413950578058002,0.3863044476016779,0.09058908315508907
1.252627506451775,-0.9552142636712971,-1.365001993574104
0.42980562287258406,-0.36158277709840037,0.08774457083092294
1.3354660834710605,-0.9552142636712971,-0.6176477786764193
-2.341296235524383,2.2616881678707283,1.4336860843077825
0.4113797667403285,-0.9552142636712971,-0.6424865463156461
-0.2960560335189878,0.6532369520997158,0.8763148041991153
0.36322052473557237,-0.36158277709840037,-0.455623631355259
-0.7017069128441668,0.8789251688960825,1.0954571370745436
1.1796913086042329,-0.36158277709840037,-0.9536311523699215
-0.24940276429285158,0.3863044476016779,0.36851531517304076
-0.4870358868672529,1.5406654655354899,0.6667844248984098
-0.27236486089033946,0.05960546552681911,0.4364019706006039
0.6283790606233428,-0.9552142636712971,-0.9070972249037635
-1.5215015741842748,-0.36158277709840037,-0.041995124015842954
1.252627506451775,-0.9552142636712971,-0.3156676368090813
1.0123462367079263,-0.36158277709840037,0.11015395953223453
0.9782278709309759,-0.36158277709840037,-0.9676961972469359
-0.034731738315937795,-0.9552142636712971,-0.7255652191355161
0.34305147915390505,-0.9552142636712971,-0.2669088269746929
0.19670874076341505,1.074425194724936,1.7741719831234901
-0.7443590504544844,-0.36158277709840037,0.4075629815833085
0.83955495487776,0.3863044476016779,-0.14929467703563226
-0.6613614517492411,0.8789251688960825,1.3126484828334943
-0.5187942651860693,2.0892449239230517,1.9662089130494296
-1.0691974256329595,0.3863044476016779,0.1479408520656059
1.5521621018942895,-0.9552142636712971,-1.4037646967824589
1.0568488631984492,-0.9552142636712971,-2.3020772043608417
-0.7443590504544844,0.3863044476016779,0.44277954905128225
1.539928889257083,-0.9552142636712971,-1.3295557670327691
-0.6230859205766931,-0.9552142636712971,-1.4314928335946606
0.30100039615403923,-0.36158277709840037,-0.19560152784631163
-0.7895977045488505,0.8789251688960825,-0.6829666000522363
-0.4565741366045355,0.05960546552681911,0.4921022135424201
-0.7017069128441668,1.6680566812978321,1.3744205707854114
-0.3458217546340572,0.05960546552681911,0.672223930798511
-2.0387344178427855,2.487376384667096,1.9196519035510982
0.14522562128721084,-0.36158277709840037,-0.6893974766918703
-0.20549543839914347,0.3863044476016779,0.6237716071365779
-1.8240633918658722,1.7852452398084835,1.1556403527131047
1.5481066068113414,-0.9552142636712971,-1.3631764317892066
-0.034731738315937795,-0.9552142636712971,-1.0886411508462628
0.35320414268627925,0.8789251688960825,0.7080460776406241
-1.5215015741842748,0.6532369520997158,0.27639071183399183
-1.6575516078937147,2.959940965055545,3.5911484537844904
0.2211768101395232,-0.36158277709840037,-0.6389600778506193
0.03019695679125805,1.074425194724936,1.1163375134687856
-2.341296235524383,0.3863044476016779,0.43851462775189504
0.3828587438616125,-0.36158277709840037,-0.42897220423467913
0.34305147915390505,-0.36158277709840037,-0.9262264996299812
1.2822428716590402,-0.36158277709840037,0.4479931477953116
0.31173740525936816,-0.36158277709840037,-0.33152377300418245
0.8073394805210485,0.3863044476016779,-0.07787574832646622
1.237367071575486,-0.9552142636712971,-1.4738692993780491
1.1928988969078893,-0.36158277709840037,0.8041371681214002
-1.1403187642352037,1.8937448980941993,1.5449677289074806
-1.1403187642352037,1.8937448980941993,1.593796150036285
-2.341296235524383,2.487376384667096,2.3530434277610888
-0.14412860809073014,0.05960546552681911,-0.24736777730668455
0.014486707924192264,-0.9552142636712971,-0.07940902793040337
0.4653461139941349,0.6532369520997158,1.1349048806413369
-0.6230859205766931,1.5406654655354899,0.9719535096605335
-1.8240633918658722,0.6532369520997158,0.65262854353944
-1.1403187642352037,1.6680566812978321,1.2743777770065206
-0.6230859205766931,2.0892449239230517,1.790060385728628
1.1662457329732419,0.05960546552681911,0.35084338868603904
0.4019933629965244,-0.9552142636712971,-0.6959858209566245
1.3135171700007557,-0.36158277709840037,0.17187886496913407
-0.4565741366045355,0.8789251688960825,1.32379937633806
1.5541816139754578,-0.9552142636712971,-0.14301210921100396
-0.7895977045488505,1.074425194724936,0.7079922367426612
-0.3991450951625692,-0.9552142636712971,-1.2333650210962956
1.2994638495891662,-0.9552142636712971,-0.7206484948206667
-0.7017069128441668,1.8937448980941993,1.4889226929790698
0.5156714221309526,-0.36158277709840037,-0.1828088006573742
1.4051112410606752,1.074425194724936,0.03480522744150399
-0.3991450951625692,0.6532369520997158,0.49788608597187345
1.544028950443085,-0.9552142636712971,-0.8251193830096745
0.014486707924192264,0.3863044476016779,0.29190121691454335
-0.12474545964177015,2.555485194733606,1.8232264358835848
0.10413950578058002,0.05960546552681911,0.018776707680550876
-0.24940276429285158,-0.9552142636712971,-0.14602890332609197
0.10413950578058002,0.05960546552681911,-0.09142706142905552
0.4113797667403285,0.6532369520997158,0.8975782483465
0.11808774849594178,-0.9552142636712971,-0.43840864314168987
1.3951946930149468,-0.9552142636712971,-3.9978114886526086
1.008165781748852,-0.9552142636712971,-0.6419958222817969
0.03019695679125805,-0.9552142636712971,-0.3533289195890121
-0.3205241028950956,1.074425194724936,0.8853682530458895
-1.0042687305257638,1.074425194724936,0.457833396537424
0.4825011053425735,2.2616881678707283,1.820505540998513
-1.5215015741842748,2.3408466559766334,1.7630849001964328
-0.12474545964177015,-0.36158277709840037,0.1123216070724296
-0.6613614517492411,0.6532369520997158,0.5848096289362884
-0.0015614215275583125,0.6532369520997158,-0.1199423737301213
-0.27236486089033946,-0.9552142636712971,0.7055206058782583
1.5622054467539612,-0.9552142636712971,-0.9923152813008848
0.1841671134665053,-0.9552142636712971,-0.9320703697224769
1.5602075626728675,-0.9552142636712971,0.8058845210186558
0.68218320610311,0.05960546552681911,0.563318791804872
1.1525534358129637,-0.9552142636712971,-0.8791737657046339
1.4458454540573504,-0.9552142636712971,-1.5163452177984307
0.2678300793656594,-0.9552142636712971,-0.5357582436545623
-1.218939756502677,0.05960546552681911,0.06713077078104181
0.5628161034647609,-0.9552142636712971,-0.6578012176052535
-0.5866782483482139,0.05960546552681911,0.40400591440569616
1.0951243943709967,-0.9552142636712971,-0.13545500697543203
-1.6575516078937147,1.8937448980941993,1.0696502542360855
1.3851445847556845,-0.9552142636712971,-2.4105788940499657
1.3300390831246345,-0.36158277709840037,0.362391028568717
-0.27236486089033946,1.6680566812978321,1.6194680617827983
0.04558325980624953,0.05960546552681911,-0.33114215112526796
1.2937675680461596,-0.9552142636712971,-0.5526753622562711
0.1841671134665053,0.6532369520997158,0.03357964447237666
-0.22712620679597337,0.6532369520997158,0.8958798170482284
0.17141108902445348,-0.9552142636712971,-1.1425348426352813
0.30100039615403923,0.3863044476016779,-0.07352146139414242
-1.0691974256329595,1.6680566812978321,0.6718671486411961
0.20904305891646366,-0.9552142636712971,-0.5310511423301635
0.4206495661775393,-0.36158277709840037,-0.9366770879848199
0.36322052473557237,-0.36158277709840037,-0.8578423330165293
-2.0387344178427855,2.6205659263872656,2.1308602841451774
0.5853165797205673,-0.36158277709840037,-0.42964789724483304
1.5602075626728675,-0.9552142636712971,-0.6713525546568772
-1.0691974256329595,1.8937448980941993,0.9048053970892785
-0.5866782483482139,-0.9552142636712971,-1.5106903382205839
0.7384096537980341,-0.36158277709840037,-0.1584254581803104
-1.218939756502677,-0.9552142636712971,-1.7359114870849999
-1.6575516078937147,0.8789251688960825,0.6002298277454394
-0.3205241028950956,1.074425194724936,0.6785396177289443
1.3541556643837713,-0.36158277709840037,-1.490602510153189
0.17141108902445348,-0.9552142636712971,-0.8646296687930821
-2.341296235524383,1.5406654655354899,0.39691002659952873
1.5460705639150825,-0.9552142636712971,-0.4435895140670692
0.49927055844501256,-0.9552142636712971,-0.6858125851307431
-1.0042687305257638,-0.9552142636712971,0.3741216643906127
0.947038466531095,0.3863044476016779,0.6248234837311617
0.2678300793656594,-0.9552142636712971,-0.6195054542715929
-0.4870358868672529,0.05960546552681911,-0.2389922987597738
0.9954820328900365,-0.36158277709840037,-0.3607150917000708
0.6071584099936543,0.3863044476016779,0.03886649382201148
0.8499916181313663,0.05960546552681911,0.34557258626124476
0.5778915507124864,-0.36158277709840037,-0.7316924254568968
-0.4870358868672529,0.6532369520997158,0.18367393662998174
1.068539064558348,-0.9552142636712971,-0.6757167465078924
-1.5215015741842748,-0.36158277709840037,-0.2242397368125056
1.5378703796522515,-0.9552142636712971,-0.32905477247604337
-1.218939756502677,1.5406654655354899,0.6531815714660071
-0.8377569465536066,2.555485194733606,1.73111750645527
0.6071584099936543,0.3863044476016779,-0.4394345149062733
-1.8240633918658722,1.4011241767997944,0.6300472363953048
-1.0042687305257638,1.6680566812978321,1.2146007739098532
0.5551626080798789,-0.9552142636712971,-0.29940410582343374
1.1928988969078893,-0.9552142636712971,-0.5596327954610717
-0.7443590504544844,-0.36158277709840037,-0.36062901049080087
-0.10585307691818248,-0.36158277709840037,0.0523106964439579
0.08992556633514397,-0.9552142636712971,-0.5974021392038098
0.5317195515827039,-0.36158277709840037,-1.3708107608860423
0.9192262066550354,-0.9552142636712971,-1.0324979111197714
-0.10585307691818248,-0.9552142636712971,-0.6348898550323246
1.0369487703169469,0.05960546552681911,-1.024797350498363
-2.341296235524383,0.3863044476016779,0.33483883309457446
1.1961645881530594,-0.9552142636712971,-0.44630771195635427
0.7679079316757323,-0.36158277709840037,-1.100999733054834
-0.0874272207859269,-0.36158277709840037,-0.8389833445706623
-0.27236486089033946,1.6680566812978321,1.171069984133258
1.087624740705768,-0.36158277709840037,-0.16585487783819292
-1.1403187642352037,3.2352636093671734,2.4861585359269425
-0.14412860809073014,0.8789251688960825,0.7514704002201815
0.5926684545441344,0.05960546552681911,0.44060912074982117
-0.034731738315937795,2.178003940795619,2.099147615100803
0.07543561088562381,-0.9552142636712971,-0.9667359798227767
-0.034731738315937795,-0.9552142636712971,-1.0477995101269006
0.11808774849594178,-0.9552142636712971,-0.7511502133983733
1.048952395241215,-0.9552142636712971,-1.3953022843460263
1.480028953972913,-0.9552142636712971,-0.619243211224315
-1.6575516078937147,0.05960546552681911,-0.5956647759507139
-1.0691974256329595,-0.36158277709840037,-1.2759925227953586
-0.4565741366045355,-0.36158277709840037,-0.6288595306790924
-0.7895977045488505,-0.9552142636712971,-2.379409112871772
1.5541816139754578,-0.9552142636712971,-0.52224702863313
0.8602843228124161,-0.36158277709840037,0.02378063530388226
0.20904305891646366,-0.36158277709840037,-1.1326049090550228
-0.27236486089033946,-0.36158277709840037,-0.2911745932916711
0.83955495487776,0.05960546552681911,-0.9914010130981608
-0.4870358868672529,0.3863044476016779,0.09413289433546485
-0.5187942651860693,0.8789251688960825,1.075715704822323
0.3924873840167408,0.05960546552681911,-0.05163392706010175
-1.5215015741842748,0.8789251688960825,1.8141638278078531
0.2901066368625376,0.6532369520997158,0.8419952399792375
-0.9445401209818783,0.8789251688960825,0.12228484379292928
0.45661842083469495,-0.9552142636712971,-3.121930401762827
-0.27236486089033946,1.074425194724936,0.571884883751788
0.2901066368625376,-0.9552142636712971,-0.4115294332029666
0.2901066368625376,0.05960546552681911,-0.02286993933312821
1.048952395241215,-0.36158277709840037,-0.7767140805853229
-0.12474545964177015,-0.36158277709840037,-0.4155038152189883
-0.7895977045488505,0.05960546552681911,-0.3784383375542248
-0.18447406918565573,-0.9552142636712971,-1.0523493720928117
1.0800489471232713,0.05960546552681911,0.6170335945072215
-2.0387344178427855,0.6532369520997158,0.018050119124963685
-2.341296235524383,0.6532369520997158,-0.2672608115289116
1.5501371094479746,-0.9552142636712971,-1.2704562205364232
0.2678300793656594,-0.9552142636712971,-1.012504457798516
1.3976862120525944,-0.36158277709840037,-0.7279667052079754
-0.3991450951625692,0.05960546552681911,-0.29397162501910534
-1.218939756502677,0.8789251688960825,0.444912828775803
-0.7017069128441668,0.05960546552681911,0.15936936399308743
0.6950492016983384,-0.9552142636712971,0.6790516454755225
-0.3205241028950956,-0.9552142636712971,-0.5490447652798026
-1.6575516078937147,2.178003940795619,1.2836603811336145
-1.5215015741842748,1.074425194724936,1.1369291915825577
0.4388506943278125,0.3863044476016779,-0.20628939694003634
-0.3205241028950956,0.6532369520997158,0.19579242616895515
0.34305147915390505,-0.9552142636712971,-0.5150014674614641
-1.6575516078937147,1.2468684386726134,0.5811653118255465
-0.3205241028950956,1.6680566812978321,0.9996587194443516
1.3749572694199874,-0.9552142636712971,-1.4690630968352687
-0.16402870097223238,-0.9552142636712971,-1.0883830246443826
-1.1403187642352037,0.8789251688960825,-0.12280887675691121
-0.4565741366045355,-0.36158277709840037,-0.20230160977548928
1.3408538993577666,-0.9552142636712971,-0.4895321300803685
0.07543561088562381,0.8789251688960825,0.3073079604011829
0.9144883541766984,1.6680566812978321,1.0109768218776742
0.2211768101395232,-0.9552142636712971,-1.2270406912535974
-0.9445401209818783,2.41594390599791,1.80805666756553
-0.5519645819744484,0.05960546552681911,0.10644194481086905
1.558204315138142,-0.9552142636712971,-0.9100130301188332
0.6950492016983384,0.05960546552681911,-0.23009041104296268
0.4206495661775393,2.2616881678707283,1.076382090963531
-1.6575516078937147,1.074425194724936,0.4599696136854977
-0.3991450951625692,0.05960546552681911,-0.515524293913204
-1.5215015741842748,2.555485194733606,1.4588094475372346
0.11808774849594178,-0.9552142636712971,-1.247531848352703
-2.341296235524383,-0.36158277709840037,-0.2011457857467675
0.14522562128721084,-0.36158277709840037,0.19773038096184964
-0.3991450951625692,-0.9552142636712971,-0.8080698662809257
-1.1403187642352037,0.3863044476016779,1.0467595574849018
0.10413950578058002,0.05960546552681911,1.14013447923054
-0.8892400660298114,1.4011241767997944,0.7662719792255424
1.1421167725593575,0.05960546552681911,0.09375395525251218
-0.5187942651860693,2.41594390599791,1.4214210228898094
1.2217880243366335,-0.9552142636712971,-0.4598058544843643
0.8289702489178785,0.05960546552681911,-0.406005770098475
-1.6575516078937147,0.8789251688960825,0.4543590106362414
0.17141108902445348,0.05960546552681911,0.3849139617883738
0.8073394805210485,0.05960546552681911,0.44908149636274
0.6490128893147309,-0.36158277709840037,-1.161076220772225
-0.2960560335189878,-0.9552142636712971,-2.786833187587727
-2.341296235524383,1.4011241767997944,0.8380240735771823
1.0409714714796316,0.3863044476016779,-0.26652641180232906
-0.6613614517492411,-0.9552142636712971,-0.6777667316455123
1.231174428080437,-0.36158277709840037,-0.44023333170196793
0.4825011053425735,-0.9552142636712971,-1.4423636941730682
-0.10585307691818248,0.05960546552681911,-0.28449848133877903
0.6950492016983384,-0.9552142636712971,-0.896654231869588
1.048952395241215,-0.9552142636712971,-1.4893904372220008
1.1928988969078893,-0.9552142636712971,-1.016738206041358
-1.218939756502677,1.074425194724936,0.8642135502447702
1.0568488631984492,-0.9552142636712971,-0.6518186722152849
-1.6575516078937147,-0.36158277709840037,-0.3980081020911192
-0.10585307691818248,0.05960546552681911,-0.08696149775262588
-0.12474545964177015,-0.9552142636712971,-0.562224336744001
1.3135171700007557,-0.9552142636712971,-0.840084097201767
0.4019933629965244,-0.9552142636712971,-0.5913264052089698
-1.6575516078937147,0.8789251688960825,0.7438641501847868
1.2793336700851932,-0.36158277709840037,0.2767459042379898
0.2211768101395232,-0.9552142636712971,-0.5047816205790517
-0.8892400660298114,1.074425194724936,0.7666388220963932
0.4909329380903411,-0.36158277709840037,1.4420000378534505
-0.7017069128441668,1.5406654655354899,1.6034256759864989
-0.2960560335189878,-0.36158277709840037,0.7529049345298174
-1.8240633918658722,1.074425194724936,0.635988829703408
-1.5215015741842748,-0.9552142636712971,-1.3855524474024534
-1.306830548207361,0.8789251688960825,0.35378460453108856
1.1662457329732419,-0.9552142636712971,-1.1091260769729054
-1.0042687305257638,0.6532369520997158,0.6347647006235468
-0.2960560335189878,0.8789251688960825,0.5533141150873859
1.3698109782739254,0.05960546552681911,-0.026389233645014623
0.8854115876894589,0.3863044476016779,-0.7138265257917518
-0.4870358868672529,-0.36158277709840037,-0.32005592934807303
-2.341296235524383,1.6680566812978321,1.3535220080382697
0.473972906706051,0.05960546552681911,0.5731087041836502
0.014486707924192264,-0.36158277709840037,0.47017211700480005
-1.5215015741842748,0.3863044476016779,0.059039840426348446
0.08992556633514397,0.8789251688960825,0.16188885041406098
-0.6613614517492411,-0.9552142636712971,-1.0399904560404603
-0.2960560335189878,-0.9552142636712971,-0.7813188443761068
-1.218939756502677,0.05960546552681911,-0.1731912097117579
-0.3205241028950956,0.05960546552681911,0.7381005041437803
-1.8240633918658722,2.487376384667096,1.9724907676538412
-0.06944540468970327,-0.36158277709840037,0.18835546088178437
-1.0042687305257638,0.3863044476016779,0.43676183436702715
-0.27236486089033946,-0.9552142636712971,-1.8373275631749677
-0.0015614215275583125,0.05960546552681911,-1.6016930142619752
0.2211768101395232,0.05960546552681911,-0.5609828864465363
1.0409714714796316,-0.36158277709840037,-1.2237187809739052
0.4113797667403285,0.8789251688960825,0.15077724208417034
0.6624584649457211,-0.36158277709840037,-0.010718041833340174
0.25643735030730064,-0.9552142636712971,-1.2653880629617436
-0.9445401209818783,-0.36158277709840037,-0.5124758370739675
0.473972906706051,0.05960546552681911,0.27804178172584965
-0.7443590504544844,0.05960546552681911,0.02134648697985238
1.252627506451775,-0.36158277709840037,-0.4087262231503928
0.4909329380903411,-0.9552142636712971,0.44257279840608216
-0.2960560335189878,-0.9552142636712971,-1.4763183846677475
0.8236210556992564,-0.9552142636712971,-0.37963641065749926
-0.37200722237130046,0.05960546552681911,0.3092889282822792
-1.8240633918658722,0.6532369520997158,0.2829898287688704
-0.24940276429285158,0.3863044476016779,0.6921125653249196
-0.4273072773233673,-0.9552142636712971,0.21247215044215498
0.6756660532493783,0.05960546552681911,-0.602660478080132
0.9192262066550354,-0.9552142636712971,-0.09726388181419447
0.4653461139941349,0.05960546552681911,0.33078862487163735
0.7076971190400876,0.05960546552681911,0.1928723147680341
-1.8240633918658722,1.4011241767997944,1.6307135629556093
0.5551626080798789,0.8789251688960825,1.1747345297392033
1.0762320116474091,-0.9552142636712971,-0.8742632437644009
-0.3458217546340572,-0.9552142636712971,-0.4743512202585303
0.7850629230241704,-0.9552142636712971,-0.2980186332878986
-0.3458217546340572,0.6532369520997158,0.4964762629699474
0.4388506943278125,0.05960546552681911,0.3858095433513154
-0.2960560335189878,0.6532369520997158,1.1480425907614673
1.3107275994304497,-0.9552142636712971,-0.896417710840101
0.36322052473557237,1.6680566812978321,1.5689683549944853
1.4340938842810735,0.3863044476016779,-0.24441738477759556
-0.5519645819744484,1.074425194724936,0.5555893545776897
0.19670874076341505,0.05960546552681911,0.13052101607751104
-0.9445401209818783,2.555485194733606,1.4583330826480052
-0.3458217546340572,1.4011241767997944,1.0461792696886942
0.68218320610311,-0.9552142636712971,-0.6893974766918703
-0.3458217546340572,1.4011241767997944,0.9593129252126926
-0.6613614517492411,0.3863044476016779,0.5473667277732263
-0.6613614517492411,0.3863044476016779,0.11047758055134621
-0.16402870097223238,0.05960546552681911,0.11707349693845565
-0.16402870097223238,-0.36158277709840037,-0.516969082169802
0.4019933629965244,-0.9552142636712971,-1.4326860188931312
-0.5187942651860693,-0.36158277709840037,-0.7338922124750457
-0.4273072773233673,-0.36158277709840037,-0.7303480566475153
-0.22712620679597337,-0.36158277709840037,0.8064595125956499
0.6490128893147309,0.05960546552681911,0.5249146902757992
-0.18447406918565573,-0.36158277709840037,1.0573266486480495
0.7384096537980341,0.6532369520997158,0.6088057582244114
-1.306830548207361,0.8789251688960825,0.8245771061994072
-0.3458217546340572,0.3863044476016779,0.8013533358394945
-1.6575516078937147,1.074425194724936,0.7947994394049263
-1.8240633918658722,1.4011241767997944,1.3206257816304592
0.07543561088562381,0.3863044476016779,0.7096999071670568
1.4528085769791685,-0.9552142636712971,-0.6952510797257949
-0.4870358868672529,0.05960546552681911,0.4774136674096816
-0.7895977045488505,0.3863044476016779,0.2718441544252092
-2.0387344178427855,1.2468684386726134,0.21742852288519143
-0.6613614517492411,-0.36158277709840037,0.2317064369143786
-1.0691974256329595,0.3863044476016779,0.6384069587330982
1.2994638495891662,-0.9552142636712971,-2.6316747430319585
0.9286126103988395,-0.36158277709840037,-0.06842772643195723
-0.22712620679597337,0.8789251688960825,2.1446504774467163
-0.3205241028950956,0.8789251688960825,0.15414418212593387
0.9560835379863235,-0.9552142636712971,-1.1816551587424506
0.03019695679125805,-0.9552142636712971,-0.9053528629921157
-1.4064729096883226,1.2468684386726134,0.07843638750123008
-1.218939756502677,0.05960546552681911,0.11368760763373342
1.3698109782739254,-0.9552142636712971,-1.4501237785820995
1.4435098989158772,-0.9552142636712971,-1.2126276127226372
-1.8240633918658722,-0.36158277709840037,-0.1418870255785277
1.2122820453568492,-0.9552142636712971,-0.68105774657457
0.713941584421926,-0.9552142636712971,-1.312722086468154
0.9424744813034064,-0.9552142636712971,-0.5890972184282458
1.0409714714796316,-0.9552142636712971,-0.7158696665427822
0.07543561088562381,-0.9552142636712971,-0.9091543292815703
0.895230272225732,0.6532369520997158,0.24604535131302616
1.4822531262858296,-0.9552142636712971,-1.2122756407556692
-1.5215015741842748,0.6532369520997158,0.9704005140154559
-0.7443590504544844,1.074425194724936,1.5155833128052687
0.6353205921544528,-0.36158277709840037,-0.4468064187097835
-0.7443590504544844,1.074425194724936,0.3583119836162754
1.3381648540746935,-0.9552142636712971,-0.5121633008383466
-0.7443590504544844,1.7852452398084835,2.133779154583033
1.2556424974565459,-0.9552142636712971,-0.37193341071766145
1.231174428080437,-0.9552142636712971,-0.17923821987380548
-2.341296235524383,-0.36158277709840037,0.242120008131624
0.6283790606233428,0.05960546552681911,0.02586869159840237
-0.4870358868672529,0.3863044476016779,0.6826312648389201
0.10413950578058002,-0.9552142636712971,-1.3933427244767496
1.0800489471232713,0.05960546552681911,0.6709227810167557
-0.4565741366045355,-0.9552142636712971,-0.9687315766662248
0.37310423556778083,-0.9552142636712971,-0.6265948676293123
-0.6613614517492411,-0.36158277709840037,-0.8395178054294101
-1.218939756502677,-0.36158277709840037,-0.6518683411348704
-0.24940276429285158,0.05960546552681911,0.4423534586275754
-0.5187942651860693,0.05960546552681911,0.5967589240131592
-0.27236486089033946,0.8789251688960825,1.2535860565363888
-0.3205241028950956,1.5406654655354899,0.6830341802866516
-0.5187942651860693,-0.36158277709840037,-0.7189442602721537
-0.22712620679597337,1.074425194724936,0.9717474774110663
1.3594106808800466,-0.9552142636712971,-1.2043225467179617
-0.10585307691818248,-0.36158277709840037,-0.9967491325244545
0.1841671134665053,-0.36158277709840037,0.11205572297909341
1.3723885603136328,-0.9552142636712971,-0.9285800006841889
0.4113797667403285,-0.9552142636712971,-0.6549538925059349
-1.5215015741842748,1.2468684386726134,1.3078284452510145
1.1628461404940136,-0.9552142636712971,-1.9703911363808364
-0.017962285213498085,0.3863044476016779,0.5460475772485742
1.1062344148605145,-0.9552142636712971,-0.6844918156234591
1.0123462367079263,0.05960546552681911,-0.015398187371771843
0.1584332095908674,0.3863044476016779,0.061260161856744745
0.17141108902445348,-0.36158277709840037,-0.8774565776155528
-1.218939756502677,0.8789251688960825,1.21406453969588
0.03019695679125805,-0.36158277709840037,-1.28096453769461
1.1928988969078893,-0.9552142636712971,-1.0059631329361993
-1.0042687305257638,1.074425194724936,0.9739595298335261
0.6283790606233428,-0.36158277709840037,-0.5054216890454619
0.19670874076341505,-0.36158277709840037,-0.3884838487648152
-0.3458217546340572,1.074425194724936,0.8412936544903279
-0.16402870097223238,1.074425194724936,0.6755165946606467
1.3327575169453991,-0.36158277709840037,-0.8058963336860837
-0.2960560335189878,-0.9552142636712971,0.2647283315990141
-0.4565741366045355,0.05960546552681911,-0.037522955460510064
0.13178004565621987,-0.9552142636712971,-0.7279667052079754
-0.16402870097223238,0.8789251688960825,1.263026216735425
0.9997339490010838,0.3863044476016779,0.60990299933675
0.13178004565621987,-0.9552142636712971,-0.5047403435360343
0.11808774849594178,-0.9552142636712971,-1.004839404775133
-0.37200722237130046,1.2468684386726134,0.9218781160556182
1.2734810184474739,-0.9552142636712971,-0.9217844222446208
-0.0874272207859269,1.074425194724936,1.0668786323681596
0.20904305891646366,0.8789251688960825,0.30006934287583065
1.2154641792133722,-0.9552142636712971,-1.468646536566676
-1.6575516078937147,1.5406654655354899,0.7856233821529244
-0.24940276429285158,-0.9552142636712971,-1.4635957982006575
-0.4565741366045355,1.9947556633726906,1.17521072877367
-1.306830548207361,-0.36158277709840037,-0.6143243418282059
0.2678300793656594,-0.9552142636712971,-0.6282565964664477
1.4245575339360348,-0.36158277709840037,-0.43975774879573803
1.4221542814287025,-0.9552142636712971,-0.48555348549230043
-0.6230859205766931,0.8789251688960825,0.20476788401541826
-0.7443590504544844,1.2468684386726134,0.7667305063619124
0.5551626080798789,-0.36158277709840037,-0.6524646104244906
1.305116977069759,1.2468684386726134,1.280317669004232
-0.9445401209818783,1.5406654655354899,1.159394369989051
-1.8240633918658722,-0.36158277709840037,-0.43808595738762035
-0.18447406918565573,-0.9552142636712971,-1.0583323963477078
1.0329042657894636,-0.9552142636712971,-1.2493205911055447
-0.4273072773233673,-0.36158277709840037,-0.21991587843577978
-0.8892400660298114,0.8789251688960825,0.18492273127863648
-1.0042687305257638,-0.36158277709840037,-0.6626450663210888
-1.8240633918658722,2.2616881678707283,1.2977452247942938
1.4317211978352093,-0.9552142636712971,-0.508007853213645
0.6421981455264346,-0.36158277709840037,0.35503780355405445
-2.341296235524383,2.8553196544436252,1.9582698346055705
0.11808774849594178,-0.9552142636712971,0.21782769124093757
1.1171814462747254,-0.9552142636712971,-1.1431797641676567
-0.7895977045488505,-0.9552142636712971,-0.7549016627105376
0.7201342279169752,-0.9552142636712971,-0.6527380500988623
-1.6575516078937147,-0.36158277709840037,-0.5091069325444576
1.5419817358297152,-0.9552142636712971,-0.7844524820141395
0.7013999571250162,-0.36158277709840037,-0.5808554748185017
-0.6613614517492411,-0.9552142636712971,-1.1124000246259564
-1.5215015741842748,-0.36158277709840037,-0.7804716646425349
-0.06944540468970327,-0.36158277709840037,-0.7233339834143985
0.6353205921544528,-0.36158277709840037,-0.8771927238456757
0.8754619835057548,-0.36158277709840037,-0.17618848857118338
0.10413950578058002,0.6532369520997158,0.4337769861637688
1.1279702018006934,-0.9552142636712971,-1.925487930363808
0.8289702489178785,-0.36158277709840037,-0.21998799069254313
-2.0387344178427855,0.05960546552681911,-0.7095956807809644
0.7621008264266822,-0.36158277709840037,-0.6563513037760464
0.6421981455264346,0.3863044476016779,0.04040622040705888
-0.05188672966437643,0.3863044476016779,0.8618730744489541
-0.18447406918565573,-0.9552142636712971,-1.5090820214131466
1.1961645881530594,-0.36158277709840037,0.30472604321702906
1.237367071575486,-0.9552142636712971,-0.8575205679416577
0.1841671134665053,-0.9552142636712971,-1.0710663454383504
0.7793883005555002,0.05960546552681911,0.6690212477892776
0.20904305891646366,0.8789251688960825,0.650918938731791
-0.5187942651860693,-0.9552142636712971,-1.2415635106564749
-0.3991450951625692,1.074425194724936,0.2924917715799409
-1.1403187642352037,1.074425194724936,0.531581033679653
-0.24940276429285158,0.05960546552681911,0.19772185407096557
-1.6575516078937147,-0.36158277709840037,-0.2752296911047056
1.419743263956323,-0.9552142636712971,-0.2188493813763924
-1.218939756502677,1.4011241767997944,0.7447471665957486
-0.3205241028950956,0.05960546552681911,-0.22434124662192553
-0.7017069128441668,-0.9552142636712971,-1.3727769967368717
0.5926684545441344,-0.36158277709840037,-0.29811410561327933
-0.9445401209818783,0.3863044476016779,-0.079433197741164
-0.5519645819744484,-0.9552142636712971,-1.1819454348329368
-0.7895977045488505,0.6532369520997158,0.3554504365043721
1.5378703796522515,-0.9552142636712971,-0.8447556364707405
-1.0042687305257638,2.41594390599791,1.9667163492887139
0.5474298004497687,-0.9552142636712971,-1.7171885587302749
0.4019933629965244,-0.36158277709840037,0.5130019348992394
0.8289702489178785,0.05960546552681911,-0.09445094605263313
-0.27236486089033946,-0.9552142636712971,0.9258517107774376
-0.4273072773233673,1.2468684386726134,0.9910135987155638
-2.0387344178427855,3.393696455579496,1.7141621650376286
0.014486707924192264,0.05960546552681911,1.0134522245785156
0.5853165797205673,0.05960546552681911,0.39963959470343285
-1.218939756502677,-0.36158277709840037,-0.07876879563954957
-0.7895977045488505,1.074425194724936,0.17655136981193548
-0.6613614517492411,0.3863044476016779,0.24365867171340042
1.3488633779556123,-0.9552142636712971,-1.5939355299068847
-0.8377569465536066,-0.36158277709840037,-0.25976519469873144
-0.4870358868672529,-0.36158277709840037,-0.5475187483980928
0.7444033346846438,-0.9552142636712971,-1.1260832878415061
0.473972906706051,-0.9552142636712971,-0.3047776890912182
1.4051112410606752,-0.36158277709840037,-0.6821921878550878
0.8903370792262918,0.3863044476016779,0.7973737604311054
-0.7017069128441668,1.2468684386726134,1.7405763742642222
0.5396160195399382,-0.36158277709840037,-0.8661892327556808
-0.2960560335189878,1.6680566812978321,2.2516192061128857
0.9192262066550354,0.05960546552681911,-0.048989318140236056
1.525398625407363,-0.9552142636712971,-1.0469824775191423
0.014486707924192264,-0.9552142636712971,-1.2096157563604766
-0.7895977045488505,0.3863044476016779,-0.2649680620805886
-1.6575516078937147,2.0892449239230517,1.0203086899646705
0.473972906706051,-0.9552142636712971,-0.9144587325528882
-0.7895977045488505,0.6532369520997158,0.36997897183262735
1.0165034021035235,-0.9552142636712971,-1.5822392523740518
-1.218939756502677,0.3863044476016779,0.4512971165390368
-0.16402870097223238,0.05960546552681911,-0.16814866012810928
0.7736701939658116,-0.36158277709840037,0.6943158388009948
0.08992556633514397,-0.9552142636712971,0.5176961387659368
1.4293409429987136,-0.9552142636712971,-1.1125773795804017
-0.4565741366045355,-0.36158277709840037,-0.5041008233651239
1.4075699228848029,-0.36158277709840037,-0.5542772157970658
-1.0042687305257638,-0.9552142636712971,-1.3747481093208949
-0.7017069128441668,0.05960546552681911,-0.19412026069029037
0.06065870705397517,0.05960546552681911,-0.31454590930530074
1.231174428080437,-0.36158277709840037,-0.6688621996209855
-2.341296235524383,1.6680566812978321,1.4425628533787127
-0.8892400660298114,1.2468684386726134,1.4950378330621361
1.228058727276131,-0.9552142636712971,-1.1613590755198668
-0.4870358868672529,1.2468684386726134,0.7553055869529981
0.35320414268627925,0.3863044476016779,-0.3859205538210147
-0.7017069128441668,0.05960546552681911,-0.43689126311496496
-0.06944540468970327,1.2468684386726134,0.4851839371453516
-0.0874272207859269,0.3863044476016779,-0.09123078394038969
1.1662457329732419,-0.36158277709840037,-0.30234228089855497
1.0951243943709967,0.05960546552681911,-0.4723475126529899
0.33275877447285523,-0.36158277709840037,-1.0088767163568362
-0.4565741366045355,2.487376384667096,1.3670970624484362
-1.0042687305257638,-0.9552142636712971,-0.4931849366378266
-1.1403187642352037,3.009575392570807,2.645378599447871
0.2678300793656594,-0.9552142636712971,-1.9016759076712664
-1.6575516078937147,-0.9552142636712971,-1.0480038995906635
-0.6230859205766931,-0.36158277709840037,-0.6097889684108225
-0.7895977045488505,-0.9552142636712971,-0.8257682285056984
-1.218939756502677,0.8789251688960825,1.039324523218441
-0.5866782483482139,-0.36158277709840037,0.022718605308508336
0.4019933629965244,0.3863044476016779,0.4376954573494153
-2.341296235524383,3.2352636093671734,3.003870863353957
0.9515747069963277,-0.36158277709840037,-0.281765712112202
1.417324431178634,-0.36158277709840037,-0.4390354074044574
1.1662457329732419,-0.9552142636712971,-1.0062734067374433
-0.10585307691818248,1.2468684386726134,1.8369444231643623
-0.5187942651860693,-0.36158277709840037,-0.05001349671334993
0.6886439326829644,0.05960546552681911,-0.08334629946419071
0.7562481747889629,0.6532369520997158,0.8428704051353044
-1.5215015741842748,1.8937448980941993,1.0236243855196483
-0.16402870097223238,-0.9552142636712971,-0.8019868929805919
-1.6575516078937147,2.0892449239230517,3.0056946511984473
-2.341296235524383,0.05960546552681911,0.27902000286208967
1.4777981324055245,0.05960546552681911,0.8749958505156571
0.947038466531095,-0.9552142636712971,-2.441839506424048
1.0409714714796316,-0.36158277709840037,0.048893788043053
-0.7443590504544844,0.6532369520997158,0.40891076508393187
-0.9445401209818783,0.05960546552681911,0.056151250378367705
-1.8240633918658722,1.074425194724936,0.436749210326305
-0.017962285213498085,-0.36158277709840037,0.05519285045887077
0.4206495661775393,-0.9552142636712971,-0.283263667565633
-0.2960560335189878,1.074425194724936,1.7880617941542833
-0.05188672966437643,-0.36158277709840037,-0.3557890610017251
-1.0042687305257638,1.7852452398084835,1.3993724486022194
0.07543561088562381,0.05960546552681911,-0.15252092756247765
-0.7443590504544844,0.8789251688960825,0.7966958483232167
0.014486707924192264,-0.36158277709840037,-0.03045805535597955
-0.6230859205766931,-0.36158277709840037,0.0357466991369447
-1.218939756502677,0.8789251688960825,1.5387942237980297
0.34305147915390505,-0.9552142636712971,-1.562078457281064
-2.341296235524383,2.959940965055545,2.5172678094379313
0.7679079316757323,0.05960546552681911,-0.25702535243551816
-0.22712620679597337,-0.36158277709840037,-0.7964861988586528
1.4317211978352093,-0.9552142636712971,-0.46603228659282653
-0.6613614517492411,-0.36158277709840037,-0.5434780835460754
0.4909329380903411,-0.9552142636712971,-0.6922143675680409
-2.0387344178427855,1.074425194724936,0.9410485302404458
-2.0387344178427855,-0.36158277709840037,-0.9594613668537488
1.2764130821748028,-0.9552142636712971,-0.4957723339408002
0.9192262066550354,0.05960546552681911,-1.0770228694930493
-0.14412860809073014,0.8789251688960825,0.8979846257565833
1.169629907746531,-0.9552142636712971,-0.24306506142748266
0.8754619835057548,0.05960546552681911,1.1109943526203914
1.008165781748852,-0.36158277709840037,-1.4188757595039394
-0.0874272207859269,-0.36158277709840037,-0.23231387670635673
-2.0387344178427855,1.074425194724936,0.9882717070211274
-1.218939756502677,3.666872361396961,4.441786830528044
-2.341296235524383,1.074425194724936,0.6857796752050117
-0.6613614517492411,-0.36158277709840037,-0.31695388062381263
1.068539064558348,0.3863044476016779,-0.2682717205450615
1.1135502505032524,-0.9552142636712971,-1.3514114136084345
1.5460705639150825,-0.9552142636712971,-0.8453256741862034
0.7621008264266822,0.6532369520997158,0.6932652461489841
-0.7895977045488505,-0.9552142636712971,-0.6581015303236156
-0.034731738315937795,-0.36158277709840037,-0.0785997637554381
0.5396160195399382,0.8789251688960825,-0.12185222648903901
-0.4870358868672529,0.05960546552681911,0.01095242075456672
0.20904305891646366,-0.36158277709840037,-0.05670302421296324
-0.7443590504544844,0.6532369520997158,0.7540320695961096
0.9239341671206889,-0.9552142636712971,-0.727474901436092
-1.0691974256329595,-0.36158277709840037,0.04003196678697156
-1.0691974256329595,-0.36158277709840037,-1.3202877022570745
-0.7443590504544844,0.6532369520997158,0.7519587721077118
-0.0015614215275583125,0.6532369520997158,0.34803241039960386
1.0646626441082796,0.05960546552681911,-0.03144723673678362
0.4113797667403285,-0.9552142636712971,-1.0440074164323307
0.4019933629965244,-0.9552142636712971,-0.2770717218303309
-1.6575516078937147,0.3863044476016779,0.43518859762319556
0.2678300793656594,0.05960546552681911,-0.44519633871293435
1.2966211442140112,-0.9552142636712971,-0.4787732456922209
0.19670874076341505,-0.36158277709840037,-0.5202452745749628
-2.341296235524383,1.074425194724936,0.8407774990449188
-2.341296235524383,1.5406654655354899,1.2627561346981087
1.2586453556679202,-0.9552142636712971,-0.5246134857382758
-1.218939756502677,-0.36158277709840037,-0.29948380412444936
1.5337362457620345,-0.9552142636712971,-0.7808805352110842
0.3828587438616125,-0.9552142636712971,-0.7774699949001067
1.3749572694199874,-0.9552142636712971,-0.12127878859160833
-0.7017069128441668,0.05960546552681911,0.3571058066381145
1.172998804026387,-0.36158277709840037,-0.7311983113911633
-1.1403187642352037,0.3863044476016779,-0.041107887584584134
-1.8240633918658722,-0.36158277709840037,-0.20718302668921706
1.120795057494147,1.4011241767997944,1.126246879748345
0.9424744813034064,-0.36158277709840037,0.3625573591569271
0.3828587438616125,-0.9552142636712971,-0.6947266801372735
1.2994638495891662,-0.36158277709840037,-0.1436276542552602
1.3515142129228124,-0.9552142636712971,-0.49810207589987027
0.1841671134665053,1.2468684386726134,1.6887646990342169
-0.4273072773233673,-0.9552142636712971,-0.678434116983553
-1.8240633918658722,3.104064653121168,3.839129107368412
-0.3205241028950956,1.5406654655354899,1.106917102009662
0.34305147915390505,-0.9552142636712971,-0.27493598021732474
0.7679079316757323,-0.9552142636712971,-0.9879439361666179
-0.27236486089033946,0.3863044476016779,-0.10098034737664877
-0.7895977045488505,0.6532369520997158,0.04169396885151273
1.4221542814287025,-0.9552142636712971,-1.2282707612232495
-0.7017069128441668,0.8789251688960825,0.7404342413830368
0.13178004565621987,-0.9552142636712971,-0.22461683862337
-0.2960560335189878,0.05960546552681911,-0.002766343717271874
-2.0387344178427855,0.6532369520997158,0.30871072894038354
-1.0042687305257638,0.3863044476016779,-0.08412394321403992
1.5378703796522515,-0.9552142636712971,-1.2755024711935126
1.535806175684412,-0.9552142636712971,-0.4287846136407312
-1.5215015741842748,0.3863044476016779,0.3965117334667845
0.13178004565621987,0.3863044476016779,0.20481014124801683
-2.341296235524383,1.2468684386726134,1.2781506990249771
-2.341296235524383,1.5406654655354899,0.9388032232745005
1.060765981162014,-0.9552142636712971,-0.7092752691864208
0.13178004565621987,-0.9552142636712971,-0.9340515291647636
1.3488633779556123,-0.9552142636712971,-1.176352134502106
1.008165781748852,-0.9552142636712971,-1.7788262241057118
-0.2960560335189878,-0.36158277709840037,0.15987032352817332
-0.3991450951625692,-0.9552142636712971,-1.5808791706701089
-0.4273072773233673,-0.36158277709840037,-0.17937525367836396
1.3218238523484769,-0.9552142636712971,-1.1464122455752914
-0.034731738315937795,0.05960546552681911,-0.09689318935560193
1.2154641792133722,-0.9552142636712971,-1.542797367296976
-0.4565741366045355,-0.36158277709840037,-1.2547641327472243
1.087624740705768,0.05960546552681911,-0.7923262455683885
1.5337362457620345,-0.9552142636712971,-0.7264376474057088
0.20904305891646366,0.3863044476016779,0.19720154064751183
0.7793883005555002,-0.9552142636712971,0.5698427653014676
-2.341296235524383,0.6532369520997158,0.7858186858963784
-0.5866782483482139,-0.36158277709840037,-0.3274680605423006
1.120795057494147,-0.9552142636712971,-1.2082141201107928
-0.8377569465536066,0.05960546552681911,-0.2324164231416365
0.5474298004497687,0.3863044476016779,0.130056914483168
-0.6230859205766931,-0.9552142636712971,-1.1729001271788384
-0.8377569465536066,1.074425194724936,0.3461316629973294
-0.4565741366045355,0.05960546552681911,-0.3721255152096756
-1.218939756502677,-0.36158277709840037,0.14369913958904657
-1.306830548207361,1.2468684386726134,1.4188534193445295
1.4755606217079846,-0.9552142636712971,-0.5917637833364747
0.07543561088562381,0.3863044476016779,0.5360723888891566
0.33275877447285523,0.3863044476016779,-0.9221332929910352
-0.3205241028950956,0.05960546552681911,-0.5119550116096435
1.2435087462334857,-0.9552142636712971,-1.0802946692948392
-1.218939756502677,2.41594390599791,1.2640855696414965
1.1628461404940136,-0.9552142636712971,-1.2839297375394314
-1.5215015741842748,0.05960546552681911,-0.3811012165183349
1.2734810184474739,0.05960546552681911,-0.961585426814007
-2.341296235524383,2.8000649690066,2.161238430709974
1.2217880243366335,-0.9552142636712971,-1.1257676244995973
-1.306830548207361,-0.36158277709840037,0.4267386029350345
0.6490128893147309,0.3863044476016779,0.3420889717803342
0.5853165797205673,0.05960546552681911,0.42539513080998853
0.20904305891646366,0.3863044476016779,0.9511407292644873
-2.0387344178427855,0.05960546552681911,0.5593201202598426
0.35320414268627925,1.074425194724936,0.8819654585832107
-1.6575516078937147,0.6532369520997158,1.3403268318275736
0.4653461139941349,-0.36158277709840037,0.24903264591479107
-0.9445401209818783,-0.36158277709840037,-0.49937200163269957
-0.4870358868672529,1.074425194724936,1.07411805736057
1.1490907416248033,-0.9552142636712971,0.822361579469895
-0.6613614517492411,-0.9552142636712971,-1.1895789232088596
1.231174428080437,-0.9552142636712971,-1.4514132048846686
-2.0387344178427855,0.8789251688960825,1.5414964172210275
0.4019933629965244,-0.9552142636712971,-0.4830794199326004
1.159430989184945,-0.36158277709840037,-0.6761775323431952
-0.22712620679597337,-0.36158277709840037,-1.053748250928692
-0.06944540468970327,0.6532369520997158,0.3343004751560118
-1.306830548207361,2.0892449239230517,1.3478358577716156
0.11808774849594178,0.8789251688960825,0.8239452825225809
-0.4870358868672529,1.9947556633726906,1.4570071811203795
0.17141108902445348,-0.9552142636712971,-0.5001308285251018
0.7793883005555002,0.05960546552681911,-0.6259696091398081
0.9954820328900365,0.05960546552681911,-0.18999845172280502
-1.4064729096883226,0.05960546552681911,0.19709061013158988
1.4293409429987136,-0.9552142636712971,-0.9665514555591214
0.20904305891646366,-0.9552142636712971,-1.72971776807763
-0.5519645819744484,0.05960546552681911,0.5101582334026828
-0.22712620679597337,-0.9552142636712971,-0.2538131699619368
-0.7895977045488505,-0.36158277709840037,0.11933531673924216
-0.6613614517492411,0.3863044476016779,0.8129930437926979
0.42980562287258406,-0.9552142636712971,-1.7865545917925838
-1.4064729096883226,1.2468684386726134,0.7274495564918111
0.9782278709309759,-0.36158277709840037,-0.2899136211150783
-2.0387344178427855,0.05960546552681911,-0.25188907123152127
-0.27236486089033946,0.3863044476016779,0.47782137374253686
-0.16402870097223238,1.4011241767997944,0.9359354359792623
-0.6230859205766931,-0.9552142636712971,-0.7395848504246728
-0.27236486089033946,-0.36158277709840037,-0.22425423742005435
1.3381648540746935,-0.9552142636712971,-1.5041313391125302
0.4825011053425735,-0.9552142636712971,-0.12283440320101943
0.7201342279169752,-0.36158277709840037,-0.014840906167257494
1.5622054467539612,-0.9552142636712971,-1.5562448547659884
-2.341296235524383,1.6680566812978321,1.0989051036251405
1.1662457329732419,0.05960546552681911,0.2610991454268721
0.2678300793656594,-0.9552142636712971,-1.3433079585996286
0.2211768101395232,0.3863044476016779,0.720139177993189
0.8236210556992564,-0.9552142636712971,0.14253005974542587
-0.5519645819744484,-0.9552142636712971,-1.1683206520483642
-0.9445401209818783,1.5406654655354899,1.344595890292465
-0.4273072773233673,1.7852452398084835,1.511590925938758
-0.14412860809073014,0.3863044476016779,0.4042163685737766
1.3408538993577666,-0.9552142636712971,-1.4410218153442298
-1.0042687305257638,1.074425194724936,1.0251581582282088
0.35320414268627925,0.6532369520997158,0.6639297170941139
-0.3991450951625692,-0.36158277709840037,-0.1570518003358701
-0.7017069128441668,1.7852452398084835,1.1268907711430898
0.83955495487776,-0.9552142636712971,-1.110230632463523
-0.3991450951625692,1.074425194724936,0.7225261796196455
-0.6230859205766931,-0.36158277709840037,-0.14486017647803784
-1.6575516078937147,-0.36158277709840037,0.0026471663615874655
0.27905148268373375,0.6532369520997158,0.8266782765192541
-2.341296235524383,-0.36158277709840037,-0.583494483212541
-0.034731738315937795,1.074425194724936,1.2280419733848913
1.1961645881530594,-0.9552142636712971,-0.9992060257499165
-0.7443590504544844,0.3863044476016779,0.6140294644476832
0.07543561088562381,-0.36158277709840037,1.1728693727504624
-2.0387344178427855,0.8789251688960825,0.6251920588099669
0.36322052473557237,-0.36158277709840037,-0.218503797570004
-2.341296235524383,3.104064653121168,2.649236521975388
-1.6575516078937147,0.8789251688960825,0.5051238374611537
-2.0387344178427855,3.057582165231702,2.474145379054011
1.305116977069759,-0.9552142636712971,-0.7055200776616007
0.11808774849594178,-0.36158277709840037,0.8017920680857142
-0.4565741366045355,-0.9552142636712971,-1.0856348825584219
-1.0691974256329595,0.8789251688960825,0.9739916364052137
-0.017962285213498085,-0.9552142636712971,-0.8791407078419567
-0.7017069128441668,1.074425194724936,1.1672651154948317
-1.306830548207361,1.074425194724936,1.6424891314768804
-0.2960560335189878,2.0892449239230517,1.488248910940141
1.531660558029954,-0.36158277709840037,-0.7262739941365923
0.7621008264266822,0.3863044476016779,0.016455709054668553
0.8182332398125501,-0.9552142636712971,-1.0195732872536396
0.844791532568056,-0.9552142636712971,-0.7463807676899983
0.7906947177453308,-0.36158277709840037,0.04217115187074586
-0.12474545964177015,1.2468684386726134,0.9110018352555633
1.2217880243366335,-0.9552142636712971,-0.6038051644089512
1.2966211442140112,-0.9552142636712971,-1.223107020691543
-0.7017069128441668,0.3863044476016779,0.9931225962410448
1.2734810184474739,-0.9552142636712971,-0.43774443286686476
-0.2960560335189878,0.3863044476016779,0.7319247666354808
-0.18447406918565573,0.05960546552681911,0.07607481663358759
0.9738512644932059,-0.36158277709840037,0.15764938711553547
-1.8240633918658722,1.4011241767997944,0.7315546083963849
-1.6575516078937147,2.2616881678707283,2.122789584279131
1.0409714714796316,-0.36158277709840037,-1.2362093394157065
1.0529110743320027,-0.36158277709840037,-0.8037587945292073
0.9782278709309759,-0.9552142636712971,-1.317700415498014
-1.0042687305257638,-0.36158277709840037,-0.5026380520574664
-0.0015614215275583125,-0.9552142636712971,-0.2600685200387884
1.4504947479670136,-0.9552142636712971,-1.2331069507749601
1.1025494233790782,-0.9552142636712971,-0.6336995428833238
-0.4870358868672529,1.6680566812978321,1.6308484409011086
1.2090862834765006,-0.9552142636712971,-1.306868236752365
-0.12474545964177015,2.0892449239230517,1.5934634290801573
-0.3991450951625692,0.3863044476016779,0.3965382925533616
0.5551626080798789,0.3863044476016779,0.9576792960956003
0.7621008264266822,0.8789251688960825,1.197053145562512
0.33275877447285523,0.05960546552681911,0.28024300996136914
-0.7443590504544844,1.6680566812978321,1.2355531667247877
-0.7895977045488505,-0.9552142636712971,0.3009160053757154
-1.6575516078937147,0.05960546552681911,1.0935010483496703
-1.8240633918658722,1.8937448980941993,1.5789660468300044
0.4113797667403285,0.3863044476016779,0.42533750264967635
1.5622054467539612,-0.9552142636712971,-0.6901007639269089
-0.10585307691818248,-0.36158277709840037,-0.03755734907629601
0.13178004565621987,0.05960546552681911,-0.027939502520689715
-2.0387344178427855,2.41594390599791,2.2988655416773187
-1.1403187642352037,0.05960546552681911,-0.5185634888503873
-1.1403187642352037,-0.36158277709840037,-1.1581123081761393
-0.6230859205766931,0.3863044476016779,0.755381679507452
-0.9445401209818783,1.074425194724936,1.0697641059344436
0.6756660532493783,-0.36158277709840037,-0.5668971238925392
-1.6575516078937147,0.8789251688960825,0.9236519322686757
1.2342771737504357,-0.9552142636712971,-1.491530638374241
0.6756660532493783,-0.9552142636712971,-1.8329246292119676
1.0123462367079263,-0.36158277709840037,-0.05807830092693134
-1.5215015741842748,1.4011241767997944,0.6807111392217983
1.5337362457620345,-0.9552142636712971,-1.737467488654151
-2.341296235524383,0.6532369520997158,0.6591537358462961
-2.341296235524383,3.057582165231702,1.6220049998598773
-0.6230859205766931,1.2468684386726134,1.228387054972729
-0.7017069128441668,0.05960546552681911,0.09688691304567217
-0.5187942651860693,-0.36158277709840037,-0.733974823055072
-0.22712620679597337,-0.9552142636712971,-0.014295149457899416
1.3022957666826813,-0.9552142636712971,-3.032659304068139
0.08992556633514397,-0.36158277709840037,0.04961327759464934
0.9286126103988395,0.05960546552681911,-0.5394362996839542
-0.7895977045488505,-0.9552142636712971,-0.7804424676496562
-1.218939756502677,0.05960546552681911,0.8368116743373654
-0.8892400660298114,1.5406654655354899,1.3470953675625539
1.0951243943709967,0.6532369520997158,0.3607744236768292
0.17141108902445348,-0.36158277709840037,-0.8582608224689693
-1.0042687305257638,-0.36158277709840037,-1.1340158973111543
0.5628161034647609,0.3863044476016779,0.4082633291641583
1.2793336700851932,-0.9552142636712971,-2.017430162984219
-0.4273072773233673,0.05960546552681911,-0.09044615838232664
-0.5519645819744484,0.05960546552681911,-0.087071306353633
0.9286126103988395,-0.36158277709840037,-1.0702670957532119
0.34305147915390505,-0.36158277709840037,-0.7454023661114233
0.11808774849594178,-0.9552142636712971,-1.3499753748844956
0.4653461139941349,-0.36158277709840037,-0.7932455029225977
0.9000915875201235,0.3863044476016779,0.7289455517226587
0.36322052473557237,-0.36158277709840037,0.34295598096775065
1.3515142129228124,-0.9552142636712971,-0.9251048940137095
-0.37200722237130046,1.9947556633726906,0.7906250910734396
-0.2960560335189878,-0.9552142636712971,-1.5217437507216738
-0.4273072773233673,-0.9552142636712971,-0.6996170030366554
1.0206375359937399,-0.36158277709840037,-0.5947859594600559
-0.0874272207859269,0.3863044476016779,-0.04007211190714331
-0.5187942651860693,0.05960546552681911,0.05766805216824801
-0.5187942651860693,1.5406654655354899,1.137339709591111
-0.14412860809073014,1.4011241767997944,0.3907206270208431
0.4388506943278125,0.05960546552681911,0.453599277096207
0.36322052473557237,-0.9552142636712971,-0.2763127214543399
-1.0042687305257638,-0.9552142636712971,-0.2257346909547771
-0.7443590504544844,1.7852452398084835,1.5957968969021197
-1.6575516078937147,3.430763635196026,1.8823429309906865
-0.8892400660298114,0.3863044476016779,-0.02886884946354521
-0.8377569465536066,0.6532369520997158,0.674941479315057
-0.14412860809073014,0.3863044476016779,-2.3544778105848176
-1.6575516078937147,0.05960546552681911,-0.49734518272279726
0.34305147915390505,1.074425194724936,1.294699430953453
0.08992556633514397,-0.9552142636712971,-0.704749928434917
-1.5215015741842748,0.6532369520997158,0.7998838140356539
-0.4870358868672529,0.3863044476016779,0.7300591569945633
1.3976862120525944,-0.9552142636712971,0.16127311801877817
-2.0387344178427855,0.05960546552681911,-0.47512628313283045
-0.22712620679597337,-0.9552142636712971,-2.379409112871772
0.07543561088562381,-0.9552142636712971,-1.220969560578921
-1.8240633918658722,0.05960546552681911,-0.5961508549388809
0.03019695679125805,-0.9552142636712971,-1.4918164344926022
-0.05188672966437643,1.2468684386726134,0.5979708276108235
-0.37200722237130046,0.6532369520997158,1.049426941314764
-0.05188672966437643,-0.9552142636712971,-0.6539821448231333
-2.0387344178427855,5.098981328543861,3.1956069491638517
1.4075699228848029,-0.9552142636712971,-1.0000523400777541
0.6353205921544528,-0.9552142636712971,-2.087436861614868
0.4653461139941349,-0.9552142636712971,0.8179705177648974
0.42980562287258406,1.4011241767997944,0.17187886496913407
1.1628461404940136,0.3863044476016779,-0.1433394674343449
1.5602075626728675,3.2352636093671734,1.5927518811391643
-0.9445401209818783,-0.36158277709840037,-1.462837503219828
1.0409714714796316,-0.36158277709840037,-0.671327103421584
1.5622054467539612,-0.9552142636712971,-0.9867318258548091
-2.0387344178427855,0.3863044476016779,0.5318050852017757
-1.6575516078937147,2.6828764104959486,2.8694250097644374
-1.4064729096883226,1.7852452398084835,1.5549392729887554
1.412463115884243,-0.9552142636712971,-1.2924473249746034
1.5541816139754578,-0.9552142636712971,-0.9231808250595297
-1.8240633918658722,1.2468684386726134,0.8428855510249316
1.45741482159648,-0.9552142636712971,-0.6228506743839504
0.19670874076341505,0.8789251688960825,1.1683142144274108
-0.8892400660298114,0.05960546552681911,-0.21303768831210615
-0.27236486089033946,2.487376384667096,2.12443928382884
0.8499916181313663,-0.9552142636712971,-0.6258494234991153
-0.2960560335189878,0.8789251688960825,0.37085038746635995
0.6353205921544528,0.6532369520997158,-0.41857176565574084
-2.0387344178427855,1.7852452398084835,0.7497991734995884
1.1171814462747254,-0.9552142636712971,-1.2182804680894819
0.4206495661775393,0.6532369520997158,0.7425592631282791
1.0409714714796316,0.8789251688960825,-0.0476296669503921
0.9782278709309759,-0.9552142636712971,-0.8851133867224165
-0.017962285213498085,-0.9552142636712971,-0.5143536399765163
0.9954820328900365,-0.9552142636712971,-1.1112481811645667
1.5460705639150825,-0.9552142636712971,-0.36359557364248607
1.410020530205643,-0.9552142636712971,-1.341590652400348
-1.8240633918658722,0.3863044476016779,-0.07014590214323821
-1.6575516078937147,0.3863044476016779,-0.034262330698528146
-0.9445401209818783,-0.9552142636712971,-1.2160549057838905
-0.24940276429285158,0.05960546552681911,0.1432518043504373
0.7736701939658116,-0.9552142636712971,-1.483711252374787
-0.5519645819744484,1.2468684386726134,-0.010718041833340174
1.1421167725593575,-0.36158277709840037,-1.016031013199743
1.4551152534945606,-0.36158277709840037,-0.16850005832159615
0.9424744813034064,-0.9552142636712971,-1.006312199481335
0.1584332095908674,0.05960546552681911,-0.8637861810935077
1.1863243234655771,-0.9552142636712971,-1.513549469052641
0.34305147915390505,1.2468684386726134,0.34370851686849274
-0.017962285213498085,-0.9552142636712971,-1.6049821138250904
-0.4870358868672529,-0.9552142636712971,-0.8251193830096745
0.9912057503645619,0.05960546552681911,-0.231903823233241
0.4653461139941349,-0.36158277709840037,-1.2379727504777465
0.9286126103988395,-0.9552142636712971,-1.2251480556434202
1.060765981162014,-0.36158277709840037,-1.4777212580197938
-0.3205241028950956,-0.9552142636712971,-1.490602510153189
-0.5519645819744484,-0.9552142636712971,-1.1000388620844908
0.33275877447285523,0.3863044476016779,0.07632321091075882
1.2556424974565459,-0.9552142636712971,-1.8166275260583609
1.5641979960247516,-0.9552142636712971,-0.9039191989576737
-1.1403187642352037,-0.9552142636712971,-0.5424602985669643
1.4245575339360348,0.6532369520997158,-0.6743870862082227
0.19670874076341505,-0.36158277709840037,-0.4555848300884038
-1.6575516078937147,-0.9552142636712971,-0.6265467533536767
-0.0015614215275583125,0.05960546552681911,-0.6130224989698588
0.4909329380903411,-0.9552142636712971,0.46525472120070527
-1.6575516078937147,2.2616881678707283,1.3789854262601238
0.25643735030730064,0.3863044476016779,0.09714824266012151
1.3541556643837713,-0.9552142636712971,-0.9923152813008848
-0.9445401209818783,1.074425194724936,1.1170404347231184
1.5622054467539612,-0.9552142636712971,-0.8638510329885676
0.7962843263422448,-0.36158277709840037,-0.4779347569438742
-0.0015614215275583125,-0.36158277709840037,-0.9733331124904692
-1.0042687305257638,0.3863044476016779,0.11888346746284027
-0.16402870097223238,0.6532369520997158,0.6945349178626112
0.8018323761266101,-0.36158277709840037,-0.45614763395753044
-0.3205241028950956,0.05960546552681911,0.48184522846869765
0.10413950578058002,-0.36158277709840037,-0.023849715088541112
0.8236210556992564,-0.36158277709840037,-1.2712138255009162
-1.5215015741842748,-0.9552142636712971,-0.5129344459956893
-1.1403187642352037,1.074425194724936,1.413283207515819
0.9332619043085026,-0.9552142636712971,-1.575144491204267
0.06065870705397517,1.5406654655354899,1.359567101379117
0.7850629230241704,-0.9552142636712971,-0.6885647561991088
-1.218939756502677,-0.9552142636712971,-1.768637269832344
1.2122820453568492,-0.36158277709840037,-1.250955019914919
-0.14412860809073014,-0.9552142636712971,-1.1194358162237759
0.8704369863447896,-0.9552142636712971,-0.5592348458086638
-2.341296235524383,3.635385655585382,3.4875950672348495
0.34305147915390505,0.05960546552681911,-0.3243534490039642
-0.0874272207859269,0.05960546552681911,0.2612172368241513
-1.5215015741842748,1.7852452398084835,0.9208181018170852
1.0951243943709967,0.3863044476016779,-0.20954249353591037
1.2616361783431542,-0.9552142636712971,-3.15310018294102
0.27905148268373375,-0.9552142636712971,-1.4813803606830311
0.7013999571250162,-0.9552142636712971,-0.28229591515400754
0.9825789576526459,-0.9552142636712971,-1.8072198261847223
-0.5519645819744484,3.430763635196026,0.4606130359379423
0.844791532568056,-0.9552142636712971,-1.5496079382471575
-0.24940276429285158,-0.36158277709840037,-0.3562169458083657
-0.12474545964177015,1.9947556633726906,1.0131008138610553
-0.12474545964177015,0.6532369520997158,0.3290051777135221
1.5602075626728675,-0.9552142636712971,-1.477229970607762
1.5641979960247516,-0.9552142636712971,-0.7984548977650168
0.9605652887470136,-0.36158277709840037,-0.9170895953795039
1.1386051930976016,-0.9552142636712971,-0.2017657749999098
1.240444227517647,-0.9552142636712971,-1.3307802640283026
0.10413950578058002,-0.9552142636712971,-0.6082829107812443
-0.4273072773233673,0.05960546552681911,-0.02414275622297039
-0.7895977045488505,1.8937448980941993,1.4462185600035908
1.5602075626728675,-0.9552142636712971,-0.6449693421395208
-0.3205241028950956,-0.9552142636712971,-0.732461658486115
1.5460705639150825,-0.9552142636712971,-0.6980888323652464
-0.16402870097223238,0.3863044476016779,0.007265887631584108
0.9605652887470136,0.05960546552681911,0.08860584139447297
0.8602843228124161,-0.9552142636712971,-1.2347600507939251
-0.5187942651860693,-0.9552142636712971,-0.11056189067841982
0.1584332095908674,-0.9552142636712971,-2.786833187587727
1.0409714714796316,-0.9552142636712971,-1.0271036764319486
-0.9445401209818783,1.074425194724936,-1.017013395519163
1.2249299626985986,0.05960546552681911,-0.11120310927886431
1.1863243234655771,-0.36158277709840037,-1.6224768228943909
0.7323674405541809,0.3863044476016779,-0.05764312699755729
1.3541556643837713,-0.9552142636712971,-1.7829386656112238
0.36322052473557237,1.2468684386726134,0.7898806837823646
-0.14412860809073014,-0.36158277709840037,-0.5123924820593319
-0.9445401209818783,-0.36158277709840037,-0.4431119191033753
1.539928889257083,-0.9552142636712971,-1.2081140977649858
-1.6575516078937147,-0.36158277709840037,-0.9231109466151368
-0.4870358868672529,-0.9552142636712971,-0.38859083234814557
0.3223221112192497,1.4011241767997944,0.8497884501140278
1.2186328007835272,-0.9552142636712971,-0.8531894420726059
1.2851407753342434,-0.9552142636712971,-1.1278894875907155
1.5622054467539612,-0.9552142636712971,-1.546692911155824
0.9097202276752518,-0.36158277709840037,-1.073342295634533
-0.3458217546340572,-0.9552142636712971,-1.1868964195041831
-1.6575516078937147,-0.9552142636712971,-1.4245680652901818
-0.24940276429285158,0.6532369520997158,0.5645182427640579
0.42980562287258406,0.05960546552681911,-0.2599320093089412
0.6421981455264346,-0.36158277709840037,-1.4108324149814297
0.10413950578058002,-0.9552142636712971,-2.3154611440748547
-0.16402870097223238,-0.9552142636712971,-0.1343276141933906
0.9000915875201235,-0.36158277709840037,-0.49306290553623255
0.5778915507124864,-0.9552142636712971,-1.4561818569712919
-1.6575516078937147,-0.36158277709840037,-0.9086395537820419
1.480028953972913,-0.9552142636712971,-1.810201122731829
0.2678300793656594,-0.9552142636712971,-1.6185277536346272
-0.5187942651860693,-0.36158277709840037,-0.43636086381673594
-0.16402870097223238,0.05960546552681911,-0.013060227810068985
-0.24940276429285158,0.05960546552681911,-0.466386189170512
0.9049214377701915,0.8789251688960825,-1.8482189795690753
-0.6230859205766931,-0.36158277709840037,-0.5622465231330128
-0.9445401209818783,2.555485194733606,1.3747056741456298
0.13178004565621987,-0.9552142636712971,-1.1732350817451944
-0.4273072773233673,0.05960546552681911,-0.2504490481017053
-1.6575516078937147,1.5406654655354899,0.8393639471451141
-0.0015614215275583125,-0.9552142636712971,-1.1120454334108967
1.1099012982026455,-0.36158277709840037,-1.1393180620014107
1.5337362457620345,-0.9552142636712971,-1.8006579154268183
0.33275877447285523,-0.9552142636712971,-0.7004613912402079
-1.306830548207361,1.5406654655354899,1.7726890575144694
1.3698109782739254,-0.9552142636712971,-0.5480634181113927
-1.0691974256329595,-0.9552142636712971,-1.1491470139737576
-0.4870358868672529,0.05960546552681911,-0.6836383682328365
-0.5187942651860693,1.5406654655354899,0.8509962201705178
0.9912057503645619,0.05960546552681911,-0.005723769474533403
0.7962843263422448,-0.36158277709840037,0.09109631041625733
-1.4064729096883226,1.9947556633726906,0.947384852138667
0.37310423556778083,-0.9552142636712971,-0.6543557533300071
-0.0874272207859269,-0.9552142636712971,-0.47985260419738646
1.3723885603136328,-0.9552142636712971,-1.5550832552204763
-0.3991450951625692,0.6532369520997158,0.8085932550794254
1.2880274685223396,-0.36158277709840037,-0.3738915577248422
1.0449726030954503,-0.9552142636712971,-0.8530294824183476
0.68218320610311,1.7852452398084835,1.327252700866413
1.5641979960247516,-0.9552142636712971,-0.31227479413120557
-0.4870358868672529,1.5406654655354899,1.0169304368042635
-1.218939756502677,1.6680566812978321,1.008570535798657
1.159430989184945,-0.36158277709840037,-0.6104251934839949
-0.0015614215275583125,0.3863044476016779,1.2747824837977102
-0.6230859205766931,-0.36158277709840037,0.41980499605503746
-0.16402870097223238,0.05960546552681911,-0.5933541839827343
-0.3991450951625692,-0.9552142636712971,-0.05067759013973545
-0.7443590504544844,-0.9552142636712971,-1.6470266742075315
1.4710653716164896,-0.36158277709840037,-0.040129619599022115
1.3327575169453991,-0.9552142636712971,-1.5578739517783349
0.5703918970472569,-0.36158277709840037,1.3665878752846559
0.2211768101395232,-0.9552142636712971,-1.1685585160911944
-2.0387344178427855,1.6680566812978321,2.005958829685546
0.5317195515827039,0.3863044476016779,0.8461503169375684
0.4388506943278125,1.074425194724936,1.1316020342503783
1.4317211978352093,-0.36158277709840037,-0.17780078969864094
-0.9445401209818783,0.05960546552681911,0.12456929852090448
-1.218939756502677,0.8789251688960825,1.0321893611610664
0.7621008264266822,-0.9552142636712971,-1.1577836658537495
-1.0042687305257638,-0.36158277709840037,-0.937459335197835
-2.341296235524383,4.048595265981312,4.671853205459041
-0.14412860809073014,-0.9552142636712971,0.030996596540636513
-0.12474545964177015,-0.9552142636712971,-1.4687853657307233
1.4710653716164896,-0.9552142636712971,-0.43028657968678335
1.2764130821748028,-0.9552142636712971,-0.7810266114080889
-2.0387344178427855,2.8553196544436252,1.9068488299861452
-0.5866782483482139,-0.9552142636712971,-1.0261882979300623
-0.9445401209818783,-0.36158277709840037,-0.5723162507371093
1.5541816139754578,-0.9552142636712971,-1.7806741897822131
1.3749572694199874,-0.9552142636712971,-0.9456838106659476
0.30100039615403923,1.2468684386726134,0.5234049028489074
-0.3991450951625692,-0.9552142636712971,-0.660232000464691
-1.0042687305257638,2.8553196544436252,1.6264941135862734
1.5521621018942895,-0.9552142636712971,-1.1016555390727132
1.1490907416248033,-0.9552142636712971,-1.4851272483797986
0.8804533683940841,-0.36158277709840037,-0.08344346332989427
-1.218939756502677,0.8789251688960825,0.7181747893078226
-0.4565741366045355,-0.36158277709840037,-0.1855111140643546
-0.2960560335189878,0.3863044476016779,0.3527329137544495
0.2211768101395232,-0.9552142636712971,-1.0178001766422973
-0.6230859205766931,0.05960546552681911,-0.5850227400928576
1.2435087462334857,-0.9552142636712971,-1.475267852396378
-0.7895977045488505,0.05960546552681911,0.30027172479244835
1.1421167725593575,-0.9552142636712971,0.19813104167019824
-0.3205241028950956,0.6532369520997158,-0.0494314151624345
0.24486798276817184,0.05960546552681911,0.06162455327511969
1.3876698300033006,-0.9552142636712971,-1.2349152053606958
-0.6613614517492411,0.8789251688960825,1.9487491221147388
0.9192262066550354,-0.36158277709840037,0.2698142177659127
0.7013999571250162,-0.36158277709840037,0.25459282203447353
-1.218939756502677,1.7852452398084835,1.0970124986017669
-0.8892400660298114,0.3863044476016779,1.0894966352409037
0.83955495487776,-0.36158277709840037,-1.1960541171237422
0.014486707924192264,-0.36158277709840037,-1.1076263409105136
0.08992556633514397,0.05960546552681911,-0.13515680505838107
-0.24940276429285158,0.05960546552681911,-0.19644120625178432
0.8073394805210485,-0.36158277709840037,-0.08338273452173715
-1.8240633918658722,-0.36158277709840037,-0.4741526078849355
0.37310423556778083,0.05960546552681911,-0.5308804992359296
-0.8892400660298114,-0.36158277709840037,-0.05676174806804193
-1.1403187642352037,-0.36158277709840037,-0.37319166551970534
1.4026444313479698,-0.9552142636712971,-0.24916123938813814
0.17141108902445348,-0.36158277709840037,-0.10217329635391825
-0.7895977045488505,0.6532369520997158,0.6369167307845156
-0.14412860809073014,-0.9552142636712971,-0.4732396297317804
1.008165781748852,-0.9552142636712971,-0.6940454775690514
-0.4870358868672529,0.05960546552681911,0.5130076694641652
1.0039617748066132,0.8789251688960825,0.37233713417738273
0.2211768101395232,-0.9552142636712971,-1.0110201534838443
-0.22712620679597337,0.05960546552681911,0.238677454801998
0.19670874076341505,0.6532369520997158,0.4196824728306614
-0.7895977045488505,2.487376384667096,1.8615846112754986
0.4825011053425735,0.3863044476016779,0.8462709770072705
-1.306830548207361,-0.9552142636712971,-1.537481444148179
1.531660558029954,-0.9552142636712971,-0.33403376473057966
-0.27236486089033946,0.8789251688960825,0.48737236385648974
0.7736701939658116,0.3863044476016779,0.6231178451097682
-1.1403187642352037,0.8789251688960825,0.7182235152982186
-1.5215015741842748,0.8789251688960825,0.7403179325409
-0.4565741366045355,-0.9552142636712971,-0.5411196793246079
1.1928988969078893,-0.36158277709840037,-0.1096575207522333
-0.7895977045488505,-0.9552142636712971,-2.11450450272774
1.2616361783431542,-0.9552142636712971,-0.6893714409649087
-0.7895977045488505,0.05960546552681911,0.8053448402314127
0.4019933629965244,-0.36158277709840037,0.32306284140598146
1.068539064558348,-0.36158277709840037,-0.7426413917341217
1.2994638495891662,-0.9552142636712971,-0.9911726102951607
0.34305147915390505,-0.9552142636712971,0.22037597458284452
0.9560835379863235,-0.9552142636712971,-0.8648893836802201
0.4388506943278125,-0.9552142636712971,0.23342028537933016
0.5474298004497687,-0.36158277709840037,-0.043957472257338544
-1.6575516078937147,2.2616881678707283,1.5977984775621705
0.6283790606233428,-0.9552142636712971,-1.2469014873856326
1.0988461440238422,0.05960546552681911,0.5199334062393767
0.9192262066550354,-0.9552142636712971,-1.1957094077071178
0.33275877447285523,0.05960546552681911,0.7950809724459768
-0.16402870097223238,-0.36158277709840037,-0.2685323145990062
-0.3205241028950956,-0.9552142636712971,-1.308285116335313
-2.0387344178427855,0.8789251688960825,1.0198542361808944
-0.3991450951625692,0.6532369520997158,-0.15087972095208324
1.4619928068665424,-0.9552142636712971,-0.9603029873755324
1.2249299626985986,-0.9552142636712971,-0.9023859949220624
0.49927055844501256,-0.9552142636712971,-0.7022587005480394
-0.27236486089033946,-0.9552142636712971,-0.3250939167761628
-0.3205241028950956,-0.36158277709840037,-0.12271954065871456
1.1386051930976016,-0.36158277709840037,-0.09738748440050084
-1.8240633918658722,1.5406654655354899,0.832169961078373
1.1928988969078893,-0.9552142636712971,-0.6866943191620395
-0.5187942651860693,0.6532369520997158,0.2868332155319337
0.5317195515827039,-0.9552142636712971,-0.39159223480036714
-1.5215015741842748,1.9947556633726906,1.7394742933719105
1.305116977069759,-0.9552142636712971,-1.2029798912170295
-1.8240633918658722,1.7852452398084835,1.6093424723205918
-0.017962285213498085,1.6680566812978321,1.5683333191656612
1.1628461404940136,-0.9552142636712971,-1.619114670666417
0.17141108902445348,-0.36158277709840037,0.05712885031413331
-0.9445401209818783,2.487376384667096,1.8310803726823106
-1.1403187642352037,1.074425194724936,1.075110955977488
1.068539064558348,0.6532369520997158,0.8329371578321502
0.4388506943278125,0.3863044476016779,-0.16032314038545997
1.4619928068665424,-0.9552142636712971,-0.396980238811539
0.34305147915390505,0.05960546552681911,0.7196883289226939
-0.2960560335189878,0.8789251688960825,0.15499943946288616
-1.8240633918658722,0.6532369520997158,0.24415749342213264
1.1662457329732419,0.6532369520997158,0.6084040737922152
0.014486707924192264,-0.9552142636712971,-0.4290097276676072
-1.0691974256329595,2.2616881678707283,0.8334431022808276
0.34305147915390505,0.3863044476016779,0.8922870197110898
-1.306830548207361,1.074425194724936,1.003219354926097
-0.4565741366045355,-0.36158277709840037,-0.1561462188779627
0.7384096537980341,-0.36158277709840037,0.08130447912903621
-0.7017069128441668,-0.9552142636712971,-1.6058890077482089
1.4245575339360348,-0.9552142636712971,-0.5800382508408521
0.4825011053425735,-0.9552142636712971,1.4157730904038592
0.08992556633514397,-0.36158277709840037,-0.2671383644362342
0.49927055844501256,-0.9552142636712971,-1.542797367296976
-0.10585307691818248,1.2468684386726134,0.9288444100549724
-0.4273072773233673,0.05960546552681911,0.9291739730444745
0.9912057503645619,0.8789251688960825,1.0219637331500289
-0.034731738315937795,-0.36158277709840037,-0.6389600778506193
0.8342813692643014,-0.9552142636712971,-1.2514829728656907
-0.3991450951625692,0.05960546552681911,0.40789032362629524
0.34305147915390505,-0.36158277709840037,0.07882269929853496
0.8018323761266101,-0.9552142636712971,-2.6316747430319585
1.5481066068113414,-0.9552142636712971,-1.1564235935924128
-0.12474545964177015,-0.36158277709840037,-0.746296857483761
-1.8240633918658722,0.8789251688960825,1.1475756328303355
-2.0387344178427855,0.05960546552681911,-1.0057692733066077
-0.2960560335189878,-0.9552142636712971,-1.1228424369850913
-0.017962285213498085,-0.9552142636712971,-0.6110619283000064
0.1841671134665053,-0.9552142636712971,-1.490602510153189
0.36322052473557237,-0.9552142636712971,-1.1319685087655698
1.3435332891612286,-0.9552142636712971,-1.1020930439269045
1.0247488921712042,-0.9552142636712971,-1.735717200921566
-1.218939756502677,-0.36158277709840037,-1.1133315800059258
-1.6575516078937147,2.178003940795619,0.8228121691616641
-0.034731738315937795,0.05960546552681911,0.7375257247543262
