Recency,Frequency,Monetary
5.7899601708972535,0.6931471805599453,11.253955234248428
1.0986122886681098,2.0794415416798357,8.368925174747135
4.330733340286331,1.6094379124341003,7.494563687769957
2.995732273553991,0.6931471805599453,7.472244884833674
5.739792912179234,0.6931471805599453,5.815323849389109
3.6109179126442243,2.1972245773362196,7.826858053356098
5.3230099791384085,0.6931471805599453,4.499809670330265
5.4510384535657,0.6931471805599453,6.985086621918461
5.3706380281276624,0.6931471805599453,6.132095676847728
3.1780538303479458,1.3862943611198906,7.941804157314053
3.5263605246161616,0.6931471805599453,8.733701981297274
1.0986122886681098,1.0986122886681098,7.063955286074528
4.07753744390572,1.6094379124341003,8.750054175177759
3.970291913552122,1.3862943611198906,7.887231116540211
5.662960480135946,0.6931471805599453,5.251749730731702
1.3862943611198906,2.3978952727983707,8.56163678004062
4.709530201312334,1.0986122886681098,6.315358001522335
2.1972245773362196,1.6094379124341003,7.180907299649593
5.676753802268282,1.0986122886681098,6.465180028897591
1.6094379124341003,0.6931471805599453,5.135210028677887
3.9512437185814275,1.6094379124341003,8.172712169921061
3.828641396489095,1.0986122886681098,7.543781692052325
4.290459441148391,1.3862943611198906,7.169380809114136
5.7430031878094825,0.6931471805599453,5.901539839579995
3.258096538021482,0.6931471805599453,6.6119469443852195
2.4849066497880004,1.0986122886681098,6.127960291696519
5.755742213586912,1.0986122886681098,7.395795270713971
4.875197323201151,0.6931471805599453,8.29645175271804
4.418840607796598,1.0986122886681098,6.749040867823617
3.1354942159291497,1.6094379124341003,7.910520910634419
1.791759469228055,1.791759469228055,7.520944331624911
5.225746673713202,1.791759469228055,7.523783805985769
3.4011973816621555,1.0986122886681098,6.373780434317173
5.82600010738045,1.0986122886681098,5.998688392197302
2.833213344056216,1.9459101490553132,7.930803150780256
4.394449154672439,0.6931471805599453,6.311444385858925
3.1354942159291497,0.6931471805599453,6.0882736030360425
4.290459441148391,1.6094379124341003,7.3674560152319755
4.174387269895637,1.0986122886681098,7.149508589545504
2.995732273553991,2.5649493574615367,8.012889586306857
3.6109179126442243,1.0986122886681098,7.7877554007552545
3.8501476017100584,0.6931471805599453,7.400412858792405
4.787491742782046,1.6094379124341003,7.011799929268738
5.717027701406222,0.6931471805599453,4.446174454497633
5.780743515792329,0.6931471805599453,5.423186348593906
3.9318256327243257,0.6931471805599453,6.0607573736039315
5.0106352940962555,0.6931471805599453,7.445061184797548
3.1354942159291497,1.0986122886681098,8.136313373066384
3.9318256327243257,1.791759469228055,7.4437338971514055
3.5263605246161616,1.791759469228055,7.968856059639959
4.382026634673881,1.3862943611198906,9.312325497408466
5.736572297479192,1.0986122886681098,6.542947351813216
4.330733340286331,1.3862943611198906,7.1130443840624835
4.219507705176107,1.3862943611198906,6.632133521022722
5.384495062789089,1.3862943611198906,6.334007604663525
3.2188758248682006,3.091042453358316,11.735393027855736
1.3862943611198906,2.302585092994046,8.202509843461513
4.736198448394496,0.6931471805599453,6.506650650150935
4.174387269895637,0.6931471805599453,6.3992436425478765
2.833213344056216,1.6094379124341003,6.694611562246261
4.574710978503383,1.3862943611198906,6.690295544136225
0.6931471805599453,2.1972245773362196,7.528498419486568
5.099866427824199,1.0986122886681098,7.474182104762846
4.3694478524670215,0.6931471805599453,6.6569835605504535
5.278114659230517,0.6931471805599453,6.369438547154207
3.1354942159291497,1.3862943611198906,6.717562827807613
3.295836866004329,2.302585092994046,8.981865132439246
2.302585092994046,1.6094379124341003,8.22988438262624
3.784189633918261,0.6931471805599453,5.5506312951620265
3.6109179126442243,2.772588722239781,8.767321360814657
3.784189633918261,1.791759469228055,8.529185001388596
0.6931471805599453,2.0794415416798357,9.50128237507538
4.454347296253507,1.0986122886681098,6.6934971352559
4.394449154672439,1.0986122886681098,8.965831447914955
4.61512051684126,0.6931471805599453,6.234430333369278
1.0986122886681098,2.9444389791664403,8.507629605767502
2.70805020110221,1.0986122886681098,7.9751692554798295
5.908082938168931,0.6931471805599453,5.162211233551045
1.3862943611198906,0.6931471805599453,5.153638355178593
3.091042453358316,1.791759469228055,8.518484357502437
3.1354942159291497,0.6931471805599453,4.900820428089049
4.07753744390572,0.6931471805599453,6.9110598129904375
5.497168225293202,0.6931471805599453,6.168543217293113
3.8066624897703196,0.6931471805599453,6.110247083097449
3.1354942159291497,1.6094379124341003,8.310978042729836
5.056245805348308,1.0986122886681098,5.292701627762401
2.4849066497880004,1.791759469228055,9.109029423519523
2.8903717578961645,1.0986122886681098,6.067429722163682
4.90527477843843,0.6931471805599453,6.562571204258897
4.04305126783455,0.6931471805599453,8.168866163607964
4.30406509320417,1.9459101490553132,7.81110665732229
3.8066624897703196,1.3862943611198906,8.065277779528966
4.204692619390966,2.0794415416798357,7.768207666517555
4.276666119016055,1.0986122886681098,6.854776354191251
4.553876891600541,1.0986122886681098,6.718868216346018
2.995732273553991,1.0986122886681098,7.082204261557526
3.9889840465642745,1.6094379124341003,7.204729049594601
2.3978952727983707,2.1972245773362196,7.100893128209941
2.8903717578961645,1.0986122886681098,6.610951732080795
5.241747015059643,1.0986122886681098,6.593783986707386
1.0986122886681098,3.4339872044851463,9.89291435274037
3.4965075614664802,2.0794415416798357,8.790742363252102
3.4011973816621555,1.791759469228055,8.276152945361936
2.8903717578961645,2.9444389791664403,8.899060720499207
4.007333185232471,0.6931471805599453,6.585316116572351
2.833213344056216,2.4849066497880004,8.82723638014411
3.1780538303479458,1.9459101490553132,9.489542087633343
1.6094379124341003,0.6931471805599453,6.525014994979364
2.4849066497880004,0.6931471805599453,6.269474999863032
3.367295829986474,1.6094379124341003,8.096400209353131
3.1780538303479458,2.3978952727983707,8.62709099798378
2.8903717578961645,2.1972245773362196,7.818422226986002
3.5263605246161616,1.9459101490553132,8.418106288764006
2.3978952727983707,1.3862943611198906,7.169857970780942
5.820082930352362,0.6931471805599453,5.816902804925467
1.791759469228055,2.3978952727983707,8.597653657970227
3.6888794541139363,0.6931471805599453,6.134265345739653
4.1588830833596715,1.0986122886681098,5.5767442414854775
5.117993812416755,1.0986122886681098,6.0747481512447195
2.833213344056216,2.0794415416798357,7.128576134926702
4.418840607796598,0.6931471805599453,6.950910549296065
3.091042453358316,1.3862943611198906,6.00314605188182
3.1780538303479458,2.4849066497880004,8.356747405587967
5.823045895483019,0.6931471805599453,7.682662153888476
4.574710978503383,1.791759469228055,8.222787230875806
2.9444389791664403,1.0986122886681098,6.180120167963518
5.455321115357702,0.6931471805599453,4.310799125385514
4.90527477843843,1.3862943611198906,7.174578816863813
3.295836866004329,1.0986122886681098,5.988660619775247
5.652489180268651,0.6931471805599453,5.178970608915471
4.969813299576001,1.0986122886681098,6.8911888096735625
4.204692619390966,1.0986122886681098,4.891701596682476
4.736198448394496,0.6931471805599453,6.418837907265026
5.5909869805108565,0.6931471805599453,6.926262950537876
5.869296913133774,0.6931471805599453,5.95246380975825
4.3694478524670215,1.0986122886681098,7.180115570136106
3.367295829986474,1.791759469228055,7.817061677081847
0.6931471805599453,1.791759469228055,7.629436465014086
4.174387269895637,0.6931471805599453,5.804652925041163
4.382026634673881,1.791759469228055,7.876737127834484
4.969813299576001,0.6931471805599453,6.39806234681208
3.6888794541139363,1.0986122886681098,5.266413817535028
2.995732273553991,2.4849066497880004,7.490400973937009
2.302585092994046,2.1972245773362196,8.408877201532766
0.6931471805599453,1.3862943611198906,7.183612715167257
4.418840607796598,1.3862943611198906,5.857104239599851
2.302585092994046,1.9459101490553132,7.567593835498341
4.110873864173311,1.6094379124341003,7.416546835435133
2.772588722239781,0.6931471805599453,4.838026416156094
3.4339872044851463,0.6931471805599453,5.860301775655642
4.882801922586371,0.6931471805599453,6.9940980992041535
4.532599493153256,1.0986122886681098,6.575563866544399
3.784189633918261,1.3862943611198906,9.441676670894656
3.4011973816621555,0.6931471805599453,5.899760357897641
3.1354942159291497,1.6094379124341003,8.625033629522884
3.044522437723423,2.8903717578961645,9.503102518971122
3.4339872044851463,1.3862943611198906,6.889774590946187
3.6109179126442243,0.6931471805599453,5.923453336491439
4.330733340286331,1.0986122886681098,6.9091443138264115
3.871201010907891,1.0986122886681098,7.058328137461511
5.293304824724492,1.0986122886681098,5.341376856008484
5.117993812416755,0.6931471805599453,4.566429357671661
4.382026634673881,0.6931471805599453,6.872987835288763
5.883322388488279,0.6931471805599453,5.1298987149230735
3.6888794541139363,1.0986122886681098,6.084089306213804
2.1972245773362196,2.3978952727983707,8.214270231095687
3.9318256327243257,1.0986122886681098,6.397862553264747
2.833213344056216,1.791759469228055,9.391991704219832
2.1972245773362196,0.6931471805599453,5.601971208509516
5.7430031878094825,1.0986122886681098,6.33276439774036
1.791759469228055,1.3862943611198906,7.666226609492505
5.717027701406222,0.6931471805599453,5.480013727948073
2.1972245773362196,2.0794415416798357,8.238203893748778
5.568344503761097,0.6931471805599453,6.12665081966305
5.66988092298052,0.6931471805599453,4.989888220951467
4.465908118654584,0.6931471805599453,5.865476063654188
3.1780538303479458,2.3978952727983707,9.148707492038316
1.0986122886681098,3.4965075614664802,8.324988557507531
3.713572066704308,1.0986122886681098,6.255001200981438
2.302585092994046,1.0986122886681098,6.928949094989139
5.429345628954441,0.6931471805599453,5.08475279001415
5.75890177387728,0.6931471805599453,5.391124416134243
3.6109179126442243,1.791759469228055,7.182982612166326
3.58351893845611,1.3862943611198906,6.441903020858877
3.091042453358316,1.0986122886681098,7.935769837637909
4.3694478524670215,0.6931471805599453,6.0899968031722285
5.5134287461649825,0.6931471805599453,6.032366538428407
3.713572066704308,0.6931471805599453,5.291846475417725
5.480638923341991,1.0986122886681098,6.239027502962935
1.3862943611198906,2.772588722239781,8.89321301083995
1.6094379124341003,2.302585092994046,7.757542894498013
5.459585514144159,1.0986122886681098,7.621244157199997
2.8903717578961645,0.6931471805599453,5.2879639544685455
2.1972245773362196,0.6931471805599453,4.976733742420574
3.6888794541139363,0.6931471805599453,5.3748153375207615
3.4011973816621555,1.0986122886681098,6.473396747218991
5.356586274672012,1.0986122886681098,9.196774773912752
5.762051382780177,0.6931471805599453,6.117766746972636
4.532599493153256,1.0986122886681098,6.083587835983788
4.700480365792417,1.3862943611198906,6.038109554931026
3.6635616461296463,2.3978952727983707,8.113492525763553
3.9512437185814275,1.0986122886681098,6.428541364981557
2.995732273553991,1.6094379124341003,8.245966975595675
2.3978952727983707,2.1972245773362196,8.01436219197595
3.4011973816621555,2.0794415416798357,6.940783782995926
3.4011973816621555,2.3978952727983707,7.863282108506616
5.25227342804663,1.791759469228055,6.359677669513258
4.0943445622221,0.6931471805599453,5.037731519757957
3.1354942159291497,0.6931471805599453,6.606920419952056
4.382026634673881,1.0986122886681098,5.541969178493598
4.110873864173311,0.6931471805599453,7.3655028587473295
4.3694478524670215,1.3862943611198906,7.0280684444921455
3.1780538303479458,1.791759469228055,7.6499497335130995
3.970291913552122,0.6931471805599453,7.085332264745334
4.31748811353631,0.6931471805599453,6.558254538791405
4.060443010546419,1.791759469228055,8.115335568501695
5.631211781821365,0.6931471805599453,5.757639147446912
1.0986122886681098,1.6094379124341003,7.73726297143202
4.564348191467836,1.0986122886681098,6.571303042160927
3.4011973816621555,0.6931471805599453,5.869240414362608
3.1354942159291497,0.6931471805599453,5.183523608545955
2.833213344056216,2.302585092994046,8.200354155974704
2.772588722239781,1.3862943611198906,7.20073081629489
1.0986122886681098,3.044522437723423,9.524469857917655
5.4510384535657,0.6931471805599453,5.199049364889368
5.6240175061873385,0.6931471805599453,5.723911845951367
4.672828834461906,1.0986122886681098,6.464790775403018
5.3612921657094255,1.0986122886681098,7.895368965589599
3.1780538303479458,2.302585092994046,8.798074188898816
2.4849066497880004,2.0794415416798357,8.407273409191232
1.6094379124341003,1.3862943611198906,6.668812575758953
2.3978952727983707,1.0986122886681098,7.1482513998271635
4.060443010546419,0.6931471805599453,6.463809184055691
4.0943445622221,1.6094379124341003,7.6801664025186325
4.51085950651685,1.0986122886681098,7.432590311121191
4.219507705176107,2.1972245773362196,8.70016453705169
3.5263605246161616,0.6931471805599453,6.511284599453549
5.480638923341991,0.6931471805599453,6.188469440812497
3.2188758248682006,1.3862943611198906,7.06951692181073
4.7535901911063645,0.6931471805599453,5.230573714461517
3.258096538021482,1.3862943611198906,6.9219145615400475
4.859812404361672,1.9459101490553132,8.11541328460481
4.875197323201151,0.6931471805599453,6.171512688316606
3.5553480614894135,1.6094379124341003,7.482220269767765
1.791759469228055,1.0986122886681098,7.206355036031724
3.1354942159291497,2.5649493574615367,8.222505302105255
5.049856007249537,0.6931471805599453,5.765347830314356
4.68213122712422,1.3862943611198906,6.4369673422476765
1.3862943611198906,0.6931471805599453,5.753968489569372
5.817111159963204,0.6931471805599453,4.74493212836325
5.805134968916488,0.6931471805599453,6.82543832049292
5.0106352940962555,1.0986122886681098,7.701132335950876
2.4849066497880004,1.791759469228055,6.401884028681278
2.8903717578961645,1.791759469228055,8.30700781907883
2.4849066497880004,1.6094379124341003,7.4049970586737315
2.995732273553991,0.6931471805599453,6.532407069777784
3.4339872044851463,0.6931471805599453,4.529152699564175
2.4849066497880004,0.6931471805599453,5.50573795739701
0.6931471805599453,2.4849066497880004,8.256031004164345
2.1972245773362196,2.302585092994046,8.49349048870337
5.786897381366708,0.6931471805599453,4.1588830833596715
4.07753744390572,0.6931471805599453,6.431540399799522
2.5649493574615367,1.6094379124341003,8.244898785891763
5.0238805208462765,1.3862943611198906,7.917547282845659
2.3978952727983707,1.791759469228055,8.005383750527514
5.802118375377063,0.6931471805599453,5.424509391785796
1.791759469228055,1.0986122886681098,6.415947661051908
3.6888794541139363,1.6094379124341003,7.586600674831223
3.258096538021482,1.9459101490553132,7.194729601037682
3.7612001156935624,2.5649493574615367,9.777326645314199
4.0943445622221,1.6094379124341003,7.015730373647435
0.6931471805599453,1.6094379124341003,6.761352837213469
2.772588722239781,3.1354942159291497,9.531593091360708
1.6094379124341003,3.4657359027997265,9.415793974716065
1.6094379124341003,2.772588722239781,9.045179131116987
2.1972245773362196,2.0794415416798357,7.733959364615189
3.367295829986474,1.9459101490553132,7.960002460651312
5.921578419643816,0.6931471805599453,4.501364017262502
4.74493212836325,0.6931471805599453,8.491836408313453
3.295836866004329,1.0986122886681098,7.1297862115656185
5.332718793265369,0.6931471805599453,5.966172379820607
3.367295829986474,1.9459101490553132,6.94389432559801
4.852030263919617,1.6094379124341003,6.753332895580138
4.2626798770413155,1.0986122886681098,6.769263030204804
2.0794415416798357,1.6094379124341003,6.368358698228111
3.4011973816621555,1.3862943611198906,6.865463454791294
2.1972245773362196,1.6094379124341003,8.505320994961897
4.394449154672439,1.0986122886681098,6.682997926190526
3.044522437723423,0.6931471805599453,5.393627546352362
4.276666119016055,0.6931471805599453,5.650908985049133
2.0794415416798357,2.1972245773362196,7.758692224146705
2.772588722239781,2.302585092994046,8.834816031986259
5.680172609017068,0.6931471805599453,6.404269320519532
3.4339872044851463,2.3978952727983707,7.906145678459555
2.772588722239781,2.772588722239781,9.180656121866383
4.584967478670572,1.3862943611198906,7.047534612510416
3.4011973816621555,2.6390573296152584,8.388707334356674
0.6931471805599453,0.6931471805599453,6.744706797531768
2.302585092994046,1.791759469228055,8.45741346257719
4.672828834461906,0.6931471805599453,5.841687621789754
1.6094379124341003,1.0986122886681098,6.960812516706486
5.0238805208462765,1.0986122886681098,6.939234566008755
4.276666119016055,0.6931471805599453,5.477509030333064
1.791759469228055,1.0986122886681098,6.47072210140631
1.3862943611198906,3.258096538021482,8.662631168498326
3.4965075614664802,1.9459101490553132,7.885001871924596
4.454347296253507,1.6094379124341003,6.906384339674138
1.6094379124341003,1.791759469228055,6.587646428909591
1.791759469228055,1.6094379124341003,6.9396511539657
5.918893854273146,0.6931471805599453,6.060990609756592
3.367295829986474,2.0794415416798357,7.867143813759015
2.4849066497880004,2.0794415416798357,8.2894641427604
4.276666119016055,1.6094379124341003,6.7302182580203365
4.74493212836325,0.6931471805599453,6.118119224230488
3.2188758248682006,2.5649493574615367,9.846753695617958
5.198497031265826,0.6931471805599453,5.469156586232957
5.459585514144159,0.6931471805599453,5.953113455724059
5.869296913133774,0.6931471805599453,4.713127327493184
5.755742213586912,1.0986122886681098,6.660024422032584
5.811140992976701,0.6931471805599453,5.459585514144159
5.921578419643816,0.6931471805599453,5.05209708390385
4.3694478524670215,1.0986122886681098,6.921697631104842
4.174387269895637,0.6931471805599453,6.060524083039477
4.90527477843843,1.0986122886681098,6.293659545728696
3.970291913552122,2.0794415416798357,9.965536571182271
1.0986122886681098,2.4849066497880004,8.342127645985029
0.6931471805599453,5.3471075307174685,10.405903614853912
1.6094379124341003,1.791759469228055,8.316759801128319
4.867534450455582,0.6931471805599453,5.623584199327089
4.406719247264253,0.6931471805599453,8.38201014985595
3.1780538303479458,1.9459101490553132,9.972565287088774
5.4680601411351315,1.3862943611198906,8.010273263812737
5.641907070938114,1.0986122886681098,8.246158446737232
4.477336814478207,0.6931471805599453,4.72809553282539
2.833213344056216,2.6390573296152584,8.966439112421154
4.770684624465665,1.0986122886681098,7.934724759609325
3.970291913552122,1.3862943611198906,7.334616515331031
2.1972245773362196,1.0986122886681098,7.549356501658852
4.9344739331306915,1.0986122886681098,6.204719365671822
5.762051382780177,0.6931471805599453,7.435367220848186
1.6094379124341003,2.0794415416798357,8.852325959921869
5.480638923341991,0.6931471805599453,7.042810509975002
5.356586274672012,0.6931471805599453,7.209673041460572
4.110873864173311,0.6931471805599453,6.795112758210396
2.8903717578961645,1.791759469228055,7.23492725912033
3.044522437723423,1.9459101490553132,6.713235627004493
3.6635616461296463,2.1972245773362196,8.289629887368429
4.174387269895637,1.0986122886681098,6.718699095412067
1.791759469228055,1.791759469228055,7.754447241564618
1.0986122886681098,1.9459101490553132,7.708370253328926
2.302585092994046,1.0986122886681098,6.280058703484731
5.8998973535824915,0.6931471805599453,5.74604343337071
2.3978952727983707,1.3862943611198906,6.141305955347142
4.189654742026425,0.6931471805599453,4.530985287798715
5.262690188904886,0.6931471805599453,5.786651952478496
5.926926025970411,0.6931471805599453,5.265794174842477
5.552959584921617,0.6931471805599453,5.995307154825432
5.817111159963204,1.0986122886681098,6.303497710423594
3.9889840465642745,1.0986122886681098,6.758570581561217
2.995732273553991,0.6931471805599453,6.067221159507229
5.905361848054571,0.6931471805599453,5.541381185297377
2.3978952727983707,1.3862943611198906,8.85052335403181
5.236441962829949,0.6931471805599453,6.060477418394936
3.6375861597263857,1.3862943611198906,6.183426980938617
5.187385805840755,0.6931471805599453,6.1950378441253156
5.568344503761097,1.3862943611198906,6.245816025546385
3.828641396489095,0.6931471805599453,5.440858053330147
4.634728988229636,0.6931471805599453,4.843556966714995
5.003946305945459,1.0986122886681098,6.970222907300612
4.574710978503383,1.0986122886681098,6.351234695954017
5.641907070938114,0.6931471805599453,5.118233304694274
5.572154032177765,0.6931471805599453,7.341535698070348
1.3862943611198906,1.6094379124341003,6.849426769082011
5.3706380281276624,0.6931471805599453,4.540311613639595
4.276666119016055,1.0986122886681098,6.856335660826602
4.330733340286331,1.791759469228055,7.473353138595107
4.110873864173311,0.6931471805599453,5.986753467377863
1.3862943611198906,2.0794415416798357,7.296901285267718
1.9459101490553132,1.3862943611198906,6.066456057398334
1.3862943611198906,1.9459101490553132,6.927273552128017
5.823045895483019,1.0986122886681098,5.683579767338681
3.6635616461296463,1.9459101490553132,8.826975250212882
5.572154032177765,0.6931471805599453,5.3755098623779425
3.4965075614664802,1.0986122886681098,5.950720674536128
4.983606621708336,0.6931471805599453,6.0363901104609745
5.648974238161206,0.6931471805599453,5.7474165116762626
4.0943445622221,1.6094379124341003,7.867626437402386
5.159055299214529,0.6931471805599453,4.906015244966153
3.5553480614894135,1.0986122886681098,6.5116710326797245
1.3862943611198906,2.70805020110221,8.629167388389371
4.976733742420574,1.6094379124341003,7.911239704558553
1.791759469228055,3.258096538021482,8.292192917458863
4.2626798770413155,1.0986122886681098,7.0210750356778515
4.204692619390966,2.1972245773362196,7.440299340765267
3.4011973816621555,1.0986122886681098,5.789837839256022
5.5909869805108565,1.6094379124341003,5.8723712784711255
3.1354942159291497,0.6931471805599453,6.738910501075306
3.4657359027997265,1.0986122886681098,6.918982022596603
4.584967478670572,0.6931471805599453,4.8889195354121595
5.69035945432406,0.6931471805599453,5.744764456377822
4.912654885736052,1.9459101490553132,7.579729894309281
4.382026634673881,1.3862943611198906,7.183301509089395
5.924255797414532,0.6931471805599453,3.66612246699132
2.1972245773362196,1.9459101490553132,7.683302386789297
5.356586274672012,1.0986122886681098,7.009770204388867
3.970291913552122,0.6931471805599453,6.258050656265029
4.9344739331306915,0.6931471805599453,4.998022756045412
3.295836866004329,1.0986122886681098,7.358340332174572
5.648974238161206,0.6931471805599453,6.3281510464875765
3.295836866004329,2.0794415416798357,8.296631304736238
5.231108616854587,1.9459101490553132,7.3827837624756185
4.442651256490317,1.0986122886681098,5.9444777558836455
5.793013608384144,1.0986122886681098,6.398545016483998
5.645446897643238,0.6931471805599453,5.926926025970411
4.969813299576001,1.0986122886681098,5.841310038608051
4.07753744390572,1.0986122886681098,7.704820935960926
1.6094379124341003,2.5649493574615367,7.337438090181038
5.4680601411351315,1.0986122886681098,6.752258693830513
3.828641396489095,1.3862943611198906,6.353012598149689
5.6240175061873385,0.6931471805599453,5.700443573390687
2.302585092994046,1.0986122886681098,7.288955016552379
3.258096538021482,1.6094379124341003,6.5574457470395595
4.48863636973214,0.6931471805599453,5.736733574795887
4.1588830833596715,1.3862943611198906,7.0700611857921905
4.23410650459726,1.0986122886681098,7.229403900997191
5.3706380281276624,1.0986122886681098,5.87245576052578
3.2188758248682006,0.6931471805599453,5.934153180394868
5.231108616854587,1.3862943611198906,5.805134968916488
3.4657359027997265,0.6931471805599453,5.179252259389097
3.7612001156935624,1.0986122886681098,5.923720895021463
5.327876168789581,1.0986122886681098,5.382198850528739
2.302585092994046,3.367295829986474,9.778804894130932
5.583496308781699,0.6931471805599453,4.939354092091292
2.9444389791664403,1.0986122886681098,6.208710743156108
2.5649493574615367,1.791759469228055,7.979616254055095
5.176149732573829,1.0986122886681098,6.621405651764134
3.713572066704308,1.791759469228055,7.686928768177821
3.1780538303479458,2.1972245773362196,8.031398334442155
1.3862943611198906,1.791759469228055,7.416558859796489
1.791759469228055,1.791759469228055,7.817879034084852
5.0106352940962555,1.0986122886681098,5.898937989430242
4.941642422609304,1.6094379124341003,7.988186624712898
4.859812404361672,0.6931471805599453,6.38856140554563
2.1972245773362196,1.9459101490553132,7.197577559553778
2.8903717578961645,0.6931471805599453,5.098524063842042
2.302585092994046,3.6375861597263857,9.716440246960428
5.087596335232384,0.6931471805599453,6.007288682454868
4.174387269895637,0.6931471805599453,5.158020281009314
4.48863636973214,1.6094379124341003,6.840225622188537
1.791759469228055,1.0986122886681098,6.5439837854231016
3.58351893845611,1.791759469228055,7.632255767200078
5.746203190540153,0.6931471805599453,4.777862193806203
4.3694478524670215,1.0986122886681098,6.032606490439157
3.1354942159291497,2.772588722239781,10.646780168946005
3.2188758248682006,1.3862943611198906,6.411046212773516
1.0986122886681098,2.0794415416798357,7.678650228164007
2.8903717578961645,1.6094379124341003,6.970636177021338
2.772588722239781,1.6094379124341003,7.316727563085719
3.295836866004329,0.6931471805599453,4.7461487792476635
4.174387269895637,2.1972245773362196,9.357276518099342
4.02535169073515,1.0986122886681098,6.803161136252212
4.882801922586371,1.3862943611198906,6.517080256346608
3.6109179126442243,1.0986122886681098,6.406071078133402
5.666426688112432,0.6931471805599453,6.139776787799188
4.976733742420574,1.9459101490553132,7.380872805015112
2.833213344056216,2.0794415416798357,7.63334544803145
3.4657359027997265,2.1972245773362196,8.335244365149629
1.0986122886681098,1.3862943611198906,7.519692404116539
2.302585092994046,1.9459101490553132,6.970795803683085
1.9459101490553132,1.6094379124341003,7.236188143419333
2.3978952727983707,0.6931471805599453,5.801665100458068
0.6931471805599453,2.4849066497880004,8.46761631787212
5.726847747587197,0.6931471805599453,4.691989877940651
2.3978952727983707,2.1972245773362196,8.298673931566155
2.0794415416798357,1.0986122886681098,5.588708266810736
2.1972245773362196,2.1972245773362196,7.527056760684021
4.499809670330265,0.6931471805599453,6.647441909990047
2.3978952727983707,0.6931471805599453,5.0825217528963655
5.883322388488279,1.0986122886681098,7.415716805133478
4.727387818712341,0.6931471805599453,4.919615895709087
2.0794415416798357,1.6094379124341003,6.00751012552645
1.6094379124341003,4.465908118654584,9.322857120608939
5.293304824724492,0.6931471805599453,4.982235819574558
5.3612921657094255,0.6931471805599453,6.60610949951297
5.056245805348308,0.6931471805599453,3.6948615257914836
5.0689042022202315,2.302585092994046,8.905973207660795
3.4339872044851463,1.0986122886681098,5.922168058105326
5.497168225293202,0.6931471805599453,5.970087681348397
2.995732273553991,0.6931471805599453,4.590056548178043
0.6931471805599453,1.0986122886681098,7.123173063265281
4.31748811353631,1.0986122886681098,6.327400925897314
5.680172609017068,0.6931471805599453,6.228155910967461
1.3862943611198906,2.772588722239781,8.842909215405916
3.4657359027997265,1.3862943611198906,6.017375928892483
3.1780538303479458,1.0986122886681098,6.22408306878471
3.1780538303479458,1.6094379124341003,6.030108170700187
1.6094379124341003,1.3862943611198906,6.882868147474188
4.454347296253507,0.6931471805599453,5.358094570583897
3.1354942159291497,1.6094379124341003,7.113052528147638
5.2832037287379885,1.3862943611198906,6.124420774356607
4.68213122712422,1.3862943611198906,6.283854271159006
1.6094379124341003,2.6390573296152584,9.18880718813043
5.765191102784844,0.6931471805599453,4.80361112466193
4.672828834461906,1.3862943611198906,5.010968571886377
2.5649493574615367,2.9444389791664403,8.640633085723934
5.1647859739235145,1.0986122886681098,6.243584206658709
4.04305126783455,0.6931471805599453,4.413646418429337
5.780743515792329,0.6931471805599453,5.4401207021224
5.921578419643816,0.6931471805599453,3.942552210462969
2.302585092994046,2.1972245773362196,7.407220618377491
0.6931471805599453,2.6390573296152584,8.478855608188903
2.4849066497880004,2.3978952727983707,8.151125703889235
3.9889840465642745,1.791759469228055,8.113917684381065
4.30406509320417,1.3862943611198906,6.673158893621945
2.0794415416798357,0.6931471805599453,5.3230099791384085
2.833213344056216,3.367295829986474,8.892707553816384
1.6094379124341003,2.302585092994046,7.869929096421559
4.174387269895637,1.0986122886681098,6.537995095494749
0.6931471805599453,1.791759469228055,6.883831370862763
4.74493212836325,1.9459101490553132,8.841158975945264
3.1780538303479458,1.0986122886681098,6.49574882283055
3.4657359027997265,1.3862943611198906,7.129698109719828
2.4849066497880004,1.0986122886681098,6.6246493864952445
3.970291913552122,1.0986122886681098,6.918873244715984
5.8805329864007,0.6931471805599453,5.255148871146658
4.02535169073515,1.0986122886681098,6.467341519456512
4.31748811353631,1.0986122886681098,6.827499215216475
4.9344739331306915,1.3862943611198906,6.782271417936915
4.394449154672439,1.3862943611198906,6.812851016782114
2.302585092994046,1.0986122886681098,6.519132538569087
5.6131281063880705,0.6931471805599453,6.248854923817375
5.676753802268282,0.6931471805599453,6.330558344434147
4.605170185988092,0.6931471805599453,5.724499716244923
3.4657359027997265,1.0986122886681098,6.446211761854101
3.4965075614664802,2.3978952727983707,8.082877889943946
2.70805020110221,1.6094379124341003,7.506817029425575
4.174387269895637,1.0986122886681098,6.488718490843878
2.772588722239781,2.8903717578961645,8.672119570311168
5.3612921657094255,0.6931471805599453,5.8555016292920445
4.3694478524670215,1.3862943611198906,7.102836747411359
3.258096538021482,1.3862943611198906,5.607271574275358
5.5254529391317835,0.6931471805599453,5.2171073111224935
5.541263545158426,0.6931471805599453,5.731819083350057
4.290459441148391,0.6931471805599453,5.519899699795292
5.2574953720277815,0.6931471805599453,5.85214500685857
2.6390573296152584,1.6094379124341003,7.009038493734221
5.924255797414532,0.6931471805599453,5.3320422359496575
3.2188758248682006,1.0986122886681098,6.1565551669735745
4.418840607796598,0.6931471805599453,4.757547866408974
2.3978952727983707,1.0986122886681098,5.84354441703136
0.6931471805599453,3.2188758248682006,8.396705501477726
5.262690188904886,0.6931471805599453,5.437209365414655
5.5909869805108565,0.6931471805599453,5.182625892051845
4.875197323201151,0.6931471805599453,6.825036493805135
0.6931471805599453,1.6094379124341003,6.5917011664745795
1.3862943611198906,3.295836866004329,9.443746284664895
1.6094379124341003,1.791759469228055,5.3986150878634005
5.19295685089021,0.6931471805599453,4.078892457663179
2.5649493574615367,2.4849066497880004,10.251972348590337
4.844187086458591,2.302585092994046,8.192744778040643
1.6094379124341003,1.0986122886681098,5.719491768361381
5.0689042022202315,1.0986122886681098,6.0332780499213925
1.3862943611198906,4.584967478670572,10.98126904552405
2.302585092994046,2.70805020110221,9.095133764476559
3.367295829986474,0.6931471805599453,5.848805913370403
4.276666119016055,1.791759469228055,6.171345628362577
5.6240175061873385,2.1972245773362196,8.966160858120457
3.091042453358316,2.5649493574615367,7.564404436501881
4.276666119016055,0.6931471805599453,4.32280727501391
3.5263605246161616,2.3978952727983707,8.70021783432055
0.6931471805599453,3.367295829986474,10.271023699486712
4.605170185988092,0.6931471805599453,5.339267352876991
5.459585514144159,0.6931471805599453,4.626833825624118
0.6931471805599453,3.2188758248682006,8.767965917447414
3.713572066704308,0.6931471805599453,5.501013282593141
1.3862943611198906,1.9459101490553132,7.0025926197429715
4.897839799950911,0.6931471805599453,4.350277936359301
3.8066624897703196,1.6094379124341003,7.334733968170588
5.924255797414532,0.6931471805599453,5.8609571490281995
4.110873864173311,1.0986122886681098,6.668914163060628
3.4657359027997265,2.0794415416798357,7.306309897899894
0.6931471805599453,3.2188758248682006,9.413033021909968
2.5649493574615367,1.6094379124341003,7.7388279340332105
4.9344739331306915,0.6931471805599453,6.218878965272838
3.1354942159291497,2.1972245773362196,6.893565072546089
3.044522437723423,1.791759469228055,7.089084677082725
5.480638923341991,0.6931471805599453,3.4531571205928664
5.598421958998375,0.6931471805599453,5.6515413628105104
4.553876891600541,1.0986122886681098,6.828051680471256
4.51085950651685,1.3862943611198906,8.231463877756003
1.791759469228055,2.1972245773362196,7.6499973391858
4.3694478524670215,0.6931471805599453,5.561335263505108
4.553876891600541,0.6931471805599453,4.174387269895637
3.1780538303479458,1.3862943611198906,6.979424565672496
5.572154032177765,0.6931471805599453,4.360547602996758
5.616771097666572,1.0986122886681098,4.707726774313183
4.465908118654584,1.6094379124341003,7.4925262902571115
5.288267030694535,0.6931471805599453,8.038189179973203
4.04305126783455,1.791759469228055,7.866572791402729
2.4849066497880004,2.1972245773362196,8.189880081639725
3.1354942159291497,1.9459101490553132,6.870458314237744
2.833213344056216,2.0794415416798357,8.530294986827844
4.6913478822291435,1.3862943611198906,6.048482673330305
4.454347296253507,1.791759469228055,7.778944036943872
2.995732273553991,0.6931471805599453,5.7303919480814
5.811140992976701,0.6931471805599453,4.718052343044764
3.713572066704308,1.6094379124341003,6.428944984648157
3.295836866004329,0.6931471805599453,5.437687927995845
2.3978952727983707,1.6094379124341003,6.57060281105606
3.4011973816621555,2.5649493574615367,8.211824970346322
2.70805020110221,1.6094379124341003,7.424797539358498
5.6937321388027,0.6931471805599453,7.1379697721602025
1.9459101490553132,0.6931471805599453,6.188715766456242
3.5263605246161616,1.6094379124341003,6.880137391945464
3.912023005428146,1.6094379124341003,7.462915441057162
4.564348191467836,1.6094379124341003,7.091792030654675
2.302585092994046,1.6094379124341003,7.26567444855103
3.1354942159291497,0.6931471805599453,4.530446639792155
5.749392985908253,0.6931471805599453,4.7340030578310595
4.812184355372417,1.6094379124341003,7.432063601299488
3.8501476017100584,1.0986122886681098,6.929986327823459
5.648974238161206,0.6931471805599453,6.035959786994534
2.995732273553991,1.6094379124341003,6.674977971699642
3.6109179126442243,1.6094379124341003,7.170573286646459
4.174387269895637,1.0986122886681098,6.570714880987815
3.332204510175204,0.6931471805599453,4.698751599609622
3.1354942159291497,1.3862943611198906,6.151476586982076
1.6094379124341003,1.0986122886681098,5.871131387648096
2.833213344056216,1.3862943611198906,7.917106389026516
3.8501476017100584,0.6931471805599453,6.178960195175666
4.189654742026425,0.6931471805599453,5.6470357407703125
3.295836866004329,2.4849066497880004,8.652854564021988
3.828641396489095,0.6931471805599453,4.805495367221621
2.1972245773362196,2.302585092994046,8.283691175973804
2.772588722239781,2.3978952727983707,7.420548964842826
5.594711379601839,0.6931471805599453,4.282206299391671
3.713572066704308,1.3862943611198906,7.363209831835215
5.823045895483019,0.6931471805599453,5.4681445257603025
2.4849066497880004,0.6931471805599453,4.750135956238277
2.995732273553991,1.0986122886681098,5.567122383230129
4.564348191467836,1.0986122886681098,6.81667016102037
4.127134385045092,0.6931471805599453,4.72809553282539
4.919980925828125,0.6931471805599453,4.122283930911342
2.4849066497880004,1.6094379124341003,7.494863936311281
2.3978952727983707,1.9459101490553132,8.132189317204716
1.6094379124341003,3.6635616461296463,9.191984936991869
2.995732273553991,1.6094379124341003,6.769745301020691
2.3978952727983707,1.6094379124341003,6.769021807549381
2.772588722239781,1.0986122886681098,5.526488259576272
4.0943445622221,1.9459101490553132,7.105498967663615
3.4339872044851463,2.1972245773362196,8.681454302434092
4.553876891600541,0.6931471805599453,5.8706519268912345
2.3978952727983707,1.3862943611198906,6.999805605779951
3.044522437723423,1.3862943611198906,6.669282330542903
4.060443010546419,1.791759469228055,7.327504547645857
5.594711379601839,0.6931471805599453,5.813354111085492
4.812184355372417,1.3862943611198906,6.282229363019668
4.852030263919617,0.6931471805599453,4.153242203469586
4.3694478524670215,1.6094379124341003,6.7096579362724444
5.484796933490655,1.0986122886681098,6.743364009514037
5.303304908059076,1.0986122886681098,5.101085197018328
4.110873864173311,1.0986122886681098,7.676450465777419
1.3862943611198906,2.0794415416798357,8.774133542253146
5.6131281063880705,0.6931471805599453,4.693272634209637
5.313205979041787,0.6931471805599453,5.5556690891919835
4.406719247264253,0.6931471805599453,5.883322388488279
5.424950017481403,0.6931471805599453,5.087287645617338
1.6094379124341003,2.70805020110221,7.921764198172896
2.6390573296152584,2.0794415416798357,7.192445379947863
4.31748811353631,1.0986122886681098,6.407077986267962
5.3612921657094255,0.6931471805599453,6.939321773198559
3.258096538021482,1.0986122886681098,6.614524507599939
2.8903717578961645,1.6094379124341003,6.553548714657728
5.572154032177765,0.6931471805599453,5.800788185931274
4.574710978503383,1.6094379124341003,6.499260586313608
4.727387818712341,1.3862943611198906,5.603593747400769
5.318119993844216,0.6931471805599453,6.373524546769825
4.543294782270004,0.6931471805599453,4.810068296960951
3.9512437185814275,0.6931471805599453,6.067267510523482
2.9444389791664403,1.9459101490553132,7.581984640687438
2.9444389791664403,1.6094379124341003,6.218839134950008
4.836281906951478,1.0986122886681098,6.145643797955656
4.532599493153256,1.3862943611198906,6.56865358837482
5.062595033026967,1.0986122886681098,6.9386723816168585
2.302585092994046,1.0986122886681098,5.992738734985712
2.5649493574615367,1.3862943611198906,6.512977853578813
4.143134726391533,0.6931471805599453,5.64960784020993
4.127134385045092,0.6931471805599453,6.325469456665338
5.598421958998375,1.0986122886681098,6.8512907420010105
5.575949103146316,0.6931471805599453,5.3047466543129405
0.6931471805599453,3.58351893845611,8.914347863308706
3.9889840465642745,1.791759469228055,7.646669009574865
2.4849066497880004,2.5649493574615367,8.25199250811344
1.3862943611198906,2.995732273553991,8.416818006100614
2.9444389791664403,2.4849066497880004,8.06329910390357
0.6931471805599453,2.772588722239781,8.583782109053482
5.905361848054571,0.6931471805599453,6.3818160174060985
3.6375861597263857,0.6931471805599453,5.358894928433641
3.4657359027997265,1.0986122886681098,5.626037126031348
4.736198448394496,0.6931471805599453,4.941499555261394
4.174387269895637,1.0986122886681098,6.383388384649479
2.833213344056216,1.6094379124341003,5.5583712718823435
3.7376696182833684,0.6931471805599453,6.298452800117238
4.3694478524670215,0.6931471805599453,4.932673752626544
4.812184355372417,1.3862943611198906,6.68393649975286
2.9444389791664403,1.3862943611198906,7.032747819149021
4.110873864173311,1.0986122886681098,4.5502915244781015
5.805134968916488,0.6931471805599453,5.309207849379209
3.1780538303479458,1.6094379124341003,7.904748193336201
5.056245805348308,0.6931471805599453,5.8919480330707374
3.6888794541139363,1.0986122886681098,6.362924649913461
5.25227342804663,1.0986122886681098,6.773926699344786
5.8888779583328805,0.6931471805599453,5.309257306586371
4.927253685157205,0.6931471805599453,4.481871969643598
2.1972245773362196,1.6094379124341003,7.645325960844005
0.6931471805599453,0.6931471805599453,5.8888779583328805
5.594711379601839,0.6931471805599453,4.966335035199676
5.135798437050262,0.6931471805599453,5.921283469984221
4.653960350157523,1.6094379124341003,6.428250657915328
5.049856007249537,0.6931471805599453,4.1705337005796475
5.863631175598097,0.6931471805599453,5.7085046409915305
1.6094379124341003,2.3978952727983707,7.601832027360015
4.795790545596741,0.6931471805599453,2.772588722239781
3.1780538303479458,1.3862943611198906,7.23454507743516
2.0794415416798357,1.791759469228055,7.2846768692730555
3.367295829986474,1.3862943611198906,7.032650739053453
1.6094379124341003,1.0986122886681098,6.396212731621162
3.1354942159291497,1.791759469228055,7.35007933912113
1.0986122886681098,1.3862943611198906,6.655363127308804
3.6375861597263857,1.6094379124341003,8.654156438485995
4.204692619390966,1.9459101490553132,7.729594662150938
0.6931471805599453,1.3862943611198906,6.464214402021743
1.791759469228055,3.295836866004329,9.29160233605445
4.3694478524670215,1.6094379124341003,7.3351123335064
4.290459441148391,1.0986122886681098,6.342755020769874
2.8903717578961645,0.6931471805599453,5.300714491147758
1.3862943611198906,1.791759469228055,6.670576188703463
3.6109179126442243,2.3978952727983707,8.871077244439467
4.418840607796598,0.6931471805599453,6.516636764580894
3.6888794541139363,2.1972245773362196,8.196649026863438
5.75890177387728,0.6931471805599453,7.17738539082617
3.4965075614664802,1.0986122886681098,6.672032945461067
4.543294782270004,1.3862943611198906,7.040475092365302
2.70805020110221,0.6931471805599453,5.863347044327539
4.418840607796598,1.3862943611198906,8.161466369296502
4.356708826689592,0.6931471805599453,6.679749928251019
5.0689042022202315,0.6931471805599453,6.190356388619899
5.308267697401205,0.6931471805599453,6.758233867538541
3.828641396489095,2.0794415416798357,9.28149570365981
5.568344503761097,0.6931471805599453,6.65524728153801
5.187385805840755,0.6931471805599453,5.870510865261174
4.23410650459726,1.3862943611198906,7.829109171398687
5.666426688112432,0.6931471805599453,5.967427969279741
4.2626798770413155,0.6931471805599453,5.835862815013409
4.174387269895637,0.6931471805599453,5.458563715690134
2.4849066497880004,0.6931471805599453,5.514718236994854
2.833213344056216,1.0986122886681098,6.887675013147945
4.204692619390966,0.6931471805599453,5.926766013169045
4.110873864173311,0.6931471805599453,5.988911290320265
4.276666119016055,0.6931471805599453,6.612753146812557
4.812184355372417,0.6931471805599453,6.515749190558129
4.394449154672439,0.6931471805599453,6.645403014442647
5.552959584921617,0.6931471805599453,6.414114479970247
5.598421958998375,0.6931471805599453,6.086842906406214
4.174387269895637,0.6931471805599453,6.088046644954226
2.302585092994046,1.6094379124341003,8.036489318202769
2.9444389791664403,1.0986122886681098,6.901234061991872
4.276666119016055,0.6931471805599453,4.9123607248279155
3.5553480614894135,1.0986122886681098,7.708127735453272
3.9318256327243257,0.6931471805599453,4.045854353061666
5.552959584921617,1.0986122886681098,6.436791188641277
5.905361848054571,0.6931471805599453,5.734247015460021
5.921578419643816,0.6931471805599453,6.62786940372116
4.51085950651685,0.6931471805599453,5.939223435262291
4.127134385045092,1.3862943611198906,8.105684859760789
4.499809670330265,0.6931471805599453,6.658845101030894
4.605170185988092,1.3862943611198906,6.928302726869797
3.295836866004329,1.3862943611198906,6.351862551846838
3.4965075614664802,1.9459101490553132,8.199824121839633
5.641907070938114,0.6931471805599453,5.411601408001375
3.4657359027997265,2.0794415416798357,8.331569388203366
5.802118375377063,0.6931471805599453,6.283331600299074
4.882801922586371,1.0986122886681098,6.519294769689797
2.4849066497880004,1.3862943611198906,6.683310881934879
4.330733340286331,0.6931471805599453,6.30093257288162
5.3230099791384085,0.6931471805599453,4.107589788972121
1.0986122886681098,2.1972245773362196,7.832418860516229
5.225746673713202,0.6931471805599453,5.7324347172293635
3.4011973816621555,1.0986122886681098,7.216702144538598
4.30406509320417,1.791759469228055,7.342863328186895
5.262690188904886,0.6931471805599453,6.127611266781323
4.852030263919617,1.0986122886681098,6.433309799308897
2.9444389791664403,0.6931471805599453,4.330733340286331
0.6931471805599453,1.0986122886681098,5.5353243745214
4.31748811353631,1.3862943611198906,6.351672492640208
1.0986122886681098,4.143134726391533,10.244166642215127
3.2188758248682006,1.791759469228055,6.911807059422235
4.68213122712422,0.6931471805599453,5.368542811437534
4.90527477843843,1.3862943611198906,7.238137580965946
3.8066624897703196,1.0986122886681098,6.570182436916891
1.791759469228055,1.0986122886681098,6.4643234711171225
2.5649493574615367,2.9444389791664403,8.720693878671442
4.174387269895637,0.6931471805599453,5.40294761562612
5.017279836814924,1.0986122886681098,5.080472253685035
3.713572066704308,1.0986122886681098,7.514641709852188
4.174387269895637,0.6931471805599453,7.8737119818711125
4.6913478822291435,1.3862943611198906,7.393392317183492
0.6931471805599453,2.3978952727983707,8.200376120238847
2.995732273553991,1.3862943611198906,6.369215816648631
2.3978952727983707,0.6931471805599453,5.3121216475244335
2.4849066497880004,1.6094379124341003,6.915525016246498
2.995732273553991,1.0986122886681098,6.5227543440063265
4.219507705176107,1.0986122886681098,7.146850916510274
4.31748811353631,1.0986122886681098,6.282715244436788
1.791759469228055,2.0794415416798357,8.245618036642021
1.0986122886681098,0.6931471805599453,5.287711320760812
2.70805020110221,2.0794415416798357,8.134191872452362
5.545177444479562,0.6931471805599453,5.651471118359793
4.532599493153256,0.6931471805599453,5.69588470252906
3.1780538303479458,1.3862943611198906,7.030096797837492
2.8903717578961645,1.9459101490553132,8.170663750231064
3.2188758248682006,0.6931471805599453,5.679762968811981
3.332204510175204,1.9459101490553132,7.623016139787193
3.295836866004329,1.791759469228055,7.972210810998752
5.560681631015528,1.0986122886681098,6.3818160174060985
5.117993812416755,1.0986122886681098,5.880477118918354
3.258096538021482,1.0986122886681098,6.965401351674954
2.9444389791664403,1.9459101490553132,7.477445859614847
2.0794415416798357,2.70805020110221,9.174461349151194
3.4011973816621555,1.0986122886681098,5.217324207338505
3.6888794541139363,1.3862943611198906,7.27655640271871
5.537334267018537,0.6931471805599453,5.0271645960474665
4.07753744390572,0.6931471805599453,6.515719591185634
5.220355825078324,0.6931471805599453,5.733017599924536
2.4849066497880004,1.0986122886681098,6.978129862132399
1.0986122886681098,3.6375861597263857,8.64926827413607
4.605170185988092,1.0986122886681098,5.111987788356544
0.6931471805599453,1.6094379124341003,7.825181366096544
4.127134385045092,1.0986122886681098,6.048884037975468
5.4680601411351315,0.6931471805599453,5.428643628223611
5.2574953720277815,1.6094379124341003,7.2673718919667785
5.19295685089021,1.0986122886681098,7.122439147874555
3.6635616461296463,1.9459101490553132,7.283159725605137
5.308267697401205,1.0986122886681098,5.71026144075391
3.8501476017100584,1.791759469228055,7.498626071957096
5.4510384535657,0.6931471805599453,5.223809314372975
4.204692619390966,0.6931471805599453,4.951168335262708
5.488937726156687,0.6931471805599453,5.751937516543248
5.455321115357702,0.6931471805599453,6.120824752413689
4.3694478524670215,1.3862943611198906,7.024123981607583
4.07753744390572,1.3862943611198906,6.356801864125367
2.8903717578961645,2.6390573296152584,9.101564029017187
4.663439094112067,1.6094379124341003,6.110402471179496
3.970291913552122,2.3978952727983707,7.103996177364903
4.919980925828125,1.3862943611198906,7.147433378135437
5.62040086571715,1.0986122886681098,6.429122525704993
5.746203190540153,0.6931471805599453,5.759721626980309
2.1972245773362196,1.791759469228055,7.623578405880983
2.4849066497880004,1.0986122886681098,6.483611811351871
5.648974238161206,1.0986122886681098,5.855215178416411
2.9444389791664403,1.791759469228055,7.056270107190766
3.1780538303479458,1.3862943611198906,7.062851226189096
5.666426688112432,0.6931471805599453,7.201409482704207
2.8903717578961645,1.3862943611198906,5.680172609017068
4.276666119016055,0.6931471805599453,5.383806752563451
4.174387269895637,0.6931471805599453,5.693496420787701
4.30406509320417,1.6094379124341003,8.388138619999735
5.75890177387728,1.0986122886681098,6.130182466419805
1.3862943611198906,1.6094379124341003,7.816078353206984
5.501258210544727,0.6931471805599453,4.718230978272105
2.302585092994046,2.0794415416798357,6.888286995786739
0.6931471805599453,1.6094379124341003,7.491400044716921
5.568344503761097,0.6931471805599453,5.530262073815315
4.852030263919617,0.6931471805599453,5.328361487896413
4.31748811353631,0.6931471805599453,5.031744257306491
4.30406509320417,1.6094379124341003,6.793600652679757
3.091042453358316,1.3862943611198906,7.2373539466601775
4.110873864173311,1.3862943611198906,7.663604921153483
4.465908118654584,0.6931471805599453,6.442794911088096
4.3694478524670215,0.6931471805599453,4.8182634014487995
4.0943445622221,1.9459101490553132,8.195706114352095
0.6931471805599453,1.3862943611198906,6.977962080025035
3.4339872044851463,0.6931471805599453,4.842611042003125
3.5263605246161616,1.791759469228055,8.285483051435902
3.7376696182833684,1.791759469228055,6.523826588404497
2.772588722239781,1.0986122886681098,6.445370552049637
3.5553480614894135,2.0794415416798357,7.7157300209728215
4.382026634673881,1.0986122886681098,5.732564276081653
5.327876168789581,1.0986122886681098,6.1837364347551045
3.5553480614894135,0.6931471805599453,5.353326249578836
5.214935757608986,1.3862943611198906,5.598755236788495
1.0986122886681098,3.258096538021482,8.677793882270105
0.6931471805599453,2.0794415416798357,8.144792384587438
3.784189633918261,2.0794415416798357,7.156059625954846
4.465908118654584,1.3862943611198906,6.449427224173901
3.713572066704308,1.0986122886681098,5.624234089229733
2.5649493574615367,1.3862943611198906,6.433084776805697
4.574710978503383,1.0986122886681098,6.520856740447811
3.295836866004329,2.0794415416798357,6.823503726534546
5.768320995793772,0.6931471805599453,4.530446639792155
4.204692619390966,2.5649493574615367,8.227126945747532
4.31748811353631,1.6094379124341003,8.318712983971391
3.367295829986474,1.0986122886681098,6.371714406075083
1.9459101490553132,1.6094379124341003,6.389434973453886
2.0794415416798357,0.6931471805599453,5.149933360781779
5.37989735354046,0.6931471805599453,4.961865129726826
4.418840607796598,1.3862943611198906,7.495725260414088
4.442651256490317,1.0986122886681098,6.657407526177046
4.976733742420574,1.3862943611198906,7.453370659852556
2.995732273553991,1.0986122886681098,5.485709380155097
3.7376696182833684,1.0986122886681098,6.75441760191189
5.159055299214529,0.6931471805599453,5.2367078849163455
2.8903717578961645,1.0986122886681098,5.8278273455181555
5.497168225293202,0.6931471805599453,5.482678508639762
2.6390573296152584,2.5649493574615367,7.644890636412799
5.332718793265369,0.6931471805599453,7.233635907747459
3.9318256327243257,1.0986122886681098,5.674182004879911
3.1780538303479458,1.791759469228055,6.597241195280628
2.3978952727983707,2.9444389791664403,8.812596379192264
3.258096538021482,1.6094379124341003,7.431655062235399
2.772588722239781,1.0986122886681098,6.148553762350757
5.736572297479192,0.6931471805599453,4.77912349311153
5.056245805348308,0.6931471805599453,6.661893102980819
5.730099782973574,0.6931471805599453,4.96563792816552
4.174387269895637,0.6931471805599453,6.570042272924791
2.833213344056216,2.302585092994046,7.815993677665464
2.772588722239781,1.0986122886681098,5.941880317752221
2.4849066497880004,1.9459101490553132,7.592325784791223
4.189654742026425,1.3862943611198906,7.019412926024925
3.6109179126442243,1.6094379124341003,5.5172922409900265
4.6913478822291435,1.791759469228055,7.607321811344266
3.9889840465642745,0.6931471805599453,5.986376625559036
1.9459101490553132,1.0986122886681098,6.499952440510379
3.871201010907891,0.6931471805599453,5.081652781331536
0.6931471805599453,3.091042453358316,8.546930618480117
5.746203190540153,0.6931471805599453,5.395988393721483
3.828641396489095,1.0986122886681098,6.54293294933599
4.189654742026425,0.6931471805599453,6.063529362008149
3.295836866004329,0.6931471805599453,5.108003959824529
3.4011973816621555,1.3862943611198906,5.6267214285197396
3.713572066704308,0.6931471805599453,6.516947229467592
2.5649493574615367,2.0794415416798357,6.987794909727863
4.499809670330265,1.3862943611198906,7.052201883347165
3.2188758248682006,1.6094379124341003,7.369260397972974
5.768320995793772,0.6931471805599453,6.037130789291114
3.713572066704308,1.3862943611198906,6.301116015363744
5.1647859739235145,0.6931471805599453,5.183691840706733
4.770684624465665,0.6931471805599453,5.3699401102210045
3.4657359027997265,1.791759469228055,6.591317015443623
5.537334267018537,0.6931471805599453,5.5538506606638975
4.0943445622221,1.791759469228055,7.402128297855622
3.1780538303479458,2.4849066497880004,8.961027368080067
1.791759469228055,2.0794415416798357,7.617159593311352
4.61512051684126,2.4849066497880004,8.029895274358873
3.258096538021482,1.791759469228055,7.659138348252998
3.5263605246161616,1.791759469228055,7.344951585251755
4.23410650459726,0.6931471805599453,6.977309326313799
3.6375861597263857,1.791759469228055,6.856588292406893
3.970291913552122,1.3862943611198906,6.6912148788015
2.833213344056216,0.6931471805599453,4.817374117263916
4.31748811353631,0.6931471805599453,6.941518821134943
5.37989735354046,0.6931471805599453,5.7470973593421455
3.4657359027997265,1.3862943611198906,6.254674607635275
2.833213344056216,1.6094379124341003,7.87293521773988
4.795790545596741,0.6931471805599453,5.533784667551078
2.3978952727983707,1.6094379124341003,7.4079970912884825
5.552959584921617,1.0986122886681098,5.851052393391237
2.8903717578961645,1.9459101490553132,7.516074152465826
3.58351893845611,1.0986122886681098,4.55597994179732
3.8501476017100584,1.3862943611198906,6.999495457544853
3.784189633918261,1.9459101490553132,7.90408748775984
4.74493212836325,1.0986122886681098,6.83944431779864
5.111987788356544,1.0986122886681098,5.941880317752221
2.4849066497880004,1.0986122886681098,5.948400457636955
2.3978952727983707,1.791759469228055,7.878598588006555
5.332718793265369,1.0986122886681098,7.355001921105257
4.465908118654584,1.3862943611198906,6.782486797146853
5.19295685089021,0.6931471805599453,5.249494701850468
4.110873864173311,1.3862943611198906,4.450269224770129
5.0106352940962555,0.6931471805599453,5.703949127435522
1.3862943611198906,3.091042453358316,8.750022484127467
3.9512437185814275,1.0986122886681098,5.391579997007726
4.330733340286331,0.6931471805599453,5.859931157146132
5.71042701737487,1.0986122886681098,5.233192006587575
2.995732273553991,1.0986122886681098,5.962138717726154
5.0238805208462765,1.0986122886681098,6.189946485351331
5.030437921392435,0.6931471805599453,5.453610250954072
0.6931471805599453,1.6094379124341003,8.221511204811428
2.9444389791664403,1.6094379124341003,6.720015067761323
5.236441962829949,0.6931471805599453,4.102643365036796
5.659482215759621,0.6931471805599453,4.191622501686571
1.3862943611198906,2.0794415416798357,8.045729296501372
5.214935757608986,0.6931471805599453,4.290459441148391
4.1588830833596715,0.6931471805599453,6.814542897259958
4.0943445622221,0.6931471805599453,5.1547356380700124
3.258096538021482,1.3862943611198906,7.30607491892943
1.6094379124341003,3.9318256327243257,11.082767276771584
3.4657359027997265,2.772588722239781,7.826095908379989
3.6888794541139363,0.6931471805599453,5.025852259901116
5.049856007249537,0.6931471805599453,5.735216540145732
3.295836866004329,2.3978952727983707,7.718521037231551
5.765191102784844,0.6931471805599453,4.61015772749913
1.791759469228055,2.302585092994046,7.744595794291895
2.1972245773362196,1.3862943611198906,6.569285047698251
5.717027701406222,0.6931471805599453,5.8045022386644325
5.5909869805108565,1.0986122886681098,6.693831593776871
5.605802066295998,0.6931471805599453,5.657144991804844
1.6094379124341003,2.6390573296152584,8.74967698652825
3.4965075614664802,0.6931471805599453,5.201145454795763
5.393627546352362,1.0986122886681098,5.5336266147611175
5.5134287461649825,0.6931471805599453,5.437383414671034
5.641907070938114,1.791759469228055,6.983224467118015
5.598421958998375,0.6931471805599453,4.936486295459933
3.4965075614664802,1.9459101490553132,7.276563318324119
5.5093883366279774,1.0986122886681098,5.728637675654378
2.772588722239781,1.791759469228055,6.949549600639115
4.770684624465665,1.6094379124341003,6.685736095329637
3.6109179126442243,0.6931471805599453,6.263664893709055
4.890349128221754,1.3862943611198906,7.773346224518516
5.384495062789089,0.6931471805599453,5.302558360805291
3.9318256327243257,2.1972245773362196,7.5916396922628975
3.6888794541139363,1.0986122886681098,6.985327244577022
3.4011973816621555,1.0986122886681098,5.81257708704831
3.6375861597263857,1.9459101490553132,6.924750046357999
4.919980925828125,1.0986122886681098,6.624861723262153
5.393627546352362,1.0986122886681098,6.416062123365316
3.367295829986474,0.6931471805599453,6.200225158054739
3.258096538021482,1.6094379124341003,7.967120720822151
1.791759469228055,1.0986122886681098,6.594139824503851
5.303304908059076,0.6931471805599453,5.830708768228588
2.9444389791664403,0.6931471805599453,5.384036241950574
5.488937726156687,0.6931471805599453,5.862920695994498
4.290459441148391,1.3862943611198906,6.50642660402637
2.8903717578961645,2.5649493574615367,8.04201459509639
1.3862943611198906,2.0794415416798357,7.2023633115046515
4.564348191467836,1.0986122886681098,6.9861227380561495
5.093750200806762,0.6931471805599453,5.707243146285182
5.926926025970411,0.6931471805599453,4.389498649512583
4.574710978503383,1.791759469228055,6.855672199111912
4.007333185232471,1.791759469228055,7.407475465015805
5.666426688112432,0.6931471805599453,5.694573535570891
4.8283137373023015,1.9459101490553132,7.07019720551526
5.666426688112432,0.6931471805599453,6.609699586102796
5.030437921392435,1.0986122886681098,5.647564794657972
1.6094379124341003,2.302585092994046,7.653997629576229
1.0986122886681098,2.70805020110221,8.55458916381921
2.5649493574615367,2.0794415416798357,8.068261971187837
3.5263605246161616,1.0986122886681098,6.492860854269306
4.007333185232471,1.0986122886681098,5.662231047497966
3.9318256327243257,1.0986122886681098,6.976954795783142
5.393627546352362,0.6931471805599453,5.729190278590734
4.1588830833596715,0.6931471805599453,7.447727969752915
4.276666119016055,1.3862943611198906,7.3267418914616185
1.0986122886681098,3.6375861597263857,9.753905752795765
1.0986122886681098,2.3978952727983707,7.936485014799888
4.174387269895637,1.6094379124341003,7.876809224383177
3.5553480614894135,1.3862943611198906,7.024319794766853
4.418840607796598,0.6931471805599453,5.846438775057725
0.6931471805599453,3.5263605246161616,10.165011464005927
4.6443908991413725,0.6931471805599453,5.191288793789513
2.0794415416798357,1.0986122886681098,5.888905658780245
5.529429087511423,0.6931471805599453,4.858571324462998
2.6390573296152584,1.9459101490553132,6.8132907415215165
2.3978952727983707,2.4849066497880004,7.809456093748633
5.908082938168931,0.6931471805599453,5.444147814759576
4.343805421853684,1.0986122886681098,5.736701321413311
1.6094379124341003,0.6931471805599453,5.857361562584502
4.859812404361672,1.0986122886681098,7.324489979348532
4.204692619390966,1.0986122886681098,5.280916851867869
0.6931471805599453,4.060443010546419,10.522849593441716
4.770684624465665,1.0986122886681098,6.5364886784538845
5.739792912179234,0.6931471805599453,6.32672176017265
4.219507705176107,0.6931471805599453,5.786283696167945
4.941642422609304,1.3862943611198906,8.433902882657025
5.545177444479562,0.6931471805599453,5.627872880555851
3.4657359027997265,2.0794415416798357,7.85917760571858
3.970291913552122,1.0986122886681098,6.830442175879467
4.174387269895637,0.6931471805599453,5.550553592065519
5.908082938168931,0.6931471805599453,4.732683506287051
1.9459101490553132,1.791759469228055,7.466605059322925
5.723585101952381,0.6931471805599453,5.0501764687167885
3.4011973816621555,1.3862943611198906,7.313227053734746
5.220355825078324,1.3862943611198906,6.703801422061068
3.7612001156935624,1.3862943611198906,6.29156913955832
3.713572066704308,1.6094379124341003,7.221002753764198
4.532599493153256,1.0986122886681098,7.365256072504094
3.1354942159291497,1.6094379124341003,8.301114624224146
3.2188758248682006,1.0986122886681098,6.3503096345809205
3.4011973816621555,1.0986122886681098,5.950590467898009
5.713732805509369,1.3862943611198906,7.039967051290641
4.983606621708336,1.0986122886681098,5.957494027536828
1.9459101490553132,1.0986122886681098,6.450470422144176
2.995732273553991,1.0986122886681098,6.865536476045727
3.5263605246161616,1.791759469228055,7.438348235303808
5.176149732573829,0.6931471805599453,5.249652194566756
4.07753744390572,1.3862943611198906,6.018106478054404
3.1354942159291497,0.6931471805599453,5.349438146055751
2.833213344056216,1.9459101490553132,7.695962608091198
2.995732273553991,0.6931471805599453,3.9740583963475986
5.075173815233827,0.6931471805599453,5.9528536479803265
3.258096538021482,1.6094379124341003,6.728114126692287
5.3612921657094255,1.0986122886681098,5.589455958348054
1.9459101490553132,1.6094379124341003,6.515926768396882
5.537334267018537,0.6931471805599453,4.454347296253507
4.0943445622221,2.302585092994046,8.127587652841866
2.4849066497880004,0.6931471805599453,5.893355453997663
4.189654742026425,0.6931471805599453,5.749329289612172
3.258096538021482,1.3862943611198906,6.763954190227071
4.532599493153256,1.3862943611198906,7.135687347028144
3.970291913552122,1.0986122886681098,7.338855644682132
4.867534450455582,0.6931471805599453,7.375556484672672
4.574710978503383,1.3862943611198906,7.883242790261331
4.060443010546419,0.6931471805599453,6.994978300240205
2.302585092994046,3.258096538021482,9.000917263426343
5.135798437050262,1.3862943611198906,5.964863865310803
4.060443010546419,0.6931471805599453,5.38068045697316
5.7899601708972535,0.6931471805599453,5.309059463079938
0.6931471805599453,1.791759469228055,7.1284157500025405
2.9444389791664403,2.1972245773362196,7.700910677173299
5.517452896464707,0.6931471805599453,5.726130878319963
4.07753744390572,1.6094379124341003,6.219715035790337
4.31748811353631,0.6931471805599453,4.988185165258664
3.4657359027997265,1.3862943611198906,6.913826809878765
2.0794415416798357,1.0986122886681098,8.068885298365506
4.820281565605037,1.6094379124341003,8.034193477715295
1.0986122886681098,2.1972245773362196,7.927302715053892
3.1780538303479458,2.6390573296152584,8.764717111455825
4.795790545596741,1.3862943611198906,5.967684018442578
5.883322388488279,0.6931471805599453,6.294250726074389
4.007333185232471,1.791759469228055,7.488735499171278
4.174387269895637,0.6931471805599453,4.8178592793984425
4.465908118654584,0.6931471805599453,4.772716457199891
4.02535169073515,0.6931471805599453,7.148793756734876
3.091042453358316,2.6390573296152584,8.077375740386112
1.6094379124341003,3.044522437723423,9.75036667561313
1.3862943611198906,1.791759469228055,7.083496902081326
2.4849066497880004,1.791759469228055,7.891884082485146
2.0794415416798357,1.791759469228055,6.670259221443527
5.247024072160486,1.0986122886681098,6.230087669270578
4.276666119016055,0.6931471805599453,5.499460677582579
5.3230099791384085,0.6931471805599453,5.859503349652977
4.795790545596741,1.0986122886681098,6.391364196743265
4.543294782270004,0.6931471805599453,6.03524216945387
0.6931471805599453,2.3978952727983707,7.541582299045909
3.332204510175204,1.6094379124341003,6.4520016347056774
5.700443573390687,0.6931471805599453,6.711862042158088
3.2188758248682006,1.3862943611198906,6.337922474636114
3.367295829986474,1.6094379124341003,7.860983349863101
3.9318256327243257,0.6931471805599453,5.743515876874802
5.7899601708972535,0.6931471805599453,5.055799846050629
2.833213344056216,1.0986122886681098,5.9649152118744455
5.214935757608986,1.3862943611198906,6.609281855452135
4.290459441148391,1.791759469228055,7.961439934295112
3.6375861597263857,1.0986122886681098,5.810062567373411
4.394449154672439,1.6094379124341003,7.770877274716226
4.060443010546419,2.302585092994046,7.856284714098846
2.5649493574615367,1.0986122886681098,6.441663986556317
3.9318256327243257,1.0986122886681098,5.609618304598452
3.9318256327243257,1.0986122886681098,7.101544167216986
4.0943445622221,1.0986122886681098,5.955345020301596
5.8664680569332965,0.6931471805599453,5.1547356380700124
4.007333185232471,0.6931471805599453,5.864000425598742
1.0986122886681098,1.9459101490553132,7.517439325540823
4.543294782270004,1.6094379124341003,6.520989248306457
3.1780538303479458,0.6931471805599453,5.415433513216716
4.330733340286331,0.6931471805599453,5.857904582646717
2.4849066497880004,1.6094379124341003,6.143262461351643
5.135798437050262,1.0986122886681098,6.737737716644347
4.07753744390572,1.0986122886681098,5.824051307047146
4.574710978503383,1.0986122886681098,7.121680471486267
5.69035945432406,0.6931471805599453,5.731397641689174
4.700480365792417,1.0986122886681098,6.413114635600407
5.579729825986222,0.6931471805599453,6.8277375709961055
5.198497031265826,0.6931471805599453,5.933782466766897
5.135798437050262,0.6931471805599453,5.074235875505851
3.58351893845611,0.6931471805599453,4.2857910267930555
3.1780538303479458,1.3862943611198906,6.344846575345921
2.8903717578961645,1.6094379124341003,6.73356854461668
3.1354942159291497,1.791759469228055,8.539729334154528
4.382026634673881,1.3862943611198906,6.332515570780452
4.189654742026425,0.6931471805599453,4.517431271680085
5.8916442118257715,0.6931471805599453,4.634728988229636
1.3862943611198906,1.9459101490553132,7.794954939211736
2.4849066497880004,1.6094379124341003,6.61480602592395
5.176149732573829,1.3862943611198906,6.5153791354156905
5.389071729816501,1.0986122886681098,8.087047303147697
2.0794415416798357,2.0794415416798357,8.16527264169811
1.0986122886681098,1.0986122886681098,6.088863453095115
5.043425116919247,1.0986122886681098,5.780620051380789
1.791759469228055,1.791759469228055,6.927822577132249
4.382026634673881,1.3862943611198906,6.388628630176759
3.091042453358316,1.0986122886681098,5.443369638247176
3.1354942159291497,1.0986122886681098,5.139028508864655
5.733341276897746,1.6094379124341003,6.500598741212994
4.990432586778736,0.6931471805599453,4.403054001865957
2.0794415416798357,2.9444389791664403,9.107772619588772
2.995732273553991,2.1972245773362196,7.922717806819661
4.276666119016055,1.0986122886681098,5.253581472706645
5.662960480135946,0.6931471805599453,5.582367852765768
3.912023005428146,0.6931471805599453,6.027290080077415
3.4657359027997265,1.9459101490553132,7.808826783715541
5.337538079701318,0.6931471805599453,5.8832666766299955
2.772588722239781,1.0986122886681098,5.287205861793318
4.30406509320417,0.6931471805599453,6.769492711981713
4.110873864173311,0.6931471805599453,5.304001183016334
3.6888794541139363,1.6094379124341003,7.535195255760907
3.4339872044851463,2.5649493574615367,7.864969120264265
3.332204510175204,1.791759469228055,6.8260136289229445
1.6094379124341003,2.772588722239781,8.862360374336811
2.8903717578961645,0.6931471805599453,5.7728731191409945
3.044522437723423,1.9459101490553132,8.330612979409075
4.204692619390966,1.0986122886681098,7.144470319606423
5.365976015021851,0.6931471805599453,5.7439642642890325
2.5649493574615367,1.9459101490553132,6.749790668692898
3.4339872044851463,0.6931471805599453,4.354141431184346
3.784189633918261,2.302585092994046,8.151148776464021
1.6094379124341003,1.9459101490553132,7.729796867953175
2.772588722239781,1.791759469228055,7.240427447338227
2.3978952727983707,2.5649493574615367,8.269452085493503
5.356586274672012,0.6931471805599453,6.456235761113554
3.8501476017100584,1.3862943611198906,7.622703089500935
4.90527477843843,1.0986122886681098,6.274253417348632
3.784189633918261,2.0794415416798357,8.430248721279204
2.3978952727983707,1.791759469228055,7.964058356660503
4.762173934797756,1.3862943611198906,6.870250692440862
5.293304824724492,1.0986122886681098,6.546225713269575
5.631211781821365,0.6931471805599453,5.7984864101254985
4.709530201312334,1.3862943611198906,6.161249514897758
4.356708826689592,0.6931471805599453,6.226892337255411
3.9889840465642745,0.6931471805599453,6.8225676924206855
5.093750200806762,1.6094379124341003,8.376138714077541
3.871201010907891,1.3862943611198906,7.260248491657529
2.8903717578961645,1.0986122886681098,6.467388118864708
5.049856007249537,1.3862943611198906,6.45031243178126
5.420534999272286,0.6931471805599453,6.089044875446846
2.0794415416798357,1.0986122886681098,6.371731498193053
4.812184355372417,1.0986122886681098,5.795145480670174
4.127134385045092,0.6931471805599453,4.661739537475985
4.1588830833596715,1.0986122886681098,6.149877558850261
2.9444389791664403,2.1972245773362196,7.766349099111192
2.0794415416798357,2.995732273553991,9.757759800051202
1.0986122886681098,2.4849066497880004,7.998533628991687
3.1354942159291497,1.3862943611198906,6.476803117799309
3.4011973816621555,1.791759469228055,7.264744173633186
5.655991810819852,0.6931471805599453,6.441982686264217
5.176149732573829,1.0986122886681098,4.998562712861987
4.3694478524670215,1.3862943611198906,7.353325324586606
3.5263605246161616,0.6931471805599453,5.0317442573064906
3.7376696182833684,2.5649493574615367,8.177886541638598
5.58724865840025,0.6931471805599453,4.958710221231336
3.332204510175204,1.6094379124341003,6.472995233816948
4.700480365792417,1.6094379124341003,7.415024586545351
5.652489180268651,0.6931471805599453,5.049791902630777
2.302585092994046,1.791759469228055,7.177484661947136
5.723585101952381,0.6931471805599453,6.018422883689063
2.8903717578961645,1.6094379124341003,8.626893874904868
3.4965075614664802,1.0986122886681098,6.616546996753798
0.6931471805599453,3.1780538303479458,9.655756055028828
3.044522437723423,0.6931471805599453,5.422126652274323
4.8283137373023015,1.0986122886681098,5.565477803279021
4.189654742026425,0.6931471805599453,4.53753353727228
4.672828834461906,0.6931471805599453,6.588431169193958
0.6931471805599453,3.1780538303479458,9.006228317380044
3.2188758248682006,2.8903717578961645,8.734344424600405
5.5909869805108565,0.6931471805599453,5.218191322068752
1.791759469228055,2.995732273553991,8.722811264760628
2.3978952727983707,2.5649493574615367,9.255872854706382
3.4011973816621555,1.791759469228055,7.1969412200564244
5.5909869805108565,0.6931471805599453,5.034026246886832
4.174387269895637,1.0986122886681098,5.928790952579924
5.771441123130016,0.6931471805599453,5.586686702779954
1.6094379124341003,2.1972245773362196,7.271404843608142
3.4965075614664802,0.6931471805599453,5.024143644121048
1.791759469228055,1.3862943611198906,6.849341960431477
4.867534450455582,0.6931471805599453,4.784737954585425
3.7376696182833684,1.791759469228055,6.2154477458196355
4.634728988229636,1.9459101490553132,6.956897762032364
4.836281906951478,0.6931471805599453,5.929855065476291
3.5263605246161616,0.6931471805599453,3.8416005411316
5.713732805509369,1.0986122886681098,6.827217448755657
5.902633333401366,0.6931471805599453,5.2108513407667605
1.6094379124341003,2.302585092994046,6.911647693697481
1.0986122886681098,2.9444389791664403,8.394412940452025
1.3862943611198906,0.6931471805599453,5.259940297427033
2.3978952727983707,2.6390573296152584,10.829586228889369
4.060443010546419,0.6931471805599453,5.073610093257644
5.786897381366708,0.6931471805599453,4.34795265434013
2.1972245773362196,2.70805020110221,8.313339881248881
2.5649493574615367,0.6931471805599453,6.075024140206913
1.6094379124341003,2.8903717578961645,11.084689916963537
3.6375861597263857,0.6931471805599453,4.999574346736831
2.833213344056216,2.4849066497880004,8.040823743271407
4.9344739331306915,0.6931471805599453,5.262431087983628
4.31748811353631,1.9459101490553132,8.695806213421232
1.791759469228055,1.791759469228055,7.009300525748804
5.049856007249537,1.0986122886681098,5.380864627515602
5.480638923341991,0.6931471805599453,7.144588695022355
3.970291913552122,2.0794415416798357,7.902572492717126
3.4657359027997265,1.0986122886681098,6.395111336409363
4.30406509320417,0.6931471805599453,4.978112102390695
1.6094379124341003,2.5649493574615367,8.645436878735076
2.70805020110221,1.6094379124341003,6.54225579881702
3.1780538303479458,2.0794415416798357,7.978019532134758
1.6094379124341003,1.6094379124341003,7.518292292095946
5.616771097666572,1.0986122886681098,5.959793265151517
3.044522437723423,1.791759469228055,7.2325452572578
4.976733742420574,0.6931471805599453,4.51085950651685
1.6094379124341003,1.6094379124341003,7.930619790211972
4.442651256490317,0.6931471805599453,6.041634711020558
2.4849066497880004,1.3862943611198906,7.908986244508535
2.1972245773362196,1.3862943611198906,6.56121452452395
4.820281565605037,1.3862943611198906,6.566264470368445
4.127134385045092,1.0986122886681098,6.459121675472594
1.0986122886681098,1.791759469228055,7.025413862450224
5.768320995793772,0.6931471805599453,6.177757374624178
1.0986122886681098,2.4849066497880004,8.185079841032296
4.875197323201151,1.3862943611198906,6.4079355343926805
1.0986122886681098,2.772588722239781,8.453467140135627
1.0986122886681098,1.0986122886681098,6.874074392613249
3.8501476017100584,0.6931471805599453,6.032654473932845
1.6094379124341003,1.0986122886681098,6.841668893854277
1.3862943611198906,1.6094379124341003,6.820158276001622
5.924255797414532,0.6931471805599453,5.745595977469612
4.90527477843843,0.6931471805599453,4.760463070394127
3.871201010907891,1.6094379124341003,8.227696139552007
2.302585092994046,1.791759469228055,8.340933226000878
4.3694478524670215,1.0986122886681098,6.182911011678937
5.459585514144159,0.6931471805599453,5.063860055333554
5.402677381872279,0.6931471805599453,6.103944658191983
3.6109179126442243,1.0986122886681098,6.49169423166057
4.330733340286331,1.0986122886681098,6.433406222026163
5.480638923341991,1.0986122886681098,7.205353028221294
5.58724865840025,0.6931471805599453,4.785406236291025
2.3978952727983707,4.02535169073515,11.671731690905643
3.044522437723423,1.0986122886681098,6.054181096963448
3.713572066704308,0.6931471805599453,6.231779816930511
3.044522437723423,2.4849066497880004,8.44060368125393
5.37989735354046,1.3862943611198906,7.0018101257309775
5.1647859739235145,1.0986122886681098,5.67112153241664
4.477336814478207,1.6094379124341003,7.802581283035999
4.276666119016055,1.0986122886681098,7.398033237980444
5.6240175061873385,0.6931471805599453,4.79942031364732
3.6888794541139363,1.6094379124341003,6.334327036786916
4.59511985013459,0.6931471805599453,5.899321845543751
2.4849066497880004,1.6094379124341003,6.1133281348648225
3.5263605246161616,0.6931471805599453,4.908676393786758
4.110873864173311,1.3862943611198906,8.078160958464125
5.697093486505405,1.6094379124341003,6.359400843323733
4.465908118654584,1.6094379124341003,6.310754292305705
2.302585092994046,2.0794415416798357,7.378546098312443
3.7376696182833684,1.0986122886681098,6.554745040371868
2.4849066497880004,3.258096538021482,8.465798839290947
4.219507705176107,0.6931471805599453,6.1178548779353035
5.805134968916488,0.6931471805599453,5.291544482260608
3.4657359027997265,1.9459101490553132,7.628206294069428
1.0986122886681098,2.772588722239781,8.44571437538519
1.0986122886681098,2.6390573296152584,8.452283401366893
4.23410650459726,1.0986122886681098,6.750387764017586
1.791759469228055,3.091042453358316,9.337018836838048
5.313205979041787,1.0986122886681098,6.920671504248683
4.68213122712422,0.6931471805599453,5.818657582682612
2.9444389791664403,1.6094379124341003,6.554503042320907
5.389071729816501,0.6931471805599453,5.2278949022514904
4.110873864173311,2.0794415416798357,6.617991040326031
1.0986122886681098,0.6931471805599453,5.021311434093491
2.8903717578961645,1.0986122886681098,6.147827064731841
5.480638923341991,0.6931471805599453,5.796543954737512
4.564348191467836,0.6931471805599453,5.0287371294602385
2.4849066497880004,1.9459101490553132,7.637441696132993
4.672828834461906,1.9459101490553132,7.553202700664662
3.9889840465642745,2.302585092994046,7.715168205670426
4.51085950651685,0.6931471805599453,6.976796149317125
3.4657359027997265,1.791759469228055,6.913120858480547
2.5649493574615367,1.9459101490553132,7.490373052597007
1.3862943611198906,1.6094379124341003,7.517683880791149
1.0986122886681098,2.8903717578961645,7.603887998382448
3.784189633918261,0.6931471805599453,5.1386179877903615
1.6094379124341003,0.6931471805599453,4.510199948396864
5.5134287461649825,1.0986122886681098,6.45110213410454
3.7612001156935624,2.302585092994046,8.141422798643111
5.181783550292085,0.6931471805599453,6.528206424753791
4.532599493153256,1.3862943611198906,6.89985414708588
4.709530201312334,1.6094379124341003,6.918428121038441
3.4011973816621555,1.791759469228055,7.703364278033695
3.295836866004329,2.3978952727983707,8.117300528356548
3.970291913552122,1.3862943611198906,7.344848244770613
5.220355825078324,1.3862943611198906,6.831640679513165
3.784189633918261,1.791759469228055,7.625141310661702
3.912023005428146,1.6094379124341003,7.288736419398735
3.1354942159291497,1.6094379124341003,6.626876677016689
4.330733340286331,1.791759469228055,8.053842581674434
4.406719247264253,1.0986122886681098,6.198194123153937
5.924255797414532,0.6931471805599453,5.087596335232384
5.7899601708972535,0.6931471805599453,4.996198246298486
3.784189633918261,2.4849066497880004,7.775632775640216
3.4339872044851463,1.0986122886681098,6.792725948397371
5.220355825078324,0.6931471805599453,5.369241704884735
5.4638318050256105,1.0986122886681098,5.640310051700627
2.302585092994046,2.3978952727983707,7.859324347661553
5.3981627015177525,1.0986122886681098,7.435113483382488
4.718498871295094,1.3862943611198906,7.296453945912696
5.631211781821365,0.6931471805599453,4.925585628056507
5.765191102784844,0.6931471805599453,5.715645167198713
2.0794415416798357,1.3862943611198906,7.552263533935522
1.0986122886681098,1.791759469228055,7.965788599152331
5.564520407322694,1.0986122886681098,6.8773579252545485
4.174387269895637,1.791759469228055,8.039389621570026
2.302585092994046,2.302585092994046,9.447069618390275
4.962844630259907,0.6931471805599453,4.795790545596741
3.9512437185814275,1.0986122886681098,7.060004151519799
2.1972245773362196,2.1972245773362196,7.870635660430322
5.049856007249537,1.0986122886681098,5.814040975576219
4.700480365792417,1.0986122886681098,6.275100946851013
5.099866427824199,1.3862943611198906,7.3246481738226015
5.808142489980444,0.6931471805599453,6.201826764057459
5.424950017481403,0.6931471805599453,4.730215674962316
4.31748811353631,1.0986122886681098,6.0844082927507195
3.9512437185814275,1.6094379124341003,6.329667428156979
4.605170185988092,1.3862943611198906,7.021744460399267
2.772588722239781,1.3862943611198906,8.340217320947035
5.288267030694535,0.6931471805599453,4.905571030847647
1.3862943611198906,2.772588722239781,8.216747340743936
3.4657359027997265,1.0986122886681098,6.390660042202551
3.091042453358316,1.6094379124341003,7.555387177088957
3.2188758248682006,1.3862943611198906,8.440258149942116
2.1972245773362196,1.3862943611198906,5.179702735211794
5.365976015021851,0.6931471805599453,6.05818817915089
2.302585092994046,1.9459101490553132,6.815925037163848
2.4849066497880004,1.791759469228055,7.747445704647496
1.0986122886681098,2.4849066497880004,8.264685193972111
2.1972245773362196,2.302585092994046,8.491450677872692
1.3862943611198906,1.6094379124341003,6.954218929392177
3.713572066704308,0.6931471805599453,5.119190700650601
2.9444389791664403,1.6094379124341003,7.174976957856922
2.1972245773362196,3.8066624897703196,10.849886450287096
2.1972245773362196,2.302585092994046,8.285669625656425
2.995732273553991,0.6931471805599453,3.7887247890836524
4.770684624465665,0.6931471805599453,6.463247841809304
5.4116460518550396,0.6931471805599453,5.9518137414781895
4.276666119016055,1.3862943611198906,7.528310261099659
3.9512437185814275,1.0986122886681098,7.646984197329087
4.499809670330265,1.9459101490553132,8.005273636192019
2.1972245773362196,2.302585092994046,7.763671607732549
5.497168225293202,0.6931471805599453,5.740628575776864
3.871201010907891,1.9459101490553132,7.385596861065875
4.68213122712422,0.6931471805599453,4.795790545596741
3.828641396489095,1.9459101490553132,7.816872341508149
4.189654742026425,0.6931471805599453,6.233586857019973
5.337538079701318,1.0986122886681098,6.17126208791851
2.4849066497880004,1.791759469228055,7.334166151605764
4.7535901911063645,1.0986122886681098,6.406978991069148
5.493061443340548,0.6931471805599453,5.219544685382641
5.099866427824199,0.6931471805599453,5.745084354013307
2.8903717578961645,2.0794415416798357,8.512429864767167
4.8283137373023015,1.0986122886681098,6.139151525006747
3.1780538303479458,1.3862943611198906,6.734841331537249
4.23410650459726,0.6931471805599453,6.031165913959534
2.8903717578961645,2.1972245773362196,7.845106670027843
2.833213344056216,1.0986122886681098,6.1221857448309915
2.8903717578961645,1.6094379124341003,7.387653544460817
5.087596335232384,1.0986122886681098,6.3787996283436765
5.497168225293202,0.6931471805599453,5.73824831153748
5.393627546352362,0.6931471805599453,4.9104465668408235
3.828641396489095,2.1972245773362196,7.6815511374247345
3.091042453358316,1.6094379124341003,6.506620780234419
4.852030263919617,2.1972245773362196,6.7922658609726465
3.6888794541139363,0.6931471805599453,4.700298531079668
4.804021044733257,1.0986122886681098,6.9300841244652
5.564520407322694,0.6931471805599453,6.017546438106483
2.3978952727983707,0.6931471805599453,4.901564199041894
5.616771097666572,0.6931471805599453,5.6487277289070565
5.111987788356544,0.6931471805599453,3.9512437185814275
5.062595033026967,1.6094379124341003,6.984679282395341
5.375278407684165,0.6931471805599453,4.517431271680085
1.9459101490553132,1.0986122886681098,5.103639787544498
5.905361848054571,0.6931471805599453,5.1670690799380825
4.394449154672439,1.0986122886681098,6.5542609856927125
3.784189633918261,0.6931471805599453,5.42106583180709
2.995732273553991,1.3862943611198906,6.816933013408364
3.4965075614664802,1.6094379124341003,7.658713715789601
3.1354942159291497,0.6931471805599453,5.0271645960474665
4.700480365792417,2.1972245773362196,8.221035300483413
2.1972245773362196,2.833213344056216,9.13008647533716
5.771441123130016,0.6931471805599453,5.049856007249537
5.69035945432406,0.6931471805599453,4.620058798481842
5.883322388488279,0.6931471805599453,4.350922889622548
5.225746673713202,0.6931471805599453,5.466201875544222
5.2574953720277815,1.0986122886681098,6.426569360333832
3.8066624897703196,1.0986122886681098,5.855358414110991
3.970291913552122,0.6931471805599453,5.316550134809097
3.295836866004329,0.6931471805599453,6.424042101872682
3.6635616461296463,1.3862943611198906,7.129850280760371
2.302585092994046,1.3862943611198906,5.3137477042033945
5.697093486505405,0.6931471805599453,4.96563792816552
3.5263605246161616,1.3862943611198906,7.455067111318538
2.3978952727983707,2.1972245773362196,8.07522176285542
4.189654742026425,1.0986122886681098,6.9512552844279885
2.3978952727983707,2.302585092994046,8.443238745938231
5.389071729816501,0.6931471805599453,4.233381604239311
1.0986122886681098,2.302585092994046,8.15504903283773
4.189654742026425,1.0986122886681098,6.192342039368019
1.3862943611198906,2.995732273553991,7.868621591848266
5.0106352940962555,0.6931471805599453,6.355586691681764
1.6094379124341003,2.6390573296152584,8.307084318372484
4.875197323201151,1.6094379124341003,7.297639635123279
3.5553480614894135,1.9459101490553132,7.2795395007214125
4.787491742782046,0.6931471805599453,5.061011501421323
4.68213122712422,1.9459101490553132,7.677275364797242
2.4849066497880004,2.0794415416798357,7.8632782624045445
4.276666119016055,1.9459101490553132,7.630679684529584
4.532599493153256,2.302585092994046,7.004219338265954
5.7430031878094825,0.6931471805599453,6.96979066990159
3.784189633918261,1.0986122886681098,6.647727283312172
5.8944028342648505,0.6931471805599453,4.804430796838969
4.532599493153256,2.0794415416798357,7.311872812853191
0.6931471805599453,2.6390573296152584,8.675319386969873
3.1354942159291497,1.0986122886681098,6.1968920926164115
1.6094379124341003,1.3862943611198906,7.569540783099068
2.4849066497880004,1.9459101490553132,6.959199062045698
4.605170185988092,0.6931471805599453,5.962344648534129
4.060443010546419,1.0986122886681098,6.702095492007746
0.6931471805599453,1.9459101490553132,8.358113048391361
5.389071729816501,0.6931471805599453,5.5842479059610115
2.9444389791664403,0.6931471805599453,5.777899970574095
3.2188758248682006,2.3978952727983707,8.407974130025062
3.9318256327243257,1.0986122886681098,5.898087497602683
2.0794415416798357,1.791759469228055,7.110745101371203
5.717027701406222,0.6931471805599453,6.1556221332742656
2.3978952727983707,1.9459101490553132,7.7184632482812265
3.1354942159291497,1.9459101490553132,7.225335901779781
4.605170185988092,0.6931471805599453,4.500476114873425
5.905361848054571,0.6931471805599453,4.1588830833596715
5.726847747587197,0.6931471805599453,4.8895969657192
5.771441123130016,0.6931471805599453,7.8869231526671975
2.1972245773362196,1.791759469228055,7.765857419506838
0.6931471805599453,1.6094379124341003,7.446520919735376
5.327876168789581,1.0986122886681098,7.372004885545176
4.007333185232471,1.6094379124341003,7.259256864146872
0.6931471805599453,1.6094379124341003,6.9190413509991044
2.995732273553991,1.791759469228055,7.059815203273879
2.302585092994046,1.0986122886681098,5.930519561480541
2.995732273553991,1.6094379124341003,6.787619477742156
5.204006687076795,1.3862943611198906,6.182601302287106
4.110873864173311,1.0986122886681098,6.469095266016332
2.4849066497880004,1.0986122886681098,5.560873920219081
5.25227342804663,0.6931471805599453,4.795211865797184
1.791759469228055,2.302585092994046,8.012442411697599
5.7430031878094825,0.6931471805599453,4.741796783519916
5.049856007249537,0.6931471805599453,7.516933721754878
4.709530201312334,1.3862943611198906,6.076127334986691
5.003946305945459,1.3862943611198906,7.651624090561262
4.204692619390966,2.4849066497880004,7.591644738779161
4.59511985013459,1.3862943611198906,6.2740461341708045
5.5134287461649825,1.3862943611198906,6.946437385574481
3.4011973816621555,2.0794415416798357,7.72903178725261
2.9444389791664403,1.6094379124341003,6.392352529473033
2.5649493574615367,1.0986122886681098,6.135976061950666
4.653960350157523,2.1972245773362196,7.524922736755564
4.31748811353631,1.0986122886681098,5.461031277035783
3.8501476017100584,0.6931471805599453,6.3074789418267985
4.290459441148391,1.3862943611198906,6.831791740175098
5.552959584921617,0.6931471805599453,5.267858159063328
3.044522437723423,1.6094379124341003,7.178240326605397
5.541263545158426,1.0986122886681098,5.759690106594497
2.4849066497880004,0.6931471805599453,5.634968158655841
5.111987788356544,1.0986122886681098,6.457569963184063
2.9444389791664403,1.9459101490553132,7.6127371524831755
5.645446897643238,0.6931471805599453,4.9279780604152466
3.9318256327243257,0.6931471805599453,5.777404614526815
3.6888794541139363,0.6931471805599453,5.098646171418969
3.332204510175204,1.9459101490553132,7.06174594600803
4.23410650459726,0.6931471805599453,6.97099295438666
5.337538079701318,0.6931471805599453,6.14070318257422
5.170483995038151,1.0986122886681098,5.834606037750557
2.0794415416798357,1.791759469228055,7.7766356942591806
3.295836866004329,0.6931471805599453,4.945634443878841
3.9512437185814275,1.0986122886681098,4.826712455935327
5.746203190540153,1.0986122886681098,6.2912172257920815
5.736572297479192,0.6931471805599453,6.166194863206115
3.784189633918261,1.791759469228055,7.579842241810434
3.295836866004329,1.3862943611198906,6.696342650543626
4.48863636973214,1.3862943611198906,5.880113904184607
5.220355825078324,1.0986122886681098,5.530262073815315
3.044522437723423,2.4849066497880004,7.795988041800972
1.3862943611198906,1.9459101490553132,8.173084672465158
3.871201010907891,1.6094379124341003,6.513615793203887
2.8903717578961645,2.1972245773362196,8.675978258718553
2.8903717578961645,1.791759469228055,7.5815412348134545
3.2188758248682006,1.9459101490553132,7.221748166223715
3.1354942159291497,1.0986122886681098,5.594897235935429
2.4849066497880004,1.791759469228055,7.182207724562218
5.241747015059643,1.0986122886681098,5.621414844220772
4.624972813284271,1.3862943611198906,6.1237858328484185
4.127134385045092,1.3862943611198906,6.898916330314933
2.9444389791664403,1.9459101490553132,7.63910823474312
3.5263605246161616,1.0986122886681098,5.8034769686874
4.174387269895637,0.6931471805599453,5.166898027681201
1.0986122886681098,1.0986122886681098,5.604330395684541
3.2188758248682006,1.6094379124341003,6.882991163835519
4.6913478822291435,0.6931471805599453,5.489309557845162
3.4965075614664802,2.302585092994046,7.520142411307983
3.044522437723423,2.302585092994046,8.346855539924958
1.3862943611198906,4.02535169073515,9.048777455940112
3.6375861597263857,0.6931471805599453,5.900499911733888
4.110873864173311,1.3862943611198906,6.362355463575814
3.295836866004329,1.9459101490553132,7.959663725596504
5.4680601411351315,1.6094379124341003,6.839315825759616
3.258096538021482,2.0794415416798357,7.575953814178117
1.3862943611198906,2.9444389791664403,8.38897338161233
4.110873864173311,1.3862943611198906,7.957121299481198
5.564520407322694,0.6931471805599453,5.147203736878275
4.07753744390572,0.6931471805599453,5.876502528638301
4.189654742026425,1.0986122886681098,5.964221810714108
2.833213344056216,1.0986122886681098,6.288750355702458
2.3978952727983707,1.3862943611198906,6.860307213794826
4.0943445622221,2.1972245773362196,7.282314344394418
5.231108616854587,0.6931471805599453,4.646791860678911
3.4011973816621555,2.833213344056216,8.188891881665345
3.2188758248682006,1.0986122886681098,7.603548954482988
1.791759469228055,1.791759469228055,7.853577628262313
1.6094379124341003,2.1972245773362196,8.287968688536026
5.0238805208462765,1.0986122886681098,6.48280149429011
5.7430031878094825,0.6931471805599453,5.670708166926771
2.4849066497880004,1.0986122886681098,6.631171393196389
2.9444389791664403,1.0986122886681098,5.232337807614061
5.030437921392435,0.6931471805599453,5.10727791913436
2.995732273553991,1.791759469228055,6.757246293462842
2.3978952727983707,1.6094379124341003,7.7321456111388525
4.060443010546419,1.0986122886681098,5.747926943640385
4.454347296253507,0.6931471805599453,6.671247827209794
2.0794415416798357,3.1354942159291497,7.71368188689169
4.343805421853684,1.3862943611198906,6.986344623342368
1.6094379124341003,2.9444389791664403,8.518745985207708
4.574710978503383,1.6094379124341003,8.039196099401456
4.718498871295094,0.6931471805599453,7.267525427828172
4.060443010546419,1.0986122886681098,7.3339115084475965
0.6931471805599453,0.6931471805599453,5.431054693986231
5.641907070938114,1.0986122886681098,5.3893456648956
1.3862943611198906,2.0794415416798357,7.93935131279746
5.198497031265826,2.302585092994046,7.402951395859895
5.921578419643816,0.6931471805599453,3.594568774642695
2.6390573296152584,1.6094379124341003,6.757757630038034
1.3862943611198906,0.6931471805599453,5.133619594507631
2.8903717578961645,0.6931471805599453,4.938781190328272
3.7376696182833684,0.6931471805599453,4.74588819292697
1.9459101490553132,1.791759469228055,6.895642211098335
5.135798437050262,1.6094379124341003,6.941248080464172
3.9318256327243257,0.6931471805599453,5.062911438661627
5.627621113690637,0.6931471805599453,5.473782135878778
2.995732273553991,2.302585092994046,7.365996248598568
5.921578419643816,0.6931471805599453,3.7074558396868715
2.772588722239781,1.6094379124341003,7.18630326236477
3.58351893845611,1.3862943611198906,6.326042132868397
3.1354942159291497,1.3862943611198906,6.426731146452936
2.0794415416798357,1.0986122886681098,5.898060050335743
3.044522437723423,1.9459101490553132,7.462559509920338
2.4849066497880004,1.0986122886681098,6.76531575508289
3.8066624897703196,0.6931471805599453,5.40703723326228
5.726847747587197,0.6931471805599453,5.977188122189173
2.4849066497880004,0.6931471805599453,5.370451964307236
5.62040086571715,0.6931471805599453,6.493753839851686
0.6931471805599453,4.543294782270004,9.399070516501299
2.833213344056216,2.70805020110221,9.69341445941133
1.6094379124341003,1.6094379124341003,7.48781774447192
4.290459441148391,1.6094379124341003,6.401187245468788
5.497168225293202,1.3862943611198906,6.009009726323731
2.302585092994046,1.3862943611198906,6.317958595345153
5.5093883366279774,0.6931471805599453,5.979999068998704
5.332718793265369,1.0986122886681098,6.0253344316155975
0.6931471805599453,1.791759469228055,7.489613293002015
5.225746673713202,0.6931471805599453,5.773246346316266
3.4965075614664802,1.791759469228055,6.788633848074274
4.060443010546419,1.0986122886681098,5.424289006109973
5.2832037287379885,1.0986122886681098,6.803094518438584
3.2188758248682006,1.6094379124341003,7.934610164077709
4.5217885770490405,1.0986122886681098,6.511685892514335
1.6094379124341003,1.0986122886681098,6.863029842602406
3.9512437185814275,1.3862943611198906,6.915703607164632
5.575949103146316,0.6931471805599453,4.749789875598035
5.58724865840025,0.6931471805599453,5.846149715943123
3.6109179126442243,1.0986122886681098,6.414851429850069
3.9512437185814275,0.6931471805599453,6.097175001530096
3.970291913552122,1.9459101490553132,8.001519166458744
3.2188758248682006,1.9459101490553132,7.653675159070001
3.1354942159291497,0.6931471805599453,4.7136657821413905
4.0943445622221,0.6931471805599453,4.575947327311188
5.14166355650266,1.0986122886681098,6.54363842689435
4.23410650459726,1.0986122886681098,6.723543937669715
5.062595033026967,1.0986122886681098,6.393741244298632
1.0986122886681098,4.30406509320417,12.5432839661044
5.308267697401205,0.6931471805599453,5.4682289032653095
1.791759469228055,1.6094379124341003,7.246788519146775
4.219507705176107,1.0986122886681098,6.484253483387821
4.356708826689592,0.6931471805599453,4.7464961220785264
0.6931471805599453,2.0794415416798357,7.56405692342126
2.1972245773362196,1.6094379124341003,7.5669474581621285
5.135798437050262,1.0986122886681098,5.676925020486318
2.9444389791664403,1.6094379124341003,6.744318281129723
1.791759469228055,1.0986122886681098,5.51403340203345
2.302585092994046,2.302585092994046,7.836342103110113
4.477336814478207,1.0986122886681098,5.6585758818181215
3.332204510175204,0.6931471805599453,4.690889061390629
3.4011973816621555,1.6094379124341003,6.609847771172747
3.044522437723423,1.0986122886681098,6.4571463507046944
4.127134385045092,1.791759469228055,7.5157257621344895
3.2188758248682006,0.6931471805599453,5.279389356662517
2.4849066497880004,3.258096538021482,9.124351017997613
5.493061443340548,1.3862943611198906,7.139057457997714
5.638354669333745,1.0986122886681098,5.97599551620405
5.4638318050256105,1.0986122886681098,6.641899927756463
1.3862943611198906,1.791759469228055,7.46014502182582
2.833213344056216,0.6931471805599453,6.392519946727447
3.4657359027997265,1.9459101490553132,7.843550554514271
3.258096538021482,2.833213344056216,10.266570769562204
4.276666119016055,1.3862943611198906,6.214508093421858
5.241747015059643,1.0986122886681098,3.970291913552122
3.295836866004329,1.791759469228055,7.092166317953654
4.68213122712422,0.6931471805599453,6.444735207830545
2.1972245773362196,3.091042453358316,8.626961976361729
5.3471075307174685,0.6931471805599453,4.73444252169223
3.8066624897703196,1.0986122886681098,5.875071170428134
3.4657359027997265,1.791759469228055,7.656966107678013
4.927253685157205,1.6094379124341003,6.384435257634458
5.583496308781699,0.6931471805599453,5.158480421360237
1.6094379124341003,2.0794415416798357,7.640099133944896
5.389071729816501,1.0986122886681098,5.2449693310461125
1.0986122886681098,1.791759469228055,7.105187098580444
5.3706380281276624,0.6931471805599453,4.701661486176852
3.4965075614664802,1.3862943611198906,7.694438338933248
2.4849066497880004,2.302585092994046,7.834823722108157
0.6931471805599453,2.8903717578961645,8.087268368594886
2.772588722239781,0.6931471805599453,5.765723876196384
2.4849066497880004,2.302585092994046,7.309854729614
5.298317366548036,0.6931471805599453,5.19295685089021
1.3862943611198906,1.3862943611198906,7.027642765394543
2.772588722239781,2.6390573296152584,8.501478357695712
2.70805020110221,1.6094379124341003,6.39772933538671
2.3978952727983707,2.4849066497880004,7.951777617188277
3.4011973816621555,1.3862943611198906,6.822273640436711
2.302585092994046,2.4849066497880004,7.887283686260815
3.2188758248682006,0.6931471805599453,5.08258379340884
3.258096538021482,1.6094379124341003,6.766629406877568
3.784189633918261,1.0986122886681098,5.73175425773095
1.0986122886681098,1.791759469228055,7.366975980862403
1.9459101490553132,1.3862943611198906,6.499501285546037
4.997212273764115,0.6931471805599453,5.200814785186798
2.3978952727983707,1.9459101490553132,7.024079473268938
3.258096538021482,0.6931471805599453,6.487044544658406
5.616771097666572,0.6931471805599453,5.596865192310124
5.926926025970411,0.6931471805599453,5.750952279132591
0.6931471805599453,2.1972245773362196,7.548856250206247
3.871201010907891,1.3862943611198906,5.942851867187289
2.1972245773362196,2.1972245773362196,7.902298809906396
2.833213344056216,2.5649493574615367,9.168153905320404
1.6094379124341003,3.4965075614664802,8.710568430543226
1.6094379124341003,1.3862943611198906,7.060948357598531
3.784189633918261,2.0794415416798357,7.181934091396172
1.6094379124341003,2.0794415416798357,8.269572504294867
5.288267030694535,1.3862943611198906,7.278773859355933
2.5649493574615367,1.9459101490553132,7.245184200691345
2.833213344056216,2.0794415416798357,7.00395597125342
4.736198448394496,1.791759469228055,7.107638391655096
5.521460917862246,0.6931471805599453,5.796665468802915
3.4011973816621555,1.791759469228055,7.256120795049728
3.8066624897703196,0.6931471805599453,5.967786419753405
4.477336814478207,0.6931471805599453,6.335320173584455
3.828641396489095,1.0986122886681098,6.459982698577723
2.3978952727983707,2.4849066497880004,8.519446650469105
2.772588722239781,0.6931471805599453,6.606596130683188
4.330733340286331,0.6931471805599453,6.04381977744191
4.983606621708336,1.6094379124341003,7.303210454460983
1.791759469228055,1.3862943611198906,7.394474668204541
5.697093486505405,0.6931471805599453,4.502029427068578
4.0943445622221,1.0986122886681098,5.548686904115838
5.579729825986222,0.6931471805599453,5.70883634895888
3.871201010907891,0.6931471805599453,5.632286472951131
3.4011973816621555,1.3862943611198906,5.541694824693056
2.1972245773362196,1.9459101490553132,7.813741097146052
2.8903717578961645,1.0986122886681098,5.265794174842477
1.3862943611198906,2.1972245773362196,9.251288438549023
5.4510384535657,1.0986122886681098,6.7769857830927895
4.727387818712341,0.6931471805599453,4.943497843108764
4.07753744390572,1.3862943611198906,6.9205727826927514
3.9512437185814275,2.4849066497880004,7.839643731479347
4.852030263919617,1.0986122886681098,6.595589238838791
5.641907070938114,1.3862943611198906,5.958812214832733
4.02535169073515,1.0986122886681098,6.106309938777023
5.771441123130016,0.6931471805599453,5.303802296778606
3.295836866004329,1.0986122886681098,5.673288902319859
2.3978952727983707,1.0986122886681098,4.361823927356363
2.0794415416798357,1.0986122886681098,6.522739647741382
3.4011973816621555,0.6931471805599453,5.2914941411999115
2.8903717578961645,1.6094379124341003,6.61480602592395
4.174387269895637,0.6931471805599453,1.9740810260220096
3.091042453358316,0.6931471805599453,5.438035829717119
1.3862943611198906,2.0794415416798357,7.186076171996967
5.117993812416755,0.6931471805599453,4.886205215718078
0.6931471805599453,2.8903717578961645,8.984253744057574
3.9889840465642745,1.3862943611198906,5.163299154869948
3.9512437185814275,0.6931471805599453,5.0670156275323635
3.8918202981106265,2.5649493574615367,8.373966955298872
4.127134385045092,0.6931471805599453,5.248811946644198
5.093750200806762,1.3862943611198906,6.741169266574241
2.302585092994046,0.6931471805599453,5.8700593342813
2.772588722239781,1.6094379124341003,6.305179796606579
4.330733340286331,0.6931471805599453,5.269866450374021
3.713572066704308,2.1972245773362196,7.908240089652304
3.7376696182833684,2.4849066497880004,7.643161820556003
5.916202062607435,1.0986122886681098,5.0361730778840945
3.6375861597263857,1.0986122886681098,6.658652688497831
5.288267030694535,0.6931471805599453,5.608922193632241
5.303304908059076,1.0986122886681098,7.0133217734248765
4.31748811353631,1.3862943611198906,6.490419998303485
4.174387269895637,1.0986122886681098,5.609728172573878
3.091042453358316,1.6094379124341003,6.231052150838124
5.908082938168931,0.6931471805599453,3.9080149840306073
5.198497031265826,1.3862943611198906,5.775886058412575
2.3978952727983707,1.6094379124341003,7.028830666672488
1.6094379124341003,2.5649493574615367,7.706167470639493
5.288267030694535,1.3862943611198906,7.668916185155464
3.4011973816621555,1.6094379124341003,6.549006758096496
3.9889840465642745,0.6931471805599453,5.246392293683117
2.9444389791664403,1.9459101490553132,7.4508350982774605
2.3978952727983707,1.3862943611198906,4.639088404191552
4.51085950651685,1.6094379124341003,7.408833551293248
5.594711379601839,0.6931471805599453,4.156536582478548
3.9889840465642745,1.9459101490553132,8.10069544697357
3.8066624897703196,1.6094379124341003,7.946507861544517
4.174387269895637,1.6094379124341003,8.068030082042343
5.0106352940962555,0.6931471805599453,5.737861788309064
3.1354942159291497,3.258096538021482,8.978602495018041
5.746203190540153,0.6931471805599453,5.789195352504331
3.1780538303479458,1.0986122886681098,6.239007985245727
4.07753744390572,1.9459101490553132,7.950745619900337
3.2188758248682006,1.0986122886681098,6.16709711575114
4.3694478524670215,2.0794415416798357,7.916089041153508
4.787491742782046,1.0986122886681098,6.471805189861254
3.6109179126442243,1.3862943611198906,7.163582841069827
4.110873864173311,1.0986122886681098,7.068274209815247
2.6390573296152584,1.6094379124341003,7.211364832983292
2.995732273553991,0.6931471805599453,5.14353315274717
3.970291913552122,0.6931471805599453,4.842532174539857
3.295836866004329,1.0986122886681098,6.736017515727827
3.4011973816621555,0.6931471805599453,5.590091056903071
2.0794415416798357,1.0986122886681098,3.9740583963475986
2.4849066497880004,2.5649493574615367,9.574351341358595
5.231108616854587,1.3862943611198906,6.567066163812884
1.3862943611198906,2.1972245773362196,7.99111517232888
2.302585092994046,1.0986122886681098,6.5826482134396205
5.572154032177765,0.6931471805599453,5.793775513182905
1.3862943611198906,1.6094379124341003,6.219157733120763
5.351858133476067,0.6931471805599453,6.25513564959826
4.6913478822291435,1.0986122886681098,7.290511139663592
2.6390573296152584,2.302585092994046,7.297829215001296
4.356708826689592,1.3862943611198906,6.5389932944796145
3.044522437723423,0.6931471805599453,5.546738725046515
3.332204510175204,1.0986122886681098,6.38130827431319
2.995732273553991,1.9459101490553132,6.636720534303131
4.890349128221754,0.6931471805599453,6.6415998370746365
5.537334267018537,0.6931471805599453,5.9020867359567655
4.382026634673881,0.6931471805599453,7.529943370601589
5.337538079701318,0.6931471805599453,5.914043400139397
5.820082930352362,0.6931471805599453,4.919250732294404
5.541263545158426,0.6931471805599453,4.841427376447684
5.003946305945459,1.0986122886681098,6.319652564141498
2.3978952727983707,1.0986122886681098,7.121938808924836
4.454347296253507,0.6931471805599453,6.4873034285656495
2.1972245773362196,3.044522437723423,9.31827148082645
5.327876168789581,1.0986122886681098,6.152243213225462
2.1972245773362196,1.6094379124341003,7.220651779074644
3.1780538303479458,1.9459101490553132,7.147016244154614
2.4849066497880004,2.302585092994046,7.260023527685966
3.295836866004329,0.6931471805599453,5.810122510427528
3.091042453358316,1.791759469228055,7.936063122140283
1.0986122886681098,1.0986122886681098,6.933851783703411
5.0689042022202315,1.0986122886681098,6.425112106189937
1.3862943611198906,2.0794415416798357,8.161118067549472
4.31748811353631,0.6931471805599453,5.630494678886369
1.3862943611198906,1.6094379124341003,6.076150305274624
0.6931471805599453,5.308267697401205,11.875567758808163
2.8903717578961645,1.0986122886681098,6.767170498168263
3.6109179126442243,1.6094379124341003,7.113492210280829
4.5217885770490405,1.0986122886681098,5.731657011422181
4.276666119016055,1.6094379124341003,7.146756431297139
4.762173934797756,1.0986122886681098,7.384703488712166
5.365976015021851,1.0986122886681098,6.886296681323568
3.4339872044851463,1.0986122886681098,7.1831648514317985
3.9512437185814275,0.6931471805599453,6.620206530975591
5.5093883366279774,0.6931471805599453,5.739953670961029
3.4965075614664802,0.6931471805599453,5.415566926598276
4.700480365792417,1.3862943611198906,7.768093457909063
1.791759469228055,1.791759469228055,7.137818831761513
5.905361848054571,0.6931471805599453,5.89860885258863
4.418840607796598,1.0986122886681098,7.5453580366354
5.697093486505405,0.6931471805599453,7.487571374232199
3.5553480614894135,2.1972245773362196,9.004302186164907
4.060443010546419,1.3862943611198906,7.3919576276276855
3.4339872044851463,2.5649493574615367,8.682919471860496
2.70805020110221,0.6931471805599453,4.623991940228679
4.290459441148391,1.0986122886681098,5.676137173835876
3.1780538303479458,1.9459101490553132,7.005761820334205
2.995732273553991,0.6931471805599453,5.91943134420815
4.382026634673881,0.6931471805599453,5.745212284419341
4.110873864173311,2.4849066497880004,8.999679832658012
3.258096538021482,0.6931471805599453,5.658331728418817
2.5649493574615367,0.6931471805599453,5.689852569122703
5.537334267018537,0.6931471805599453,4.085808231199814
4.997212273764115,1.3862943611198906,6.183592034891002
4.174387269895637,1.6094379124341003,6.545952926608586
2.1972245773362196,1.0986122886681098,5.4038928590966755
2.4849066497880004,2.302585092994046,8.860169942031078
5.605802066295998,0.6931471805599453,4.8496837630384935
2.3978952727983707,1.791759469228055,7.295287211280274
5.5134287461649825,0.6931471805599453,5.333732771768991
4.574710978503383,1.0986122886681098,6.3920678557992385
2.772588722239781,0.6931471805599453,5.215044447354215
3.9318256327243257,0.6931471805599453,6.141607205537701
3.4339872044851463,0.6931471805599453,5.001190835268256
4.23410650459726,1.6094379124341003,7.373411973984176
3.58351893845611,1.3862943611198906,7.002137755875882
4.859812404361672,0.6931471805599453,4.751605464217637
4.68213122712422,1.3862943611198906,7.181934091396172
3.6375861597263857,0.6931471805599453,4.510199948396864
4.060443010546419,0.6931471805599453,5.638141123402764
4.060443010546419,2.0794415416798357,6.674384608512411
4.290459441148391,1.791759469228055,7.561314078807358
5.5093883366279774,0.6931471805599453,4.635893358630932
2.995732273553991,1.0986122886681098,5.315026980110984
5.293304824724492,1.0986122886681098,5.680206738127495
2.833213344056216,1.0986122886681098,5.791182664937034
5.3612921657094255,0.6931471805599453,5.8157411743422545
3.6888794541139363,1.0986122886681098,5.450952612971631
3.8501476017100584,1.3862943611198906,6.3048143663083405
5.14166355650266,1.0986122886681098,6.030372711422963
3.8918202981106265,0.6931471805599453,6.197502630519253
4.762173934797756,1.6094379124341003,7.404133033112973
4.997212273764115,0.6931471805599453,7.108055905977399
2.833213344056216,3.367295829986474,8.74772855584191
3.9512437185814275,0.6931471805599453,6.17665697899362
5.075173815233827,0.6931471805599453,5.062025250478552
2.5649493574615367,1.3862943611198906,7.139208211567486
3.6109179126442243,0.6931471805599453,5.736378730359189
4.007333185232471,1.0986122886681098,6.00645167691623
3.784189633918261,1.0986122886681098,5.555553118030016
5.159055299214529,0.6931471805599453,5.141897447276735
3.5553480614894135,0.6931471805599453,4.840874519347159
3.6888794541139363,1.3862943611198906,6.209012472065032
5.5909869805108565,0.6931471805599453,5.536585955607315
2.302585092994046,2.302585092994046,7.535173897253012
2.5649493574615367,1.6094379124341003,6.749216652850701
1.3862943611198906,2.4849066497880004,8.81305323293633
2.3978952727983707,2.3978952727983707,7.400883218504078
3.5263605246161616,0.6931471805599453,5.894292635355709
4.394449154672439,1.3862943611198906,6.152732694704104
3.4657359027997265,1.6094379124341003,6.972746822489577
2.1972245773362196,1.6094379124341003,6.442747151414763
4.290459441148391,1.0986122886681098,6.252443236725213
1.6094379124341003,1.6094379124341003,6.483397829142147
5.54907608489522,1.3862943611198906,8.50918118080606
1.791759469228055,2.3978952727983707,7.847051347137703
2.833213344056216,2.1972245773362196,8.360576807571077
4.51085950651685,0.6931471805599453,5.536270709515726
4.290459441148391,1.3862943611198906,6.065086686978596
4.0943445622221,1.9459101490553132,6.531955763529723
2.3978952727983707,3.871201010907891,9.891799006862502
5.14166355650266,0.6931471805599453,5.198110216131005
5.298317366548036,0.6931471805599453,4.919469846344143
3.4657359027997265,0.6931471805599453,6.2878585601617845
2.995732273553991,2.8903717578961645,8.94059382539389
5.030437921392435,1.0986122886681098,6.602126456028984
2.302585092994046,2.772588722239781,8.535312049026333
5.602118820879701,0.6931471805599453,5.842442360714953
4.189654742026425,1.6094379124341003,5.945420608606575
5.616771097666572,0.6931471805599453,4.8054135174159684
3.258096538021482,1.3862943611198906,7.460887235093727
3.1780538303479458,1.3862943611198906,7.232993217960352
5.768320995793772,0.6931471805599453,5.341041550757815
1.791759469228055,1.3862943611198906,6.5438399005307675
2.5649493574615367,1.0986122886681098,5.714062784063757
5.62040086571715,1.0986122886681098,7.306866913118126
3.258096538021482,2.4849066497880004,7.651376918775613
3.7376696182833684,2.302585092994046,7.199469212547289
2.1972245773362196,1.6094379124341003,5.687822455077471
1.6094379124341003,3.8918202981106265,10.906600543518254
4.276666119016055,1.6094379124341003,6.896552764474143
5.365976015021851,0.6931471805599453,5.918356075287344
3.6635616461296463,1.6094379124341003,8.058051952218728
3.9889840465642745,0.6931471805599453,6.796365512756079
4.3694478524670215,1.3862943611198906,7.464945269906789
3.8501476017100584,1.0986122886681098,6.317814295200602
5.19295685089021,0.6931471805599453,7.012592657827759
5.924255797414532,0.6931471805599453,4.674696248636701
4.553876891600541,1.0986122886681098,6.890680328191671
2.3978952727983707,1.3862943611198906,6.951207411654662
4.663439094112067,0.6931471805599453,6.60214003072033
4.3694478524670215,0.6931471805599453,6.651610632528512
5.159055299214529,0.6931471805599453,6.782021973516374
2.0794415416798357,3.4965075614664802,9.184418278884316
5.365976015021851,1.6094379124341003,6.798620984904737
3.1354942159291497,1.791759469228055,6.226141334235865
5.552959584921617,0.6931471805599453,4.490881039585964
5.645446897643238,0.6931471805599453,5.7299049588017725
3.091042453358316,1.0986122886681098,7.057097272731341
2.3978952727983707,1.9459101490553132,7.7922828608243835
5.733341276897746,0.6931471805599453,5.946257954269902
4.23410650459726,0.6931471805599453,6.177342273229703
5.375278407684165,1.0986122886681098,6.1286361810072245
2.9444389791664403,1.9459101490553132,8.433381055030935
4.653960350157523,1.6094379124341003,7.223733220588765
3.784189633918261,0.6931471805599453,5.3953987041986
1.6094379124341003,0.6931471805599453,5.517774130004251
5.209486152841421,1.3862943611198906,10.594570103213856
4.442651256490317,0.6931471805599453,6.019760416262829
5.814130531825066,1.3862943611198906,6.776506992372183
2.302585092994046,1.0986122886681098,5.763716662099238
3.4657359027997265,1.0986122886681098,6.557289589092577
5.288267030694535,1.0986122886681098,6.902280318701867
2.9444389791664403,2.0794415416798357,7.740633966671485
2.9444389791664403,1.791759469228055,7.2608879564964575
5.7430031878094825,1.9459101490553132,5.7698822763607245
4.962844630259907,1.6094379124341003,7.171080619929179
5.5093883366279774,0.6931471805599453,6.18610573794948
3.2188758248682006,1.6094379124341003,6.904851065834747
3.4011973816621555,1.3862943611198906,7.357862276513416
2.3978952727983707,1.3862943611198906,8.163493816079034
3.4339872044851463,2.3978952727983707,7.923551016427315
2.9444389791664403,0.6931471805599453,5.832205005910728
2.9444389791664403,1.6094379124341003,7.2106337983152
2.772588722239781,1.791759469228055,7.347802151813069
4.90527477843843,0.6931471805599453,5.504518197131935
5.5093883366279774,0.6931471805599453,5.588745664667843
4.90527477843843,0.6931471805599453,5.885603906408473
3.9318256327243257,1.0986122886681098,6.12844000213506
4.74493212836325,1.3862943611198906,7.399263517702882
2.0794415416798357,1.0986122886681098,7.696353538510563
3.1780538303479458,1.0986122886681098,5.221382325073914
3.258096538021482,2.772588722239781,9.35266251250627
4.204692619390966,0.6931471805599453,6.010114549603027
4.110873864173311,1.6094379124341003,7.294377299288821
3.9318256327243257,2.4849066497880004,8.14566563433577
5.14166355650266,0.6931471805599453,5.802450646452902
2.9444389791664403,1.791759469228055,6.886460138441978
4.859812404361672,1.3862943611198906,6.891036292375263
2.772588722239781,2.1972245773362196,7.236332143304382
5.480638923341991,0.6931471805599453,4.941999501706118
1.3862943611198906,1.6094379124341003,7.160612960279738
5.484796933490655,1.0986122886681098,5.192734603972972
3.970291913552122,2.0794415416798357,7.764402157928777
3.8501476017100584,0.6931471805599453,6.214087963175304
5.424950017481403,0.6931471805599453,5.562410904191201
2.1972245773362196,2.8903717578961645,8.792008845361094
1.6094379124341003,1.6094379124341003,7.0865121565162825
5.111987788356544,1.0986122886681098,7.1915498047067254
5.484796933490655,0.6931471805599453,6.436951329565632
2.4849066497880004,0.6931471805599453,5.711386821516136
4.90527477843843,0.6931471805599453,6.257284372702628
2.8903717578961645,2.3978952727983707,8.574013881567295
2.3978952727983707,2.6390573296152584,8.465202812016113
3.4657359027997265,0.6931471805599453,5.799849943402434
4.330733340286331,0.6931471805599453,5.542360981969988
0.6931471805599453,1.3862943611198906,6.869523676497577
1.6094379124341003,1.3862943611198906,7.568931801112307
3.828641396489095,0.6931471805599453,5.9974466187855295
1.0986122886681098,3.4339872044851463,9.83317291504409
5.8805329864007,0.6931471805599453,5.069909985558728
2.9444389791664403,1.0986122886681098,5.721851574117079
4.248495242049359,1.3862943611198906,6.716086169627672
5.924255797414532,0.6931471805599453,6.1918511112995755
5.7745515455444085,0.6931471805599453,5.073923033332174
3.295836866004329,0.6931471805599453,4.678048831400664
5.805134968916488,0.6931471805599453,7.162785019158669
2.302585092994046,1.791759469228055,7.393293863521244
5.780743515792329,0.6931471805599453,4.91815444130209
4.290459441148391,0.6931471805599453,5.416722430926658
5.564520407322694,0.6931471805599453,3.7256934272366524
2.9444389791664403,1.791759469228055,7.69981976221305
5.908082938168931,0.6931471805599453,4.483002552013883
4.204692619390966,1.3862943611198906,6.537387007911402
5.043425116919247,1.0986122886681098,6.43590995485703
3.4011973816621555,1.0986122886681098,5.999432716757159
4.2626798770413155,0.6931471805599453,5.741784496789209
2.70805020110221,1.0986122886681098,6.022018000151438
1.0986122886681098,2.833213344056216,8.471814999842545
0.6931471805599453,3.7376696182833684,9.694394208164745
4.795790545596741,1.3862943611198906,6.952078337618801
4.127134385045092,0.6931471805599453,6.215247893709531
1.3862943611198906,2.772588722239781,8.938207449152076
1.3862943611198906,0.6931471805599453,8.258940462988459
2.4849066497880004,1.3862943611198906,6.985280975485229
4.532599493153256,1.0986122886681098,5.2711516984752675
4.0943445622221,1.6094379124341003,7.1465359310757455
4.477336814478207,1.791759469228055,7.120880817152784
3.295836866004329,1.9459101490553132,7.511415293040546
5.8805329864007,0.6931471805599453,5.760729755097951
4.454347296253507,1.0986122886681098,6.483474256616332
2.3978952727983707,1.6094379124341003,6.043345168984971
0.6931471805599453,1.791759469228055,6.769779740037806
5.420534999272286,0.6931471805599453,5.805676990670853
4.110873864173311,1.0986122886681098,6.797281713937488
5.488937726156687,0.6931471805599453,4.632785353021065
5.768320995793772,1.0986122886681098,5.797121015086702
1.0986122886681098,2.1972245773362196,7.416041681653177
3.871201010907891,1.3862943611198906,6.601148593666668
4.48863636973214,0.6931471805599453,4.580877493419047
2.4849066497880004,2.4849066497880004,8.658326367134135
5.176149732573829,0.6931471805599453,5.7260330835910205
3.970291913552122,1.9459101490553132,7.484346171123521
5.905361848054571,0.6931471805599453,6.002033498457216
5.768320995793772,0.6931471805599453,6.373319789577012
5.424950017481403,1.0986122886681098,6.629032947901828
5.883322388488279,1.0986122886681098,5.777899970574095
5.459585514144159,0.6931471805599453,6.01713229385656
5.7430031878094825,0.6931471805599453,5.04606678592752
3.6375861597263857,1.791759469228055,7.106933952842515
4.204692619390966,1.6094379124341003,8.127909455886419
5.480638923341991,1.0986122886681098,6.065179584930263
4.736198448394496,1.0986122886681098,6.418462810428566
5.627621113690637,0.6931471805599453,5.288267030694535
5.389071729816501,2.5649493574615367,7.718023053610256
5.703782474656201,0.6931471805599453,5.7747068129929
1.0986122886681098,1.6094379124341003,7.253696825551129
3.4011973816621555,1.3862943611198906,6.978204422922778
2.3978952727983707,1.0986122886681098,6.661330306378558
3.828641396489095,1.791759469228055,7.442826586212262
4.219507705176107,2.1972245773362196,7.471613483699497
4.31748811353631,0.6931471805599453,5.7610445868229965
4.189654742026425,1.0986122886681098,6.449790886414747
4.90527477843843,1.3862943611198906,7.83075942537543
5.476463551931511,1.0986122886681098,6.244458120391077
4.812184355372417,0.6931471805599453,5.877735781779639
3.4965075614664802,2.6390573296152584,8.808288432375653
2.302585092994046,2.4849066497880004,9.257795359479534
3.6109179126442243,1.0986122886681098,6.60905270324689
2.833213344056216,1.791759469228055,6.823503726534546
4.852030263919617,0.6931471805599453,5.708305563383786
4.219507705176107,0.6931471805599453,6.793297957004312
5.0106352940962555,0.6931471805599453,4.599655005299981
5.648974238161206,0.6931471805599453,5.762522969678801
5.135798437050262,1.0986122886681098,6.4364067457583465
4.61512051684126,2.0794415416798357,7.502059546979103
4.912654885736052,0.6931471805599453,5.544474072171247
5.783825182329737,0.6931471805599453,5.19267903452504
4.68213122712422,0.6931471805599453,5.059488948313644
4.174387269895637,0.6931471805599453,5.978227320325962
5.0238805208462765,1.0986122886681098,7.317955823857119
5.82600010738045,0.6931471805599453,4.789988622980633
3.1354942159291497,1.791759469228055,7.449125626576209
3.2188758248682006,0.6931471805599453,6.0156692358048
2.833213344056216,2.0794415416798357,7.775061627827598
2.0794415416798357,2.772588722239781,7.82177944413352
4.060443010546419,1.0986122886681098,6.58332623116324
1.6094379124341003,1.0986122886681098,6.5758705038506235
3.6635616461296463,0.6931471805599453,6.4234742104382585
4.204692619390966,0.6931471805599453,4.864684238611951
3.871201010907891,0.6931471805599453,5.548686904115838
5.87493073085203,0.6931471805599453,5.675074310519458
5.153291594497779,0.6931471805599453,4.737250526345299
4.0943445622221,2.302585092994046,7.754974564853873
3.9318256327243257,0.6931471805599453,5.4870764910004155
3.1354942159291497,1.0986122886681098,6.189679958097341
3.784189633918261,1.791759469228055,7.743928633728395
3.4011973816621555,1.3862943611198906,6.846709318414996
1.791759469228055,2.9444389791664403,8.98019989919854
3.295836866004329,2.772588722239781,8.448764446494256
5.308267697401205,0.6931471805599453,5.189562206710999
3.9512437185814275,1.9459101490553132,8.208998159442066
2.3978952727983707,1.3862943611198906,6.466051407286527
1.0986122886681098,2.5649493574615367,8.476558679320053
4.219507705176107,2.0794415416798357,8.413611093435822
4.174387269895637,0.6931471805599453,6.2094749463104435
3.9512437185814275,2.5649493574615367,8.527331623389161
5.673323267171493,0.6931471805599453,6.354404822801145
4.127134385045092,2.1972245773362196,6.544487219573761
4.174387269895637,1.3862943611198906,7.069321254563527
4.574710978503383,0.6931471805599453,5.329331420077207
5.616771097666572,0.6931471805599453,5.741303025403381
0.6931471805599453,4.5217885770490405,11.012606947722134
4.330733340286331,1.6094379124341003,6.830712234483825
4.709530201312334,0.6931471805599453,3.970291913552122
5.298317366548036,0.6931471805599453,5.795966561197395
4.174387269895637,1.0986122886681098,6.348264483234865
5.793013608384144,0.6931471805599453,5.111987788356544
1.6094379124341003,0.6931471805599453,5.748182061952885
5.652489180268651,0.6931471805599453,5.32544603393629
3.8066624897703196,0.6931471805599453,5.591471937527057
4.276666119016055,1.3862943611198906,7.919105250086756
4.465908118654584,0.6931471805599453,6.523092298503236
4.653960350157523,0.6931471805599453,5.092153835268511
5.814130531825066,0.6931471805599453,5.74527624348556
3.9889840465642745,0.6931471805599453,5.345916345347316
3.6888794541139363,1.3862943611198906,6.957211887694729
3.4965075614664802,1.0986122886681098,6.5736242994783
5.905361848054571,1.6094379124341003,7.415813075846797
5.342334251964811,0.6931471805599453,6.936886805488385
5.062595033026967,1.3862943611198906,5.863119681170759
4.007333185232471,0.6931471805599453,5.142949279314339
4.204692619390966,1.0986122886681098,6.354491772518179
4.406719247264253,0.6931471805599453,7.611604982675218
4.875197323201151,0.6931471805599453,6.0090342912180414
4.477336814478207,0.6931471805599453,5.901266279189834
0.6931471805599453,1.3862943611198906,6.3367195308171205
3.8501476017100584,0.6931471805599453,5.9777205293157225
5.811140992976701,0.6931471805599453,5.5350481913707625
5.905361848054571,0.6931471805599453,5.311233591814583
4.290459441148391,0.6931471805599453,5.069155742908264
5.0689042022202315,1.0986122886681098,6.141843838467353
5.924255797414532,0.6931471805599453,4.759177998467439
2.5649493574615367,2.0794415416798357,7.568203632578843
5.545177444479562,1.0986122886681098,6.647844003475713
3.4011973816621555,1.0986122886681098,5.627800953633573
3.4657359027997265,2.3978952727983707,7.908030478039789
1.791759469228055,3.1354942159291497,9.029801225744318
3.713572066704308,0.6931471805599453,6.061293735451147
5.8944028342648505,0.6931471805599453,6.040064216944044
5.924255797414532,0.6931471805599453,5.7899601708972535
4.574710978503383,1.0986122886681098,6.818038427312331
3.295836866004329,2.0794415416798357,7.74730318590928
4.330733340286331,1.0986122886681098,6.40276261040859
4.060443010546419,1.6094379124341003,7.538276774433291
3.091042453358316,0.6931471805599453,6.104659294874325
3.7376696182833684,2.0794415416798357,7.77781357291459
4.927253685157205,0.6931471805599453,7.605093664160551
2.1972245773362196,2.5649493574615367,7.79024514376692
4.867534450455582,0.6931471805599453,5.1298987149230735
3.713572066704308,1.3862943611198906,7.108702299899257
5.135798437050262,2.0794415416798357,8.217246886437776
2.302585092994046,1.791759469228055,7.433229092253918
5.3706380281276624,1.0986122886681098,6.393339886365589
2.772588722239781,1.9459101490553132,8.692273594221074
5.14166355650266,1.0986122886681098,6.46678215711498
3.713572066704308,0.6931471805599453,5.761673953071979
5.231108616854587,0.6931471805599453,5.979240132485259
5.602118820879701,0.6931471805599453,4.952582362647639
5.153291594497779,0.6931471805599453,6.2166061010848646
1.791759469228055,1.6094379124341003,7.337281906274171
2.833213344056216,1.0986122886681098,5.45043741460887
2.3978952727983707,1.6094379124341003,7.6891605590501255
5.7899601708972535,0.6931471805599453,4.6862892372728835
4.736198448394496,0.6931471805599453,5.66704933159998
5.673323267171493,0.6931471805599453,4.553876891600541
2.833213344056216,1.0986122886681098,7.205286191988605
0.6931471805599453,1.3862943611198906,6.705357537478585
4.532599493153256,1.791759469228055,6.575354741730978
5.0106352940962555,1.0986122886681098,6.4421738573469876
5.247024072160486,0.6931471805599453,5.85821882796062
3.4657359027997265,1.0986122886681098,6.237758058320892
3.5553480614894135,1.6094379124341003,6.954390742498122
5.579729825986222,0.6931471805599453,5.591658396851496
4.442651256490317,2.1972245773362196,8.146662701187065
3.295836866004329,1.6094379124341003,7.207808018236269
5.147494476813453,0.6931471805599453,5.25504445431457
2.3978952727983707,1.3862943611198906,6.654023645899904
5.749392985908253,0.6931471805599453,6.329025476602274
4.189654742026425,1.6094379124341003,8.290372889129587
4.454347296253507,0.6931471805599453,6.234018491942015
3.258096538021482,0.6931471805599453,4.918958505524352
4.0943445622221,1.6094379124341003,6.857892539809733
5.780743515792329,1.0986122886681098,4.592084946439436
3.6635616461296463,0.6931471805599453,3.7954891891721947
5.541263545158426,1.0986122886681098,5.951527577504281
2.995732273553991,1.791759469228055,7.247842402590825
3.5263605246161616,1.3862943611198906,7.266506066865208
2.772588722239781,0.6931471805599453,4.551558416539442
3.332204510175204,1.0986122886681098,5.987331015826375
3.1780538303479458,0.6931471805599453,5.148598518298095
5.3706380281276624,1.0986122886681098,6.2809574789637255
2.1972245773362196,1.791759469228055,6.94935776883665
3.1354942159291497,0.6931471805599453,5.012566760946003
2.5649493574615367,1.3862943611198906,6.97424502025097
5.572154032177765,0.6931471805599453,5.304100611303764
4.882801922586371,0.6931471805599453,5.059933265817542
4.02535169073515,1.3862943611198906,5.952411819844281
5.521460917862246,0.6931471805599453,6.38856140554563
1.0986122886681098,2.0794415416798357,8.075455101323259
2.302585092994046,1.0986122886681098,7.252911132207154
5.579729825986222,0.6931471805599453,4.740574822994295
5.805134968916488,0.6931471805599453,5.050945157499754
5.749392985908253,0.6931471805599453,6.2058498567482925
3.295836866004329,1.3862943611198906,6.882970662159506
3.4339872044851463,0.6931471805599453,6.0657367914825695
3.4339872044851463,1.3862943611198906,6.27189539284557
1.0986122886681098,2.0794415416798357,7.224585875348061
5.8944028342648505,0.6931471805599453,5.19351225218191
5.648974238161206,1.3862943611198906,6.076701433954154
5.572154032177765,0.6931471805599453,5.472564748074418
3.258096538021482,0.6931471805599453,5.091539169320091
5.872117789475416,0.6931471805599453,5.371846599836152
4.553876891600541,1.3862943611198906,5.462135451777431
3.4011973816621555,0.6931471805599453,4.845288841508263
5.82600010738045,0.6931471805599453,6.952393980600518
3.044522437723423,2.9444389791664403,8.903219925879805
4.454347296253507,0.6931471805599453,5.815711371192059
2.302585092994046,1.3862943611198906,6.265073049828404
3.9512437185814275,1.0986122886681098,6.149557446167864
3.9318256327243257,1.0986122886681098,6.290735458809743
1.0986122886681098,0.6931471805599453,6.121351807942404
4.736198448394496,0.6931471805599453,5.920398098674122
2.70805020110221,2.0794415416798357,7.479976991613202
4.356708826689592,0.6931471805599453,6.120539147973894
3.713572066704308,1.0986122886681098,7.244884442636672
4.762173934797756,0.6931471805599453,6.809591030194905
2.833213344056216,2.5649493574615367,9.294751370911507
5.087596335232384,1.6094379124341003,5.421684780498321
0.6931471805599453,1.6094379124341003,8.186300162033392
3.4339872044851463,1.3862943611198906,7.849908670382019
4.543294782270004,0.6931471805599453,4.52526080275979
3.1780538303479458,1.3862943611198906,7.034634595526282
4.564348191467836,1.9459101490553132,8.039508941575132
3.367295829986474,1.0986122886681098,6.492936561946857
3.5263605246161616,1.791759469228055,7.577843636590285
3.091042453358316,1.0986122886681098,7.155848970699195
2.9444389791664403,1.0986122886681098,7.141403462941432
1.3862943611198906,3.332204510175204,9.496826729846124
2.1972245773362196,1.6094379124341003,7.032235836086242
2.833213344056216,2.5649493574615367,9.248207284539456
5.8971538676367405,0.6931471805599453,4.956108708074887
4.406719247264253,0.6931471805599453,3.985830932572866
3.9889840465642745,1.791759469228055,8.192005840278435
3.1780538303479458,1.3862943611198906,6.880466298744467
5.153291594497779,0.6931471805599453,6.167222946760261
5.247024072160486,1.9459101490553132,6.909024473214282
5.805134968916488,0.6931471805599453,5.5254529391317835
2.5649493574615367,1.791759469228055,6.804093319959892
5.056245805348308,1.0986122886681098,4.804021044733257
3.5263605246161616,2.995732273553991,9.599623251229634
2.5649493574615367,2.4849066497880004,8.3002106222155
3.828641396489095,1.3862943611198906,4.149936935645806
5.455321115357702,0.6931471805599453,5.591098914544516
4.174387269895637,2.1972245773362196,7.561407708843943
1.0986122886681098,0.6931471805599453,5.842094090453713
3.713572066704308,2.1972245773362196,8.006767487671574
3.5263605246161616,1.0986122886681098,5.988936353919148
4.442651256490317,0.6931471805599453,6.023471805742962
3.258096538021482,0.6931471805599453,6.089044875446846
1.0986122886681098,1.3862943611198906,6.600373773909423
3.5263605246161616,1.0986122886681098,5.006894974480533
2.995732273553991,2.1972245773362196,7.7954531019895175
5.541263545158426,0.6931471805599453,5.4395130632148145
3.1780538303479458,2.4849066497880004,8.284907982184745
3.1354942159291497,1.6094379124341003,7.3120930852576205
2.1972245773362196,1.0986122886681098,7.587508155013856
3.258096538021482,1.6094379124341003,7.356107447892678
2.995732273553991,1.3862943611198906,6.695267255355902
5.159055299214529,1.6094379124341003,6.222377835686553
5.099866427824199,0.6931471805599453,4.717784330357226
2.0794415416798357,0.6931471805599453,6.290568639224737
2.4849066497880004,0.6931471805599453,5.367376902479531
4.74493212836325,0.6931471805599453,4.455857782801083
5.666426688112432,0.6931471805599453,4.858726543710496
2.302585092994046,2.302585092994046,8.174057603899483
4.007333185232471,1.0986122886681098,5.669777469353516
2.0794415416798357,2.70805020110221,8.499355033286358
4.356708826689592,1.3862943611198906,7.428012287090657
1.6094379124341003,1.6094379124341003,6.357200812987149
3.6375861597263857,0.6931471805599453,6.080070485442007
5.384495062789089,0.6931471805599453,4.512177319138927
4.110873864173311,0.6931471805599453,6.06362240473809
5.631211781821365,0.6931471805599453,5.38541207339897
2.5649493574615367,2.833213344056216,8.475508324728846
3.2188758248682006,0.6931471805599453,5.637535828837275
3.4011973816621555,0.6931471805599453,6.152541187005974
2.5649493574615367,1.6094379124341003,6.686597255202886
5.8664680569332965,0.6931471805599453,4.909340575944674
3.1354942159291497,1.6094379124341003,7.245255558414779
3.9318256327243257,1.0986122886681098,5.159974416926292
2.995732273553991,0.6931471805599453,5.231162091360629
1.3862943611198906,1.3862943611198906,6.6323837861074395
4.653960350157523,1.791759469228055,7.227451873789157
2.0794415416798357,2.5649493574615367,8.33082023879011
2.5649493574615367,1.6094379124341003,6.47916994643317
1.791759469228055,2.0794415416798357,7.837720093003111
3.4965075614664802,1.0986122886681098,6.383827529337818
5.187385805840755,1.6094379124341003,6.517139373724178
3.6635616461296463,0.6931471805599453,6.826946444575113
5.0238805208462765,1.3862943611198906,5.5602199860123305
5.093750200806762,0.6931471805599453,4.852811208902689
4.248495242049359,1.0986122886681098,5.794841205603168
4.804021044733257,2.6390573296152584,8.20978992835222
3.258096538021482,1.3862943611198906,6.527826330017913
3.2188758248682006,1.6094379124341003,6.581831214273488
5.181783550292085,0.6931471805599453,6.123150487933357
3.9318256327243257,1.6094379124341003,6.818574277330894
5.54907608489522,1.3862943611198906,6.172806457538428
3.871201010907891,0.6931471805599453,5.965069235748451
4.276666119016055,0.6931471805599453,5.302309387817574
2.833213344056216,1.791759469228055,7.48030421490088
4.624972813284271,1.791759469228055,7.249634301131203
3.58351893845611,0.6931471805599453,5.785577492291319
3.9889840465642745,0.6931471805599453,5.487614537078416
3.332204510175204,1.0986122886681098,6.636917213055248
2.4849066497880004,2.70805020110221,8.821372434155471
2.1972245773362196,2.302585092994046,7.16924993468027
4.382026634673881,0.6931471805599453,3.901568547524287
3.970291913552122,0.6931471805599453,5.381692975469088
3.6109179126442243,1.791759469228055,7.089434963153261
4.127134385045092,2.302585092994046,7.9797360766493295
5.823045895483019,0.6931471805599453,4.6611723761033765
3.367295829986474,1.6094379124341003,6.998217362097996
5.220355825078324,0.6931471805599453,5.702047637362485
3.970291913552122,0.6931471805599453,4.731450351898421
2.3978952727983707,2.6390573296152584,7.373028989779162
3.6109179126442243,1.0986122886681098,5.278879672655561
2.3978952727983707,3.1780538303479458,9.249632236444302
3.5263605246161616,1.6094379124341003,6.656534989127213
2.4849066497880004,0.6931471805599453,5.821269170111868
4.060443010546419,1.3862943611198906,7.348703354335633
1.6094379124341003,1.6094379124341003,7.165516658717914
3.784189633918261,2.302585092994046,8.2189380876069
4.955827057601261,0.6931471805599453,5.7105263501895465
4.770684624465665,1.6094379124341003,6.3786468723710446
4.653960350157523,1.6094379124341003,7.336455026785429
4.330733340286331,1.0986122886681098,6.517375808292013
1.791759469228055,2.302585092994046,7.962499271193586
3.828641396489095,1.0986122886681098,7.079479212140812
2.833213344056216,2.1972245773362196,8.097520633770152
2.8903717578961645,0.6931471805599453,5.499419786985366
4.51085950651685,1.0986122886681098,6.587219381659278
3.9889840465642745,0.6931471805599453,5.413251904640136
4.90527477843843,0.6931471805599453,6.055190237988527
1.6094379124341003,2.772588722239781,9.426830639200185
4.663439094112067,1.6094379124341003,7.543379273298417
5.262690188904886,1.3862943611198906,6.499787040655854
5.117993812416755,1.6094379124341003,6.6902706855196055
2.995732273553991,0.6931471805599453,6.418381249016855
5.0689042022202315,1.3862943611198906,6.106220784406171
5.3230099791384085,1.0986122886681098,6.4622491213367885
5.820082930352362,1.0986122886681098,6.705639094860003
3.6375861597263857,1.3862943611198906,6.472809865551464
4.5217885770490405,0.6931471805599453,5.825232851462975
4.543294782270004,1.0986122886681098,6.7781476070590925
2.302585092994046,1.0986122886681098,6.828203284222655
5.497168225293202,0.6931471805599453,6.330914488818843
3.828641396489095,1.6094379124341003,6.619406317542652
3.1780538303479458,0.6931471805599453,3.4339872044851463
5.25227342804663,1.791759469228055,6.932545447789356
3.8066624897703196,0.6931471805599453,5.7283124723994785
3.258096538021482,2.302585092994046,7.378920733047961
5.762051382780177,1.0986122886681098,5.739149618493492
4.672828834461906,0.6931471805599453,4.935480620495495
3.9512437185814275,0.6931471805599453,5.959535187313809
5.1298987149230735,1.0986122886681098,7.706707376439049
3.713572066704308,0.6931471805599453,5.711486059041233
5.389071729816501,0.6931471805599453,4.34795265434013
3.713572066704308,1.6094379124341003,6.529915065486092
5.697093486505405,0.6931471805599453,5.159342614257448
2.995732273553991,2.0794415416798357,7.885378147031288
4.48863636973214,1.6094379124341003,7.911041721056532
4.30406509320417,1.791759469228055,7.802863231588385
4.406719247264253,1.3862943611198906,5.782870880975165
2.995732273553991,1.3862943611198906,8.142284446073054
3.912023005428146,0.6931471805599453,6.489554414321968
3.9889840465642745,0.6931471805599453,5.868449096211435
3.2188758248682006,1.6094379124341003,6.6622127327244485
2.302585092994046,1.3862943611198906,7.1964468417270915
3.258096538021482,1.791759469228055,7.263441734527154
4.770684624465665,0.6931471805599453,5.271716684750857
2.302585092994046,2.302585092994046,8.004398964555403
4.795790545596741,1.0986122886681098,5.541655625147766
1.6094379124341003,1.0986122886681098,5.48380058667957
5.53338948872752,0.6931471805599453,4.925803358579558
3.367295829986474,0.6931471805599453,5.25770368366274
0.6931471805599453,2.70805020110221,8.776537515836264
5.5909869805108565,1.0986122886681098,6.018544551511725
3.5263605246161616,2.1972245773362196,7.905482208709709
2.9444389791664403,0.6931471805599453,5.738666876509702
5.153291594497779,1.0986122886681098,6.54776054491873
1.0986122886681098,1.6094379124341003,7.333023014386481
5.583496308781699,0.6931471805599453,5.358941988364472
4.948759890378168,1.6094379124341003,7.738322531443156
5.308267697401205,0.6931471805599453,4.970507503005476
4.174387269895637,1.6094379124341003,6.967494803332995
3.58351893845611,1.6094379124341003,6.822175603890787
3.7376696182833684,2.0794415416798357,8.082170531065747
5.652489180268651,0.6931471805599453,4.899703733388974
2.302585092994046,1.791759469228055,6.978549194282216
4.969813299576001,1.0986122886681098,5.879694646264972
2.5649493574615367,1.0986122886681098,5.802209005711098
4.990432586778736,1.6094379124341003,7.00498180324312
5.459585514144159,0.6931471805599453,5.01926462079431
3.5263605246161616,2.6390573296152584,8.523387964129368
3.2188758248682006,0.6931471805599453,6.3964795539357615
2.5649493574615367,0.6931471805599453,6.157826084323207
3.6109179126442243,1.791759469228055,7.701747294844882
5.902633333401366,0.6931471805599453,5.255931650051599
5.308267697401205,1.0986122886681098,5.390212631252292
2.772588722239781,0.6931471805599453,6.031286041294654
2.8903717578961645,2.0794415416798357,8.548703486314981
5.365976015021851,0.6931471805599453,4.454347296253507
4.204692619390966,1.3862943611198906,7.022761128491225
5.3612921657094255,1.0986122886681098,5.68738205328842
5.648974238161206,0.6931471805599453,5.095588999976419
4.7535901911063645,1.0986122886681098,7.200760657465263
2.772588722239781,2.1972245773362196,7.080968816745364
2.995732273553991,2.833213344056216,8.479163129156776
4.204692619390966,0.6931471805599453,6.109514213881797
3.912023005428146,0.6931471805599453,5.049086480470509
2.833213344056216,1.6094379124341003,6.655388868991024
4.3694478524670215,0.6931471805599453,3.5779478934066544
2.995732273553991,1.6094379124341003,6.999048309928502
4.90527477843843,0.6931471805599453,5.287660786359508
2.6390573296152584,1.3862943611198906,6.85397468329749
3.713572066704308,0.6931471805599453,4.979213424087916
5.4638318050256105,1.3862943611198906,10.70403741211812
1.3862943611198906,2.1972245773362196,7.809561616655318
3.713572066704308,2.0794415416798357,7.873826161018318
5.723585101952381,0.6931471805599453,4.384523514872469
3.9512437185814275,1.3862943611198906,6.130291269692714
2.3978952727983707,1.9459101490553132,7.768639003584553
4.127134385045092,1.6094379124341003,6.271007335271311
4.204692619390966,1.0986122886681098,6.572869782822179
3.258096538021482,0.6931471805599453,5.32908902521479
5.389071729816501,1.3862943611198906,5.537491734934774
4.189654742026425,1.0986122886681098,6.371184405464288
3.4965075614664802,1.0986122886681098,6.992022895300703
4.48863636973214,1.9459101490553132,8.095894389365505
4.174387269895637,0.6931471805599453,5.755932068980957
4.762173934797756,1.3862943611198906,6.434273608356567
2.0794415416798357,3.295836866004329,10.937627451213288
1.9459101490553132,0.6931471805599453,6.4562671745616536
4.248495242049359,0.6931471805599453,5.605066501717044
5.5053315359323625,0.6931471805599453,4.662495252607361
4.897839799950911,0.6931471805599453,5.491496433342773
5.488937726156687,1.6094379124341003,6.954743821204941
5.220355825078324,1.3862943611198906,6.166005916582974
3.258096538021482,1.3862943611198906,5.847767371850795
2.3978952727983707,1.3862943611198906,7.869302319258532
2.4849066497880004,0.6931471805599453,5.510602174527371
3.5263605246161616,1.791759469228055,7.753610670940375
3.8501476017100584,1.3862943611198906,8.501063809486354
3.295836866004329,1.3862943611198906,6.839754772081388
5.883322388488279,0.6931471805599453,5.864483085347192
2.3978952727983707,0.6931471805599453,5.392490536565286
3.8066624897703196,1.0986122886681098,7.386278760989393
2.772588722239781,1.3862943611198906,6.873795104898541
5.017279836814924,0.6931471805599453,6.415113325649775
0.6931471805599453,2.1972245773362196,7.904559992078387
4.736198448394496,1.6094379124341003,7.70002355040989
4.343805421853684,1.3862943611198906,6.785745824587275
4.68213122712422,1.0986122886681098,6.548061497220062
3.8501476017100584,1.3862943611198906,6.97068312868461
4.969813299576001,0.6931471805599453,6.11461095192969
3.9512437185814275,0.6931471805599453,6.032654473932845
0.6931471805599453,2.6390573296152584,8.344597781932357
3.1780538303479458,2.8903717578961645,8.61053416087066
3.8501476017100584,1.3862943611198906,6.666422298467717
3.9318256327243257,1.3862943611198906,6.807824440357088
5.726847747587197,1.6094379124341003,8.20310417107402
3.6109179126442243,1.791759469228055,6.247597901247849
4.382026634673881,1.6094379124341003,7.239200616174941
3.1354942159291497,1.9459101490553132,7.705091289043697
4.68213122712422,1.791759469228055,7.496730126604398
5.342334251964811,1.0986122886681098,7.173889351861322
2.8903717578961645,1.6094379124341003,7.573700826991937
4.174387269895637,1.791759469228055,7.65045423837133
3.912023005428146,1.6094379124341003,7.552998152884997
5.771441123130016,0.6931471805599453,5.337441921232086
3.8066624897703196,1.0986122886681098,6.349069058864647
1.3862943611198906,1.0986122886681098,6.787247283994098
5.921578419643816,0.6931471805599453,2.772588722239781
5.153291594497779,0.6931471805599453,6.2802834730968256
4.04305126783455,1.3862943611198906,7.411743581448863
4.30406509320417,2.70805020110221,7.515938076938256
4.605170185988092,1.0986122886681098,6.456989411643809
3.6635616461296463,0.6931471805599453,6.3578422665081
4.07753744390572,1.3862943611198906,6.67914682223686
5.541263545158426,0.6931471805599453,6.7307674724187825
4.2626798770413155,1.6094379124341003,7.708028915009937
3.8066624897703196,1.6094379124341003,6.861805576878038
3.9318256327243257,0.6931471805599453,4.929931256681293
4.189654742026425,0.6931471805599453,5.97375871998905
2.4849066497880004,2.995732273553991,10.423592390918046
3.5263605246161616,1.3862943611198906,6.9560596108684605
4.0943445622221,1.0986122886681098,5.876502528638301
4.30406509320417,1.6094379124341003,7.110745101371203
5.720311776607412,0.6931471805599453,4.787074989285704
3.8501476017100584,0.6931471805599453,4.880830283212546
2.9444389791664403,2.1972245773362196,8.219533507739182
3.6635616461296463,1.0986122886681098,5.966838807281578
2.995732273553991,1.0986122886681098,5.463323201132304
5.236441962829949,1.0986122886681098,5.085804607589853
3.970291913552122,0.6931471805599453,4.716711560720999
1.6094379124341003,2.5649493574615367,7.996357635020928
4.927253685157205,1.791759469228055,6.569817969665846
1.6094379124341003,3.332204510175204,9.689343385018718
2.995732273553991,0.6931471805599453,5.697093486505405
2.833213344056216,1.791759469228055,7.264429222920369
3.7376696182833684,2.1972245773362196,6.87332945196712
2.5649493574615367,2.1972245773362196,8.054497196253768
2.1972245773362196,1.6094379124341003,6.726089507114236
3.295836866004329,1.0986122886681098,4.246206911531347
3.1354942159291497,1.9459101490553132,7.569060853685923
3.7376696182833684,1.3862943611198906,6.798085491736212
4.624972813284271,0.6931471805599453,5.3607756003876466
1.791759469228055,2.772588722239781,8.24568363596401
5.627621113690637,1.0986122886681098,5.014892884348897
3.5263605246161616,0.6931471805599453,5.864880394998529
2.772588722239781,1.0986122886681098,5.759690106594497
4.174387269895637,2.0794415416798357,8.390922235063499
1.0986122886681098,1.0986122886681098,6.197115999797643
5.91350300563827,0.6931471805599453,5.799183559419454
5.746203190540153,1.791759469228055,6.2193767104972935
5.298317366548036,1.6094379124341003,6.248738957138337
1.0986122886681098,1.0986122886681098,5.9851446183631625
4.543294782270004,1.3862943611198906,5.9410918814433105
4.110873864173311,0.6931471805599453,5.204501070343752
4.406719247264253,0.6931471805599453,5.131731354140141
5.062595033026967,1.0986122886681098,6.042799090644775
5.429345628954441,0.6931471805599453,6.239651868861624
5.537334267018537,1.0986122886681098,5.557792847109637
5.017279836814924,0.6931471805599453,5.1939008496276085
5.272999558563747,1.0986122886681098,5.345153241385068
0.6931471805599453,1.791759469228055,7.233332667405506
5.91350300563827,0.6931471805599453,4.047427642434349
3.2188758248682006,0.6931471805599453,5.8238739549140215
2.8903717578961645,1.3862943611198906,5.86570289174782
2.3978952727983707,2.0794415416798357,8.54242419563319
2.1972245773362196,0.6931471805599453,5.110058217087329
3.044522437723423,2.0794415416798357,7.357996155136706
1.6094379124341003,1.3862943611198906,6.784140270382827
5.1647859739235145,0.6931471805599453,5.262379259742407
0.6931471805599453,2.1972245773362196,7.114671882631472
5.187385805840755,1.0986122886681098,5.582066715972105
2.833213344056216,2.1972245773362196,7.3157904150707145
5.517452896464707,0.6931471805599453,4.821087692210561
5.2574953720277815,1.0986122886681098,5.814816863409831
3.044522437723423,1.0986122886681098,6.266612140168987
5.043425116919247,1.6094379124341003,5.126935749792416
5.159055299214529,0.6931471805599453,5.780836104098492
5.924255797414532,0.6931471805599453,5.914853444736141
5.924255797414532,0.6931471805599453,4.852655068688459
5.272999558563747,0.6931471805599453,5.3382589736409845
4.219507705176107,0.6931471805599453,6.058258335716989
1.6094379124341003,2.1972245773362196,7.822793226449505
3.091042453358316,1.3862943611198906,7.010726943606016
5.480638923341991,1.0986122886681098,6.035146448194105
4.174387269895637,0.6931471805599453,4.986001013137895
4.727387818712341,1.791759469228055,6.0053181413965175
4.51085950651685,2.772588722239781,8.718665202103209
5.7430031878094825,0.6931471805599453,3.6054978451748854
4.90527477843843,0.6931471805599453,5.8243468240563
5.627621113690637,0.6931471805599453,5.787204082795274
5.902633333401366,0.6931471805599453,5.204006687076795
4.430816798843313,0.6931471805599453,7.443804106257556
2.1972245773362196,1.0986122886681098,6.863008927569726
2.8903717578961645,1.0986122886681098,5.901868013296226
3.4965075614664802,1.6094379124341003,7.464916628675443
2.302585092994046,1.0986122886681098,6.56416577459204
3.5553480614894135,1.6094379124341003,6.663017746855669
2.772588722239781,2.1972245773362196,7.413536199603394
3.2188758248682006,2.70805020110221,8.393274873346142
3.4965075614664802,0.6931471805599453,6.063529362008149
4.31748811353631,0.6931471805599453,4.6572881402501976
3.044522437723423,1.0986122886681098,6.156470381692249
2.8903717578961645,1.6094379124341003,6.696873740958812
3.1780538303479458,1.0986122886681098,5.988159090099256
1.3862943611198906,1.3862943611198906,6.502939959715469
5.720311776607412,0.6931471805599453,5.752890048763229
2.9444389791664403,2.5649493574615367,8.343042164747578
5.908082938168931,0.6931471805599453,5.732758582892719
3.6888794541139363,2.0794415416798357,8.14414202904651
4.442651256490317,0.6931471805599453,5.91892073563227
5.111987788356544,1.0986122886681098,6.0606174057962985
2.8903717578961645,1.0986122886681098,6.961987749755856
4.356708826689592,0.6931471805599453,7.002865438783795
4.499809670330265,1.3862943611198906,7.783165681301249
3.258096538021482,2.1972245773362196,8.134315065980752
3.1354942159291497,1.6094379124341003,7.29037473448544
1.3862943611198906,2.3978952727983707,7.930792365795113
4.820281565605037,1.0986122886681098,7.04177905036834
3.4339872044851463,0.6931471805599453,5.1306085221219275
2.5649493574615367,2.0794415416798357,7.268062617779592
2.995732273553991,0.6931471805599453,5.061201657666944
3.8066624897703196,1.0986122886681098,6.675961925760257
1.6094379124341003,0.6931471805599453,3.76096753050819
2.302585092994046,2.0794415416798357,7.929727674940442
4.02535169073515,0.6931471805599453,6.028928911090341
4.48863636973214,1.9459101490553132,6.940783782995926
3.6375861597263857,1.791759469228055,8.033080901435286
1.3862943611198906,1.3862943611198906,9.4250242408686
3.4339872044851463,1.791759469228055,7.914387503517288
2.5649493574615367,1.6094379124341003,6.3625279784987825
5.356586274672012,0.6931471805599453,4.628886712605407
3.8918202981106265,1.6094379124341003,7.435325919136224
3.2188758248682006,1.3862943611198906,6.173327665501776
3.1354942159291497,1.6094379124341003,6.880497128211273
5.5093883366279774,1.3862943611198906,5.974826905954958
2.1972245773362196,2.833213344056216,8.1178970162536
3.58351893845611,1.3862943611198906,7.255796055544432
1.6094379124341003,3.871201010907891,10.522223638082181
3.6635616461296463,1.3862943611198906,6.473628316254615
1.6094379124341003,1.3862943611198906,6.55897764050377
1.3862943611198906,2.1972245773362196,7.290640707350956
3.871201010907891,0.6931471805599453,5.360728626669434
3.6888794541139363,1.0986122886681098,6.015913227510292
3.871201010907891,2.302585092994046,8.239392800596635
2.8903717578961645,1.3862943611198906,6.747598263849638
5.564520407322694,0.6931471805599453,6.402961427447865
3.8501476017100584,1.3862943611198906,6.58037557967181
2.5649493574615367,0.6931471805599453,5.5295481280448655
3.4339872044851463,0.6931471805599453,6.0882736030360425
3.784189633918261,0.6931471805599453,5.468439815884993
4.532599493153256,1.9459101490553132,6.841209411138237
3.6888794541139363,4.1588830833596715,11.300373622940477
5.739792912179234,0.6931471805599453,5.805857599322498
4.532599493153256,1.0986122886681098,6.3079162755558436
1.9459101490553132,3.044522437723423,9.080211185280058
5.2832037287379885,1.3862943611198906,6.083815808172168
4.477336814478207,1.0986122886681098,6.633213164581927
5.602118820879701,1.3862943611198906,6.752293740354778
2.1972245773362196,1.3862943611198906,6.1586301640127346
4.189654742026425,1.3862943611198906,7.181249680723068
3.4657359027997265,1.3862943611198906,8.060666341057626
3.1354942159291497,1.791759469228055,7.071972265963926
3.6635616461296463,1.6094379124341003,6.652850126044293
4.795790545596741,1.6094379124341003,7.201692745596426
5.924255797414532,1.0986122886681098,5.550786683244073
3.713572066704308,1.3862943611198906,6.980829145204009
5.1647859739235145,0.6931471805599453,4.933754249760298
4.007333185232471,0.6931471805599453,5.894568109862285
3.5263605246161616,1.0986122886681098,7.321816666315659
4.983606621708336,0.6931471805599453,6.665556321132768
5.402677381872279,0.6931471805599453,4.911183215124596
3.828641396489095,0.6931471805599453,6.479661052813611
2.833213344056216,2.0794415416798357,7.724941441452005
4.204692619390966,1.9459101490553132,7.282183693304844
2.3978952727983707,1.6094379124341003,7.051526564493091
5.564520407322694,0.6931471805599453,5.818063087688587
5.902633333401366,0.6931471805599453,5.908463300604576
2.8903717578961645,1.791759469228055,7.327806819285222
3.1354942159291497,1.0986122886681098,6.748935381973274
3.828641396489095,0.6931471805599453,5.790693846645498
5.666426688112432,0.6931471805599453,6.3721587062242255
5.697093486505405,0.6931471805599453,4.8154311114712876
1.3862943611198906,2.3978952727983707,7.712323075642278
5.652489180268651,0.6931471805599453,4.384523514872469
2.8903717578961645,1.3862943611198906,7.210079628170788
4.418840607796598,1.0986122886681098,5.385228738537333
4.04305126783455,1.791759469228055,7.93752468491442
4.624972813284271,1.0986122886681098,7.184341014166175
5.703782474656201,0.6931471805599453,6.0803450096018565
3.1780538303479458,1.791759469228055,6.890110521808668
4.0943445622221,1.791759469228055,7.023215619268875
5.049856007249537,1.0986122886681098,5.755932068980957
4.7535901911063645,1.3862943611198906,6.707913129070193
4.68213122712422,0.6931471805599453,2.8903717578961645
2.5649493574615367,1.6094379124341003,6.984003102876341
5.579729825986222,0.6931471805599453,5.773370724425878
5.484796933490655,0.6931471805599453,5.226015454792631
4.48863636973214,2.0794415416798357,7.604211977042565
3.9318256327243257,1.3862943611198906,6.597009266931805
4.276666119016055,0.6931471805599453,7.16371445923797
3.7612001156935624,1.3862943611198906,7.519225917888408
2.0794415416798357,1.9459101490553132,7.265877175579781
4.143134726391533,0.6931471805599453,5.701145668001697
5.521460917862246,0.6931471805599453,5.822927545284644
4.204692619390966,0.6931471805599453,4.694828057918627
2.9444389791664403,2.0794415416798357,8.072517290105589
4.454347296253507,0.6931471805599453,6.737559901986023
5.393627546352362,1.0986122886681098,6.418169158208565
3.828641396489095,1.3862943611198906,7.186863198213779
4.969813299576001,1.6094379124341003,5.281883060084612
5.214935757608986,0.6931471805599453,5.089939267434301
5.147494476813453,0.6931471805599453,4.918154441302091
2.3978952727983707,2.1972245773362196,7.415704770642627
5.3612921657094255,0.6931471805599453,6.419636557751217
5.25227342804663,0.6931471805599453,5.451939335203601
2.1972245773362196,1.0986122886681098,6.050582151591071
4.0943445622221,1.6094379124341003,7.1778892807139885
4.060443010546419,1.0986122886681098,6.751873100976731
4.30406509320417,1.6094379124341003,6.530031789055632
3.970291913552122,0.6931471805599453,5.732629049213781
5.762051382780177,0.6931471805599453,5.521460917862246
5.908082938168931,0.6931471805599453,5.671087091818059
3.4011973816621555,1.6094379124341003,8.74652078208272
3.6888794541139363,0.6931471805599453,6.488064463609991
2.9444389791664403,1.791759469228055,7.53967578152618
3.970291913552122,1.9459101490553132,8.162670216045587
1.6094379124341003,3.5263605246161616,9.588094383116912
3.1354942159291497,1.0986122886681098,6.428250657915328
5.575949103146316,0.6931471805599453,6.251036455035743
4.110873864173311,1.3862943611198906,6.5658000381285
2.995732273553991,1.3862943611198906,6.455843009727984
4.204692619390966,1.0986122886681098,6.587797917978567
4.48863636973214,0.6931471805599453,6.431974996958947
5.5254529391317835,0.6931471805599453,6.284768288327816
1.3862943611198906,1.9459101490553132,7.793974357128903
5.5134287461649825,0.6931471805599453,5.171619713502079
2.302585092994046,2.4849066497880004,8.242885284769901
5.062595033026967,1.3862943611198906,6.600047354321349
4.90527477843843,0.6931471805599453,5.929589143389895
5.6937321388027,0.6931471805599453,4.34795265434013
1.791759469228055,1.0986122886681098,5.640203493013329
3.784189633918261,1.791759469228055,7.627554127539443
5.598421958998375,0.6931471805599453,7.512093103520083
3.9318256327243257,1.791759469228055,7.5094612854730665
2.302585092994046,2.302585092994046,8.03690970502951
2.833213344056216,1.3862943611198906,6.488733695691184
5.645446897643238,0.6931471805599453,5.855644823965447
4.189654742026425,1.0986122886681098,6.933851783703411
1.0986122886681098,2.995732273553991,8.618787222769154
5.53338948872752,0.6931471805599453,3.648057459593681
5.4510384535657,1.0986122886681098,6.754137790316538
2.8903717578961645,1.3862943611198906,6.713539262741108
2.4849066497880004,3.332204510175204,8.239751836694179
2.1972245773362196,1.6094379124341003,7.5087707231305965
3.9512437185814275,1.9459101490553132,7.542239973976665
4.0943445622221,0.6931471805599453,4.3067641501733345
4.564348191467836,1.791759469228055,7.039844382006876
2.833213344056216,1.9459101490553132,7.257933162659462
4.844187086458591,1.3862943611198906,6.918250016074778
4.553876891600541,1.6094379124341003,6.945619303018016
3.9318256327243257,0.6931471805599453,5.807992328556631
4.9344739331306915,0.6931471805599453,5.292802185859927
4.127134385045092,0.6931471805599453,5.379113636376126
4.61512051684126,2.1972245773362196,9.235538222765896
4.30406509320417,0.6931471805599453,5.725348252570762
4.290459441148391,1.6094379124341003,8.797646700642568
4.219507705176107,0.6931471805599453,5.828092312472438
4.174387269895637,1.9459101490553132,7.055994233228931
2.8903717578961645,1.0986122886681098,6.273650292389248
3.1780538303479458,2.5649493574615367,8.296032672592768
3.4965075614664802,2.772588722239781,8.841077965865253
3.828641396489095,1.6094379124341003,6.890466688844595
2.833213344056216,1.0986122886681098,5.3774981644224775
3.713572066704308,0.6931471805599453,5.37564870948436
1.3862943611198906,2.6390573296152584,8.552853728502956
5.472270673671475,0.6931471805599453,5.754000190816819
4.330733340286331,0.6931471805599453,5.995658241267266
1.6094379124341003,1.0986122886681098,6.9752924247476935
1.3862943611198906,1.6094379124341003,7.530732109384843
5.8916442118257715,0.6931471805599453,5.903370766348874
4.0943445622221,1.6094379124341003,6.386710955021814
3.1780538303479458,0.6931471805599453,5.953710757496066
3.4657359027997265,1.6094379124341003,6.631514175005942
4.02535169073515,1.6094379124341003,6.287970078106996
3.258096538021482,0.6931471805599453,5.979847327767791
3.828641396489095,1.0986122886681098,6.500177941687698
4.499809670330265,1.791759469228055,7.724720580712637
1.0986122886681098,2.9444389791664403,9.956426242517606
4.499809670330265,0.6931471805599453,6.306311782632405
2.995732273553991,1.0986122886681098,6.538631743276411
4.382026634673881,0.6931471805599453,5.075173815233827
5.147494476813453,1.3862943611198906,6.969555679887584
4.406719247264253,0.6931471805599453,5.494500736279464
5.5909869805108565,0.6931471805599453,6.819939942540059
5.4638318050256105,1.0986122886681098,5.721131112990814
3.4339872044851463,2.0794415416798357,8.034527333444103
3.6375861597263857,1.3862943611198906,6.759092844480235
5.765191102784844,0.6931471805599453,6.652282215552372
4.060443010546419,1.6094379124341003,7.167269331605997
3.828641396489095,1.791759469228055,7.000626122386744
5.318119993844216,1.3862943611198906,5.545646084650602
5.420534999272286,0.6931471805599453,5.753270807747395
4.477336814478207,1.0986122886681098,6.91928851479581
5.25227342804663,1.0986122886681098,6.297164567026571
3.8066624897703196,1.6094379124341003,6.89960213222575
4.276666119016055,1.3862943611198906,6.287263587661711
3.7376696182833684,1.791759469228055,6.766548793757163
4.3694478524670215,0.6931471805599453,6.071199515126835
4.060443010546419,1.0986122886681098,6.028760331851679
3.2188758248682006,1.0986122886681098,8.221425182381026
2.3978952727983707,2.6390573296152584,7.859918818329966
2.1972245773362196,2.0794415416798357,8.183358274009397
3.5553480614894135,1.0986122886681098,6.016401032398013
5.3612921657094255,1.0986122886681098,7.328929680795481
3.2188758248682006,1.3862943611198906,7.254644498519316
5.14166355650266,0.6931471805599453,4.749789875598035
4.143134726391533,0.6931471805599453,5.036562916106171
3.9889840465642745,1.791759469228055,7.496136211716589
5.568344503761097,1.0986122886681098,5.967274308306765
4.219507705176107,1.0986122886681098,8.21198781204284
2.8903717578961645,2.1972245773362196,7.871276864694926
5.5909869805108565,0.6931471805599453,6.624636113950167
5.181783550292085,0.6931471805599453,3.8701588013294472
3.828641396489095,1.791759469228055,8.557280836367838
3.9512437185814275,0.6931471805599453,6.9435566914455205
2.8903717578961645,1.6094379124341003,6.592414198536382
2.302585092994046,2.302585092994046,8.60300384782935
4.31748811353631,2.0794415416798357,6.760287220618741
4.276666119016055,1.0986122886681098,6.5052607543188055
5.869296913133774,0.6931471805599453,7.040746525754151
1.3862943611198906,1.791759469228055,7.248247994066157
4.770684624465665,0.6931471805599453,6.022720936758536
5.924255797414532,0.6931471805599453,5.865759590732924
5.288267030694535,0.6931471805599453,6.329489149614112
5.181783550292085,0.6931471805599453,6.69900760795166
4.61512051684126,0.6931471805599453,6.34102927325157
3.091042453358316,1.3862943611198906,7.315737217214576
4.290459441148391,0.6931471805599453,7.6319455965067835
5.831882477283517,0.6931471805599453,5.13167228913909
1.9459101490553132,1.791759469228055,7.359983100544423
3.4657359027997265,1.0986122886681098,6.70156716831734
5.14166355650266,0.6931471805599453,4.966335035199676
4.812184355372417,0.6931471805599453,5.7145575478241595
3.1354942159291497,2.3978952727983707,7.718681050744145
2.3978952727983707,1.6094379124341003,7.192595818099261
5.598421958998375,0.6931471805599453,5.713402718033191
3.1780538303479458,1.3862943611198906,6.3955954322030095
4.852030263919617,0.6931471805599453,5.4562608446139915
3.295836866004329,1.3862943611198906,8.587023312312065
4.941642422609304,0.6931471805599453,5.8922517620363895
5.3706380281276624,1.9459101490553132,6.450896871486089
3.6635616461296463,1.6094379124341003,7.848153086199526
4.672828834461906,1.0986122886681098,6.56183656455249
2.9444389791664403,1.0986122886681098,6.425290328985104
1.3862943611198906,1.0986122886681098,5.617316403505768
5.805134968916488,0.6931471805599453,5.426578646492048
4.174387269895637,2.1972245773362196,7.986134247619265
4.795790545596741,1.3862943611198906,7.202400551985058
3.58351893845611,0.6931471805599453,5.796513573913885
5.389071729816501,0.6931471805599453,6.004874234017899
5.153291594497779,1.0986122886681098,6.946456626519212
4.290459441148391,1.791759469228055,5.92599225681032
0.6931471805599453,1.0986122886681098,5.792251122643809
5.2832037287379885,0.6931471805599453,5.339939041238856
4.859812404361672,1.3862943611198906,6.01515665936477
3.871201010907891,1.3862943611198906,6.38896468556185
1.9459101490553132,2.70805020110221,8.019685160202853
2.70805020110221,1.9459101490553132,8.248338107080782
2.9444389791664403,1.3862943611198906,5.533033694214862
3.367295829986474,2.0794415416798357,7.367582301776312
2.1972245773362196,3.1354942159291497,10.189711061801596
3.6375861597263857,0.6931471805599453,5.024209414123374
5.062595033026967,0.6931471805599453,5.374352052824034
5.652489180268651,0.6931471805599453,4.554403068934438
4.68213122712422,0.6931471805599453,6.28284601833824
3.258096538021482,1.6094379124341003,7.587244614343444
4.330733340286331,1.6094379124341003,5.778920868124441
2.833213344056216,1.0986122886681098,5.797819116582584
5.0689042022202315,0.6931471805599453,4.625952725170619
3.8066624897703196,0.6931471805599453,6.33940646897248
2.4849066497880004,1.0986122886681098,6.743411155418835
3.4965075614664802,2.0794415416798357,7.256050208475266
5.676753802268282,0.6931471805599453,3.9982007016691985
3.091042453358316,1.6094379124341003,7.018822480489789
5.811140992976701,0.6931471805599453,5.042779747422823
2.9444389791664403,1.0986122886681098,6.205446256629806
1.6094379124341003,3.1780538303479458,8.806380630235296
4.1588830833596715,1.0986122886681098,5.983432375410718
5.293304824724492,1.3862943611198906,5.360211770085627
3.5263605246161616,1.3862943611198906,6.492058000307724
0.6931471805599453,1.6094379124341003,7.615051882646502
2.0794415416798357,2.302585092994046,7.468467608353334
1.791759469228055,1.9459101490553132,8.146538122184259
2.3978952727983707,1.6094379124341003,6.793701530880624
3.4965075614664802,1.791759469228055,6.566658365006723
3.9889840465642745,0.6931471805599453,4.703747749349085
2.5649493574615367,1.0986122886681098,6.560733592071543
2.9444389791664403,2.302585092994046,7.340459348477051
2.995732273553991,0.6931471805599453,5.793927824507547
3.6375861597263857,1.0986122886681098,6.686697051867266
1.0986122886681098,1.0986122886681098,6.175680142411356
2.9444389791664403,1.3862943611198906,7.343691394505391
4.418840607796598,1.6094379124341003,7.172355503365555
3.5263605246161616,1.0986122886681098,5.876979193117597
4.204692619390966,1.0986122886681098,6.14789120635657
2.302585092994046,1.0986122886681098,6.883421601966684
5.5909869805108565,0.6931471805599453,6.51796665025898
5.5134287461649825,1.3862943611198906,5.897016495564267
1.6094379124341003,1.6094379124341003,7.677122485453491
4.127134385045092,0.6931471805599453,7.46402260994466
4.330733340286331,1.0986122886681098,6.46887815452873
4.51085950651685,1.0986122886681098,6.372466183037772
4.110873864173311,1.3862943611198906,6.320516463982851
3.4011973816621555,1.0986122886681098,5.715612226409778
5.780743515792329,0.6931471805599453,4.55765920331704
3.9889840465642745,1.6094379124341003,7.2320609449898114
5.602118820879701,0.6931471805599453,5.388569320525063
1.0986122886681098,2.6390573296152584,8.020257323488867
4.060443010546419,1.791759469228055,7.350092189866152
4.127134385045092,1.791759469228055,7.3018627998495145
5.043425116919247,1.0986122886681098,7.4423755513138445
2.995732273553991,1.0986122886681098,6.013764054602749
4.564348191467836,0.6931471805599453,5.720082242069654
0.6931471805599453,2.5649493574615367,8.318576385278623
5.583496308781699,1.0986122886681098,5.685109209390579
5.746203190540153,0.6931471805599453,5.184588601219693
4.2626798770413155,0.6931471805599453,6.095937168704513
5.713732805509369,1.0986122886681098,5.125450968524837
2.995732273553991,0.6931471805599453,5.045680635839056
2.6390573296152584,2.3978952727983707,7.640450042344582
3.6109179126442243,1.791759469228055,7.61282114893561
2.995732273553991,1.0986122886681098,5.3598827222061916
4.007333185232471,0.6931471805599453,4.919907930463299
4.060443010546419,0.6931471805599453,5.572914199451162
3.1354942159291497,1.0986122886681098,4.846153655430632
3.8066624897703196,0.6931471805599453,5.304647290242906
3.332204510175204,1.3862943611198906,6.958828549166138
3.828641396489095,1.3862943611198906,6.449079249540903
4.736198448394496,1.9459101490553132,6.866631155492188
2.8903717578961645,3.9512437185814275,10.454074128115597
3.258096538021482,0.6931471805599453,5.849670541490095
5.2574953720277815,0.6931471805599453,4.902010196224638
5.713732805509369,0.6931471805599453,5.716040372051703
1.0986122886681098,2.3978952727983707,7.530887637470042
5.575949103146316,1.0986122886681098,5.489185629310458
4.672828834461906,0.6931471805599453,5.654417145110872
4.060443010546419,0.6931471805599453,5.709930205242435
5.365976015021851,1.3862943611198906,6.436598985674353
4.174387269895637,0.6931471805599453,5.664348405410794
3.367295829986474,0.6931471805599453,5.221760243825881
3.4011973816621555,2.0794415416798357,7.321717517344248
1.9459101490553132,1.791759469228055,6.683798897410901
2.1972245773362196,1.791759469228055,8.20019764662707
4.219507705176107,1.0986122886681098,5.945944031806173
1.0986122886681098,1.3862943611198906,6.413950639550449
3.8501476017100584,1.6094379124341003,6.485657613592114
3.5553480614894135,0.6931471805599453,5.444623069137621
0.6931471805599453,1.0986122886681098,12.034533746376653
4.919980925828125,0.6931471805599453,5.548725829010259
5.293304824724492,0.6931471805599453,5.214881408306002
5.293304824724492,1.0986122886681098,6.563418195373777
5.017279836814924,0.6931471805599453,5.74594756681688
4.48863636973214,0.6931471805599453,5.590875033946567
3.828641396489095,1.0986122886681098,2.066862759472976
4.174387269895637,2.0794415416798357,7.518704931910683
4.605170185988092,1.791759469228055,7.677483798971011
5.389071729816501,0.6931471805599453,5.34405525822189
1.3862943611198906,2.9444389791664403,8.155861708321998
3.367295829986474,1.3862943611198906,6.699783551285148
5.187385805840755,0.6931471805599453,4.969257589642278
4.31748811353631,1.3862943611198906,4.919980925828125
3.091042453358316,1.6094379124341003,7.260803654865171
3.044522437723423,1.3862943611198906,7.169857970780942
3.5553480614894135,2.0794415416798357,7.375857100938276
4.31748811353631,0.6931471805599453,4.3294166844015844
3.2188758248682006,1.6094379124341003,6.440021072647094
3.970291913552122,1.6094379124341003,6.625087281686058
5.62040086571715,0.6931471805599453,5.4158781552871815
5.111987788356544,1.3862943611198906,5.759248716840184
2.0794415416798357,2.0794415416798357,7.5019933112128685
4.48863636973214,1.6094379124341003,6.301336101932016
4.174387269895637,2.0794415416798357,7.822228359929267
3.258096538021482,1.3862943611198906,5.805134968916488
2.3978952727983707,1.0986122886681098,5.709863944972069
4.343805421853684,0.6931471805599453,6.646767067319571
2.833213344056216,0.6931471805599453,5.400964203508179
5.262690188904886,0.6931471805599453,4.9441393028078915
5.1647859739235145,1.0986122886681098,6.004627533634263
4.356708826689592,0.6931471805599453,5.898937989430242
3.5263605246161616,1.3862943611198906,6.214208018400852
3.871201010907891,0.6931471805599453,6.596463340891223
4.394449154672439,1.6094379124341003,7.209806124401014
5.697093486505405,0.6931471805599453,6.7184453603705006
1.3862943611198906,1.3862943611198906,6.475833252811612
2.302585092994046,1.3862943611198906,7.378083855426812
3.9318256327243257,1.9459101490553132,7.99520213218973
5.087596335232384,1.0986122886681098,4.624678652376135
5.8888779583328805,1.0986122886681098,5.903862086371859
1.791759469228055,1.9459101490553132,5.996103769256407
4.68213122712422,1.6094379124341003,7.267476578065607
3.258096538021482,0.6931471805599453,6.14607226533442
3.4965075614664802,0.6931471805599453,6.657497435176356
3.044522437723423,1.0986122886681098,4.514150787600923
5.697093486505405,0.6931471805599453,5.8990750978146345
5.921578419643816,0.6931471805599453,5.517854422268135
3.1354942159291497,1.3862943611198906,6.8236451438627554
1.791759469228055,1.6094379124341003,6.774897944843427
3.970291913552122,1.791759469228055,7.393349244898962
3.4339872044851463,0.6931471805599453,4.631812116934513
5.627621113690637,0.6931471805599453,5.098035484377089
4.127134385045092,1.0986122886681098,6.1848084671836725
3.258096538021482,1.0986122886681098,5.37564870948436
5.231108616854587,1.3862943611198906,6.954228475339207
1.0986122886681098,3.091042453358316,9.150534102717932
1.0986122886681098,3.295836866004329,9.474890706788237
5.153291594497779,0.6931471805599453,5.674559615979298
4.406719247264253,0.6931471805599453,5.43398397796957
1.6094379124341003,0.6931471805599453,5.502930281242811
5.25227342804663,0.6931471805599453,6.123040904896701
3.1354942159291497,2.0794415416798357,7.127364592228089
2.9444389791664403,1.3862943611198906,8.81726815379798
2.995732273553991,1.3862943611198906,6.988237889884059
1.791759469228055,0.6931471805599453,6.388141149183067
4.709530201312334,0.6931471805599453,6.308316996859543
1.3862943611198906,1.6094379124341003,7.236922326134238
4.007333185232471,0.6931471805599453,4.792645108022841
5.111987788356544,0.6931471805599453,5.82982758150686
5.676753802268282,1.0986122886681098,6.669688427072551
2.3978952727983707,2.3978952727983707,8.302984604159606
4.700480365792417,1.791759469228055,7.740651358353913
4.574710978503383,1.3862943611198906,6.827759236886412
5.497168225293202,1.0986122886681098,5.9420904624901825
5.099866427824199,2.5649493574615367,8.651867430742618
3.7612001156935624,1.3862943611198906,6.73113742510486
3.58351893845611,1.0986122886681098,5.659098867029561
4.219507705176107,2.0794415416798357,8.106149552197078
3.2188758248682006,1.0986122886681098,5.644916721789165
0.6931471805599453,3.044522437723423,9.028757342403852
3.332204510175204,1.0986122886681098,6.736266831594512
1.9459101490553132,1.0986122886681098,6.238558972577978
4.007333185232471,0.6931471805599453,6.9835489723662585
5.8998973535824915,0.6931471805599453,5.163070217140011
2.772588722239781,1.791759469228055,6.422694863102173
5.272999558563747,1.0986122886681098,6.764577509305809
1.3862943611198906,0.6931471805599453,4.829912458665998
2.772588722239781,2.3978952727983707,8.226680449731173
3.332204510175204,1.3862943611198906,7.260304724743686
4.852030263919617,1.3862943611198906,6.918299492857808
4.454347296253507,1.0986122886681098,6.499200402451892
4.276666119016055,0.6931471805599453,6.11465515766318
5.214935757608986,0.6931471805599453,4.67133238824176
4.736198448394496,0.6931471805599453,5.751365561394358
5.926926025970411,0.6931471805599453,5.457242345535596
4.394449154672439,1.0986122886681098,6.842768657462584
5.521460917862246,0.6931471805599453,6.141929872924206
5.4510384535657,0.6931471805599453,5.421198495923853
4.276666119016055,1.3862943611198906,6.131748092555038
4.248495242049359,0.6931471805599453,5.368309738368072
1.6094379124341003,2.833213344056216,8.322316345810338
3.9512437185814275,1.3862943611198906,5.802209005711098
4.330733340286331,0.6931471805599453,5.204501070343752
4.127134385045092,0.6931471805599453,5.8893210734392785
2.833213344056216,1.0986122886681098,5.526050370196054
1.6094379124341003,0.6931471805599453,4.511298970378021
5.659482215759621,0.6931471805599453,4.98394902883375
1.6094379124341003,1.9459101490553132,6.702598982682314
3.7376696182833684,0.6931471805599453,5.495937960631161
3.6109179126442243,0.6931471805599453,6.271139649157846
4.330733340286331,1.0986122886681098,6.180989265398516
2.9444389791664403,2.70805020110221,8.116330476031974
2.772588722239781,2.0794415416798357,8.611495590853199
5.393627546352362,0.6931471805599453,4.339380059952409
5.231108616854587,0.6931471805599453,4.871296595474155
3.5263605246161616,1.6094379124341003,7.08058190121429
4.2626798770413155,0.6931471805599453,6.429057968967668
5.214935757608986,0.6931471805599453,6.228885686840323
2.772588722239781,1.0986122886681098,6.2174440732414
5.4680601411351315,0.6931471805599453,5.029457048336844
3.4657359027997265,1.791759469228055,7.881782701906185
5.579729825986222,0.6931471805599453,5.425874699962912
1.6094379124341003,1.0986122886681098,5.192734603972972
3.970291913552122,1.6094379124341003,6.70254987279894
5.5093883366279774,0.6931471805599453,4.870990011582737
4.406719247264253,1.0986122886681098,6.6989706432467875
5.62040086571715,0.6931471805599453,5.811380485254219
0.6931471805599453,2.8903717578961645,8.392559241748096
4.382026634673881,0.6931471805599453,5.780126041243535
3.4339872044851463,1.791759469228055,7.691222938742128
4.31748811353631,1.0986122886681098,6.01525431323072
2.8903717578961645,1.9459101490553132,7.966968171867508
5.4116460518550396,1.0986122886681098,5.388615004528817
3.4965075614664802,1.6094379124341003,7.052262466590724
3.1780538303479458,2.3978952727983707,7.427572358185583
3.4657359027997265,1.3862943611198906,7.137683760511223
4.672828834461906,0.6931471805599453,5.447168313280391
1.791759469228055,1.0986122886681098,6.535720111358577
5.5093883366279774,0.6931471805599453,6.191359942102381
5.187385805840755,1.0986122886681098,6.72716821708184
5.14166355650266,1.0986122886681098,5.37091705896238
3.784189633918261,0.6931471805599453,5.675588740285419
4.290459441148391,0.6931471805599453,6.252712804455737
4.0943445622221,2.0794415416798357,8.820990217693817
2.833213344056216,1.0986122886681098,7.101395866495808
4.955827057601261,1.6094379124341003,6.400705849743913
2.9444389791664403,1.9459101490553132,8.240258491831206
3.1354942159291497,2.772588722239781,9.062628915777825
2.3978952727983707,1.6094379124341003,6.774715194217569
5.910796644040527,0.6931471805599453,4.822215178840431
5.247024072160486,0.6931471805599453,3.691874963093735
2.833213344056216,1.6094379124341003,7.145708621949827
5.8944028342648505,0.6931471805599453,4.915591745409362
2.995732273553991,0.6931471805599453,4.787325062224947
4.23410650459726,1.0986122886681098,6.342438269926957
2.772588722239781,1.9459101490553132,5.729190278590734
3.2188758248682006,1.3862943611198906,7.207770978592735
2.8903717578961645,2.4849066497880004,8.317985869145499
3.367295829986474,1.3862943611198906,7.434416849630159
1.0986122886681098,3.044522437723423,9.004046563069934
4.02535169073515,1.0986122886681098,5.721098352421432
3.5553480614894135,1.6094379124341003,7.373449636639774
1.3862943611198906,2.5649493574615367,8.042696282491956
5.905361848054571,0.6931471805599453,4.873287102945032
3.784189633918261,0.6931471805599453,5.218732887205194
4.30406509320417,1.9459101490553132,7.479491601287773
1.791759469228055,1.791759469228055,6.9363427358340495
1.6094379124341003,3.367295829986474,11.107278740370788
4.127134385045092,1.0986122886681098,5.784563371339637
3.871201010907891,2.0794415416798357,7.993241800431319
0.6931471805599453,1.6094379124341003,7.1403421019236415
4.343805421853684,1.0986122886681098,6.048789613727251
4.290459441148391,1.0986122886681098,5.423098083445343
5.54907608489522,1.0986122886681098,7.152268856032539
4.248495242049359,1.0986122886681098,6.171408279115973
4.912654885736052,1.6094379124341003,6.490571777919774
5.488937726156687,0.6931471805599453,4.7340030578310595
5.429345628954441,1.0986122886681098,7.6004023345004
2.302585092994046,2.6390573296152584,8.532584140771885
2.302585092994046,2.6390573296152584,8.59402459452009
0.6931471805599453,3.044522437723423,9.549380024249162
3.6375861597263857,1.3862943611198906,6.277301167760616
3.8501476017100584,0.6931471805599453,6.488642463139346
4.454347296253507,1.791759469228055,8.016604986002726
2.995732273553991,2.3978952727983707,7.811564439114215
1.3862943611198906,1.791759469228055,7.4097601137223315
2.302585092994046,2.4849066497880004,8.192102735881804
2.995732273553991,2.772588722239781,8.840982481273644
5.393627546352362,1.3862943611198906,7.030026007641905
4.3694478524670215,0.6931471805599453,5.712808285863513
5.5909869805108565,1.0986122886681098,6.804836224974296
3.2188758248682006,1.9459101490553132,8.25428958152815
5.91350300563827,0.6931471805599453,6.408611159989984
2.772588722239781,2.0794415416798357,7.479423853670205
3.295836866004329,0.6931471805599453,5.0366278743705095
5.572154032177765,0.6931471805599453,5.681775419393111
2.8903717578961645,2.6390573296152584,8.46206307213662
4.5217885770490405,1.0986122886681098,6.358535267228834
5.713732805509369,2.0794415416798357,6.632357445363575
3.295836866004329,1.791759469228055,7.215048783982959
5.8998973535824915,0.6931471805599453,5.550320446542799
3.8501476017100584,1.6094379124341003,6.955859493656283
3.6635616461296463,3.091042453358316,8.882715085430164
3.970291913552122,1.3862943611198906,6.612188873366803
3.4965075614664802,0.6931471805599453,6.404815149490137
3.970291913552122,1.3862943611198906,6.473520257377859
4.382026634673881,1.791759469228055,7.717978578725217
3.9889840465642745,0.6931471805599453,6.0369158100119
5.700443573390687,0.6931471805599453,1.55814461804655
5.181783550292085,0.6931471805599453,5.780743515792329
3.871201010907891,0.6931471805599453,6.143971018822751
3.4011973816621555,2.0794415416798357,7.702614828798631
2.4849066497880004,2.0794415416798357,7.164650770780832
4.477336814478207,2.8903717578961645,8.87929140281919
1.791759469228055,2.9444389791664403,8.807039420391044
3.6635616461296463,1.0986122886681098,6.729895752508072
2.9444389791664403,1.791759469228055,7.324424057597627
3.828641396489095,1.791759469228055,6.437639643463933
3.4657359027997265,0.6931471805599453,7.476313818197086
5.924255797414532,0.6931471805599453,5.339939041238856
4.07753744390572,0.6931471805599453,5.415744783424001
5.921578419643816,0.6931471805599453,7.602601016177664
4.74493212836325,1.3862943611198906,7.2973822906459604
5.375278407684165,0.6931471805599453,5.4823042026610525
5.768320995793772,0.6931471805599453,4.680555912893981
4.189654742026425,0.6931471805599453,5.914421502609669
2.1972245773362196,1.3862943611198906,6.673032445794151
4.584967478670572,0.6931471805599453,5.760855699682501
3.044522437723423,1.3862943611198906,7.096920034258086
5.298317366548036,0.6931471805599453,6.418120207787174
1.6094379124341003,2.6390573296152584,7.934495555412452
5.68697535633982,0.6931471805599453,3.5553480614894135
5.6131281063880705,1.0986122886681098,7.044556320474283
3.4657359027997265,2.4849066497880004,8.626327377813633
3.8918202981106265,1.3862943611198906,6.17188847120203
5.564520407322694,0.6931471805599453,5.893134813034773
4.07753744390572,1.791759469228055,6.630815303062258
3.5263605246161616,1.791759469228055,7.715841454746731
4.060443010546419,0.6931471805599453,5.150918839543312
4.23410650459726,1.6094379124341003,6.496050746083953
2.3978952727983707,2.4849066497880004,7.433967913188473
4.110873864173311,0.6931471805599453,5.920344414604856
4.394449154672439,1.0986122886681098,5.409948182719222
4.31748811353631,1.0986122886681098,5.509145392139597
1.0986122886681098,3.1354942159291497,9.26980856067564
4.61512051684126,1.0986122886681098,6.047939394035961
5.921578419643816,0.6931471805599453,5.743804149005687
2.3978952727983707,2.6390573296152584,7.727072448397774
3.044522437723423,0.6931471805599453,4.687671407499835
4.820281565605037,1.0986122886681098,6.3892166530089884
2.1972245773362196,0.6931471805599453,4.404277243608702
1.6094379124341003,1.9459101490553132,7.343827183683202
3.4011973816621555,2.0794415416798357,7.442363833410647
5.645446897643238,1.0986122886681098,4.7129477781615225
4.060443010546419,0.6931471805599453,5.500604935982869
0.6931471805599453,2.3978952727983707,7.08799132928507
5.902633333401366,0.6931471805599453,6.030396757109769
4.499809670330265,0.6931471805599453,5.725609195882308
2.4849066497880004,0.6931471805599453,7.0593168957906745
5.099866427824199,1.6094379124341003,7.374773205449993
4.189654742026425,0.6931471805599453,5.8090429853136945
3.1780538303479458,1.3862943611198906,6.287839972628443
5.1647859739235145,1.0986122886681098,6.134677051181064
4.6443908991413725,1.6094379124341003,6.63746770785911
4.969813299576001,1.3862943611198906,7.02339379457603
4.605170185988092,1.0986122886681098,5.667878920309847
3.1780538303479458,1.791759469228055,6.81967787944687
5.262690188904886,0.6931471805599453,5.738312717553024
1.791759469228055,1.0986122886681098,6.3064030160165885
5.8916442118257715,0.6931471805599453,6.174515004855747
2.1972245773362196,2.3978952727983707,7.410455984814581
2.70805020110221,3.091042453358316,8.766815077043479
4.6443908991413725,1.6094379124341003,6.035624962893636
1.3862943611198906,2.302585092994046,7.381346216137902
2.4849066497880004,2.4849066497880004,8.116885759599102
4.574710978503383,0.6931471805599453,6.211824227045576
5.429345628954441,0.6931471805599453,5.8843803244983075
2.833213344056216,1.0986122886681098,6.134785366552204
3.6888794541139363,1.0986122886681098,6.6543844520478315
3.9512437185814275,0.6931471805599453,5.836855428880563
4.543294782270004,1.0986122886681098,4.863680881139593
5.062595033026967,0.6931471805599453,5.289377524978562
3.6888794541139363,0.6931471805599453,5.789684903656904
5.220355825078324,1.3862943611198906,5.299067085438582
0.6931471805599453,1.6094379124341003,7.0098875895885335
5.43372200355424,0.6931471805599453,6.026976468109342
4.859812404361672,1.0986122886681098,5.203182171432998
3.713572066704308,1.0986122886681098,5.5328755226775
3.4657359027997265,2.4849066497880004,8.062111277564622
5.288267030694535,1.0986122886681098,6.3798682672878515
2.302585092994046,3.5553480614894135,9.716877814621636
3.6375861597263857,1.9459101490553132,7.534132116408228
4.624972813284271,1.3862943611198906,7.142977587511544
3.784189633918261,2.833213344056216,9.22990473559571
3.9318256327243257,0.6931471805599453,5.372125293692757
3.784189633918261,0.6931471805599453,5.270123632177254
3.9889840465642745,0.6931471805599453,5.643395324641106
5.236441962829949,0.6931471805599453,4.8328633720008725
5.814130531825066,0.6931471805599453,5.809372963868082
1.6094379124341003,1.3862943611198906,5.839041540659891
2.3978952727983707,1.0986122886681098,4.982989993275932
3.2188758248682006,1.0986122886681098,5.79727281774354
2.772588722239781,0.6931471805599453,3.594568774642695
5.91350300563827,0.6931471805599453,5.931422568022302
4.983606621708336,1.0986122886681098,6.618485279775063
4.110873864173311,1.0986122886681098,5.163413604083235
3.4657359027997265,1.0986122886681098,6.22217936391851
4.955827057601261,1.3862943611198906,5.341089458391906
3.1780538303479458,1.6094379124341003,6.707009025109966
3.1354942159291497,1.9459101490553132,7.942127668587332
4.356708826689592,1.3862943611198906,6.523591674293888
1.791759469228055,1.9459101490553132,8.871311670381246
4.219507705176107,1.791759469228055,7.648038876071995
2.5649493574615367,1.9459101490553132,6.742432422151628
4.442651256490317,0.6931471805599453,2.6602595372658615
3.4657359027997265,2.0794415416798357,7.308160942994333
4.219507705176107,0.6931471805599453,6.07073772800249
4.219507705176107,1.3862943611198906,6.559785194721083
5.236441962829949,1.0986122886681098,5.611228493045593
3.6635616461296463,1.0986122886681098,6.0657367914825695
2.772588722239781,1.3862943611198906,6.112376017438897
3.58351893845611,0.6931471805599453,5.264398573344411
5.278114659230517,1.3862943611198906,7.364971243447073
1.0986122886681098,1.791759469228055,6.6112746121740065
0.6931471805599453,1.791759469228055,6.25226990480378
5.908082938168931,0.6931471805599453,4.989956282887855
4.189654742026425,0.6931471805599453,5.31453514457087
5.703782474656201,1.0986122886681098,5.672566967503279
3.295836866004329,1.3862943611198906,6.218659878862289
2.1972245773362196,1.9459101490553132,7.148392912598927
2.8903717578961645,1.3862943611198906,6.789095609194309
4.762173934797756,0.6931471805599453,7.443008114269093
3.4011973816621555,0.6931471805599453,5.897703167293508
1.6094379124341003,2.833213344056216,8.203782970391725
1.791759469228055,2.0794415416798357,8.019152162009666
4.418840607796598,1.6094379124341003,6.328989800540907
3.4011973816621555,1.791759469228055,6.834926488326795
4.290459441148391,0.6931471805599453,5.940539605922692
1.6094379124341003,2.1972245773362196,7.3198384393918765
3.4011973816621555,2.4849066497880004,7.846425706813547
5.673323267171493,0.6931471805599453,4.74005066818191
3.6109179126442243,0.6931471805599453,5.2190576855624045
2.302585092994046,1.9459101490553132,6.4340327431676485
3.2188758248682006,1.0986122886681098,6.334007604663525
5.627621113690637,0.6931471805599453,5.972587491338293
3.9318256327243257,1.9459101490553132,6.975245689005592
5.056245805348308,2.4849066497880004,7.8606671943119375
4.127134385045092,0.6931471805599453,5.044585733465803
2.5649493574615367,2.995732273553991,8.863627074243855
3.091042453358316,1.3862943611198906,6.722497415455896
5.918893854273146,0.6931471805599453,5.443499376392535
4.762173934797756,1.3862943611198906,6.299041154397021
4.394449154672439,2.8903717578961645,7.942966177511865
1.6094379124341003,2.0794415416798357,7.167338757569021
3.295836866004329,1.3862943611198906,5.9398817371306265
1.791759469228055,3.091042453358316,8.424171790358395
3.9889840465642745,0.6931471805599453,5.018801856762649
0.6931471805599453,1.0986122886681098,6.335461969788099
4.02535169073515,1.0986122886681098,6.837365003008744
3.295836866004329,0.6931471805599453,5.571773731735836
2.302585092994046,1.6094379124341003,7.905692355094029
3.970291913552122,1.3862943611198906,8.023185352576407
2.6390573296152584,2.302585092994046,7.5527568376106675
5.3612921657094255,1.3862943611198906,6.706532208766916
3.1354942159291497,2.995732273553991,8.377126202519118
5.4680601411351315,0.6931471805599453,6.009991851721866
4.941642422609304,1.3862943611198906,6.0776881138566
1.6094379124341003,1.9459101490553132,7.160278975803028
4.060443010546419,1.3862943611198906,7.072896766566239
4.912654885736052,1.3862943611198906,7.153638317265837
4.700480365792417,1.0986122886681098,5.127588355789889
3.4339872044851463,0.6931471805599453,3.0819099697950434
0.6931471805599453,2.302585092994046,7.643041985736175
5.225746673713202,1.6094379124341003,6.25319399473728
2.9444389791664403,0.6931471805599453,5.735733235888028
5.480638923341991,1.0986122886681098,6.03461981742191
4.477336814478207,0.6931471805599453,4.7736463359599925
3.6888794541139363,1.3862943611198906,6.2305798679318904
4.762173934797756,0.6931471805599453,5.46030865686874
5.236441962829949,0.6931471805599453,4.714472920878541
5.429345628954441,0.6931471805599453,5.309207849379209
2.1972245773362196,2.0794415416798357,7.675996017275306
5.247024072160486,0.6931471805599453,5.768383493840728
1.6094379124341003,1.0986122886681098,6.087751522419478
3.6888794541139363,1.3862943611198906,6.479139244274806
3.6635616461296463,0.6931471805599453,5.881119406601529
5.5909869805108565,0.6931471805599453,5.5314904534994245
4.3694478524670215,0.6931471805599453,5.84450048159508
1.6094379124341003,1.9459101490553132,7.52456122628536
5.545177444479562,1.0986122886681098,6.936789671900485
4.127134385045092,0.6931471805599453,5.95339916630119
2.6390573296152584,2.0794415416798357,7.5532184333763785
4.48863636973214,1.0986122886681098,8.40302063014605
2.8903717578961645,2.3978952727983707,8.606141358283566
3.4339872044851463,1.0986122886681098,7.535937180689723
1.3862943611198906,2.0794415416798357,7.388822480583852
1.791759469228055,0.6931471805599453,4.845131522228461
2.0794415416798357,1.9459101490553132,7.033726918544073
5.393627546352362,0.6931471805599453,5.19295685089021
2.4849066497880004,1.791759469228055,7.38728216770102
3.4339872044851463,1.9459101490553132,7.284793477350012
5.666426688112432,1.3862943611198906,6.555356891810665
5.017279836814924,1.6094379124341003,5.69035945432406
3.1780538303479458,1.0986122886681098,6.185838184926078
0.6931471805599453,2.4849066497880004,8.291689356823657
4.465908118654584,1.3862943611198906,7.309700867507591
3.8501476017100584,1.0986122886681098,7.180176494665863
1.791759469228055,1.6094379124341003,6.6628516858853635
3.9512437185814275,1.9459101490553132,6.7922658609726465
2.9444389791664403,0.6931471805599453,5.279949709189852
3.4339872044851463,0.6931471805599453,5.605434351638425
2.1972245773362196,1.3862943611198906,6.370637013261223
3.4011973816621555,1.3862943611198906,7.517308871615334
1.3862943611198906,3.044522437723423,9.070533328583988
3.7376696182833684,1.0986122886681098,6.82556860799419
2.4849066497880004,1.6094379124341003,7.138136574519652
3.4657359027997265,0.6931471805599453,4.276666119016055
3.828641396489095,1.3862943611198906,4.573163389853005
4.127134385045092,1.3862943611198906,5.882681514648826
5.225746673713202,1.0986122886681098,5.048765669457523
4.382026634673881,1.9459101490553132,6.778284203530562
4.718498871295094,1.0986122886681098,6.57507584059962
4.174387269895637,0.6931471805599453,4.996333509385396
2.5649493574615367,1.0986122886681098,5.943717588610248
4.465908118654584,1.3862943611198906,6.9384202652929305
2.833213344056216,1.3862943611198906,6.615422408314929
5.5093883366279774,1.0986122886681098,6.07426498720113
4.48863636973214,0.6931471805599453,7.145448469088846
3.4339872044851463,0.6931471805599453,4.730921391293652
4.9344739331306915,0.6931471805599453,6.110868490605405
3.332204510175204,1.3862943611198906,6.977738326749379
1.3862943611198906,1.791759469228055,6.944646357565886
3.4965075614664802,1.6094379124341003,7.459442576481153
3.258096538021482,0.6931471805599453,6.855914466312751
4.736198448394496,1.3862943611198906,5.83023889860876
5.062595033026967,0.6931471805599453,6.466175827952961
4.454347296253507,1.3862943611198906,7.004791241493732
4.77912349311153,1.3862943611198906,6.831252132996021
1.3862943611198906,2.302585092994046,8.64047751166418
4.574710978503383,1.9459101490553132,8.066722349141488
5.272999558563747,0.6931471805599453,5.48848307736504
3.367295829986474,0.6931471805599453,5.9916895217992785
4.882801922586371,0.6931471805599453,6.213567557246944
3.367295829986474,1.791759469228055,7.213274813763555
4.418840607796598,1.3862943611198906,7.074023670453844
3.4339872044851463,1.791759469228055,8.033136072864288
5.58724865840025,0.6931471805599453,5.460606269591755
4.31748811353631,2.4849066497880004,8.56278395725042
5.752572638825633,1.6094379124341003,6.281013625618804
3.091042453358316,2.0794415416798357,7.287656394959027
4.0943445622221,1.3862943611198906,6.752795938943994
2.5649493574615367,3.091042453358316,8.423572383818774
3.367295829986474,2.302585092994046,7.904962183102404
4.74493212836325,0.6931471805599453,5.721098352421432
3.367295829986474,2.302585092994046,7.795658881937399
2.9444389791664403,1.6094379124341003,7.277309922347601
2.9444389791664403,1.6094379124341003,6.727575427100043
3.6109179126442243,1.3862943611198906,6.735875021605469
3.6109179126442243,1.0986122886681098,5.938063770380866
4.3694478524670215,0.6931471805599453,4.785823685681349
3.1354942159291497,1.0986122886681098,5.665110944007932
3.258096538021482,1.0986122886681098,5.669570529986012
3.5263605246161616,1.0986122886681098,7.603324523974459
4.700480365792417,1.3862943611198906,7.249058683836842
3.58351893845611,1.0986122886681098,7.918988850472198
4.820281565605037,1.791759469228055,7.35461821578623
2.0794415416798357,1.9459101490553132,7.626121762674929
3.367295829986474,1.6094379124341003,7.596899458212264
1.6094379124341003,2.0794415416798357,7.588652737113165
1.3862943611198906,2.302585092994046,8.250296269962053
3.9318256327243257,1.6094379124341003,7.48157260317514
5.777652323222656,0.6931471805599453,5.713732805509369
3.1780538303479458,1.3862943611198906,7.189288485847039
2.772588722239781,1.6094379124341003,6.930621835101851
1.0986122886681098,2.1972245773362196,6.862151034377116
2.9444389791664403,1.0986122886681098,6.880116831678181
2.3978952727983707,1.6094379124341003,7.391865195080271
5.572154032177765,0.6931471805599453,3.2771447329921766
5.075173815233827,1.0986122886681098,6.50246015642561
3.5263605246161616,1.9459101490553132,9.287160662466663
3.4011973816621555,1.9459101490553132,6.782520800150454
5.111987788356544,0.6931471805599453,5.101694025043222
3.871201010907891,0.6931471805599453,5.449363231421816
1.9459101490553132,2.1972245773362196,6.687258222608833
2.1972245773362196,1.3862943611198906,6.731614581263264
5.666426688112432,0.6931471805599453,4.763881877142913
5.765191102784844,0.6931471805599453,5.062721607294587
1.3862943611198906,1.0986122886681098,6.410026844693401
5.455321115357702,0.6931471805599453,5.731592175295468
4.787491742782046,0.6931471805599453,4.9367734454978
5.093750200806762,0.6931471805599453,5.847305451408376
5.225746673713202,0.6931471805599453,5.687788584901852
3.9318256327243257,0.6931471805599453,5.444579873526289
5.030437921392435,1.791759469228055,6.89815938530869
5.817111159963204,0.6931471805599453,5.063164491108096
1.791759469228055,1.791759469228055,7.8096103157799615
2.833213344056216,2.0794415416798357,8.495609939749011
4.68213122712422,1.0986122886681098,6.026348948961484
2.833213344056216,2.0794415416798357,7.039423687328594
5.6240175061873385,0.6931471805599453,5.9441108507245115
2.833213344056216,2.5649493574615367,9.273481354511448
5.5134287461649825,0.6931471805599453,6.1205611204423915
5.480638923341991,0.6931471805599453,6.363028103540465
0.6931471805599453,1.0986122886681098,6.893220154004312
4.672828834461906,1.3862943611198906,6.621112666105018
3.1780538303479458,1.6094379124341003,7.447512323761201
3.970291913552122,0.6931471805599453,4.835329072196206
5.278114659230517,1.3862943611198906,7.43277962214794
3.2188758248682006,0.6931471805599453,5.369614248430071
4.330733340286331,0.6931471805599453,5.800122427092944
2.9444389791664403,1.0986122886681098,5.532203014394148
2.1972245773362196,1.0986122886681098,5.768320995793772
3.4965075614664802,1.3862943611198906,7.145172475411292
3.1354942159291497,1.3862943611198906,7.33945977029367
3.4657359027997265,1.9459101490553132,8.165940662434437
3.4011973816621555,2.3978952727983707,7.448019309392898
3.1354942159291497,1.0986122886681098,5.68391984555995
3.5263605246161616,2.0794415416798357,7.811305190205457
5.652489180268651,0.6931471805599453,5.073171812563154
3.6888794541139363,1.0986122886681098,5.334359957894966
4.07753744390572,1.0986122886681098,6.729561192451421
5.66988092298052,0.6931471805599453,5.420136689869131
4.382026634673881,0.6931471805599453,5.764438468529548
1.791759469228055,2.1972245773362196,8.234193472948663
5.389071729816501,0.6931471805599453,4.109233174715851
3.8066624897703196,1.6094379124341003,7.275650044659092
5.313205979041787,0.6931471805599453,5.7272711107251055
5.187385805840755,1.3862943611198906,6.569186846877494
4.04305126783455,1.6094379124341003,6.665645500491627
4.060443010546419,1.0986122886681098,5.4844649281755204
2.1972245773362196,1.9459101490553132,8.116211019915529
3.871201010907891,1.0986122886681098,4.976733742420574
5.429345628954441,0.6931471805599453,5.322766046950346
2.4849066497880004,2.0794415416798357,7.814088599978061
4.672828834461906,1.0986122886681098,5.952593772718989
4.0943445622221,1.0986122886681098,6.09973582239177
3.367295829986474,2.0794415416798357,7.647156076059518
3.6109179126442243,2.0794415416798357,7.43855998506344
5.616771097666572,1.0986122886681098,5.57450867228432
3.4339872044851463,0.6931471805599453,6.921668046035439
3.2188758248682006,1.3862943611198906,6.541347409127499
4.007333185232471,0.6931471805599453,5.672566967503279
3.6109179126442243,1.9459101490553132,8.17781914862498
5.170483995038151,1.6094379124341003,7.355998866445309
4.007333185232471,0.6931471805599453,5.953451104909766
3.9889840465642745,0.6931471805599453,5.324180026073764
3.332204510175204,2.1972245773362196,7.748554928800743
5.537334267018537,0.6931471805599453,5.428687517709892
3.713572066704308,2.0794415416798357,7.931008043401064
4.110873864173311,1.9459101490553132,6.966137388245792
5.459585514144159,0.6931471805599453,4.740574822994295
1.6094379124341003,2.3978952727983707,7.577106569775595
3.4965075614664802,0.6931471805599453,4.746930131025923
3.2188758248682006,2.70805020110221,8.067321546987245
2.0794415416798357,1.0986122886681098,5.815562342116211
4.189654742026425,0.6931471805599453,5.798031485559308
5.739792912179234,1.0986122886681098,6.035218239997905
5.736572297479192,0.6931471805599453,5.977593791422191
2.995732273553991,1.9459101490553132,6.84622024286434
2.833213344056216,2.1972245773362196,7.553333799033199
4.574710978503383,1.0986122886681098,5.767570714403068
5.579729825986222,2.1972245773362196,8.199576859581033
2.5649493574615367,2.3978952727983707,8.047419935632497
1.3862943611198906,1.0986122886681098,6.037321843192776
3.58351893845611,0.6931471805599453,5.256870176633863
5.214935757608986,0.6931471805599453,5.01655109452556
3.258096538021482,1.0986122886681098,6.311843696146471
2.6390573296152584,1.9459101490553132,6.821249228838842
2.4849066497880004,1.0986122886681098,5.754760719420831
1.3862943611198906,2.8903717578961645,8.221505828626315
5.749392985908253,0.6931471805599453,5.949339620807311
4.6913478822291435,1.0986122886681098,7.0353038099288
0.6931471805599453,3.295836866004329,9.052639230044456
3.9889840465642745,0.6931471805599453,6.862653305069717
5.327876168789581,0.6931471805599453,5.15010733938285
2.772588722239781,0.6931471805599453,5.6386749027510605
4.795790545596741,0.6931471805599453,5.767226647212736
1.6094379124341003,1.0986122886681098,5.947956657131048
5.8971538676367405,0.6931471805599453,5.601491317767735
4.770684624465665,1.0986122886681098,5.857675978559423
2.9444389791664403,0.6931471805599453,5.188837265929216
1.791759469228055,1.0986122886681098,5.606500351849647
3.7376696182833684,1.0986122886681098,5.678396288265786
4.68213122712422,1.0986122886681098,5.484796933490655
5.003946305945459,1.0986122886681098,6.366865558668267
3.970291913552122,1.791759469228055,7.134380761332616
5.342334251964811,0.6931471805599453,4.165734558308774
4.941642422609304,1.0986122886681098,6.311752957808554
1.0986122886681098,1.3862943611198906,5.695683096399551
4.852030263919617,1.0986122886681098,5.762680115903686
4.6913478822291435,1.6094379124341003,6.639405134829848
3.7612001156935624,1.6094379124341003,7.673051013288749
3.58351893845611,0.6931471805599453,4.689695141057779
5.43372200355424,1.0986122886681098,6.9719968810436015
5.488937726156687,0.6931471805599453,5.509550266836412
4.07753744390572,0.6931471805599453,5.240847139393487
4.875197323201151,1.3862943611198906,7.430386936461763
4.110873864173311,1.9459101490553132,7.407608930196758
3.1354942159291497,0.6931471805599453,5.026311773481264
3.295836866004329,2.0794415416798357,6.956602584376121
2.302585092994046,2.0794415416798357,7.257446896154699
3.4965075614664802,1.3862943611198906,6.837354273682813
1.6094379124341003,1.0986122886681098,6.242242720518832
5.733341276897746,0.6931471805599453,6.313185661783185
2.1972245773362196,2.302585092994046,7.525672319531924
3.4011973816621555,1.3862943611198906,6.306275286948016
2.8903717578961645,0.6931471805599453,4.861206780604327
4.624972813284271,1.0986122886681098,6.21344742510144
2.5649493574615367,1.6094379124341003,6.4886120504389995
3.091042453358316,0.6931471805599453,5.101328772710678
2.772588722239781,1.791759469228055,7.035823023024634
5.8916442118257715,0.6931471805599453,5.525612288984722
2.4849066497880004,2.995732273553991,9.063267419175418
4.564348191467836,0.6931471805599453,4.427836170705175
4.3694478524670215,1.0986122886681098,7.234068948784864
4.941642422609304,1.3862943611198906,6.469715324941794
3.4657359027997265,0.6931471805599453,7.7535548746739895
3.258096538021482,2.1972245773362196,7.835547613113086
1.0986122886681098,3.6635616461296463,8.745480291972145
3.8501476017100584,1.3862943611198906,7.863781975859922
4.61512051684126,1.3862943611198906,7.091425925345387
2.1972245773362196,1.0986122886681098,6.489448062860675
2.772588722239781,2.0794415416798357,6.810715604463653
2.9444389791664403,1.6094379124341003,6.895156243405622
5.638354669333745,0.6931471805599453,4.582924577040772
2.70805020110221,1.0986122886681098,6.261701585954275
3.1780538303479458,1.0986122886681098,5.899623343442402
4.8283137373023015,0.6931471805599453,5.171619713502079
4.465908118654584,0.6931471805599453,6.20506268557866
5.713732805509369,1.0986122886681098,5.73016471593032
5.0238805208462765,1.6094379124341003,7.591891986883801
2.8903717578961645,2.1972245773362196,8.778717102886036
4.553876891600541,1.0986122886681098,5.498642547781566
3.4339872044851463,2.4849066497880004,9.421758650158734
5.062595033026967,1.3862943611198906,6.5269193668194045
5.87493073085203,0.6931471805599453,5.2711516984752675
3.8501476017100584,0.6931471805599453,5.066511404655174
2.772588722239781,1.6094379124341003,6.255154855067978
1.6094379124341003,2.772588722239781,7.872409417310936
4.465908118654584,0.6931471805599453,5.43790538075509
2.772588722239781,1.791759469228055,7.054104175317274
5.19295685089021,0.6931471805599453,4.5976419195673
2.1972245773362196,1.6094379124341003,7.156426216317626
3.6109179126442243,1.3862943611198906,6.37698201740645
4.867534450455582,1.0986122886681098,7.462214939768189
3.9512437185814275,0.6931471805599453,7.239975632001093
5.746203190540153,0.6931471805599453,5.188614101456073
3.2188758248682006,1.0986122886681098,5.954255808575653
5.717027701406222,1.0986122886681098,5.891119212159107
2.4849066497880004,0.6931471805599453,4.858726543710496
2.8903717578961645,1.3862943611198906,6.344302137815459
3.912023005428146,1.3862943611198906,6.192771403813017
5.480638923341991,1.0986122886681098,5.746937744970129
0.6931471805599453,2.4849066497880004,8.40372881690387
2.6390573296152584,2.1972245773362196,8.469757709250656
5.476463551931511,0.6931471805599453,5.12723244168007
3.1780538303479458,2.1972245773362196,7.538957904496927
4.30406509320417,1.6094379124341003,6.102961198121657
2.8903717578961645,1.3862943611198906,6.03882511846782
3.7376696182833684,2.1972245773362196,7.199065760787922
3.713572066704308,1.6094379124341003,6.473767231940735
5.393627546352362,1.0986122886681098,6.208127142322502
5.298317366548036,1.3862943611198906,5.9942107727760074
4.276666119016055,1.0986122886681098,5.319099905730565
3.2188758248682006,3.044522437723423,8.30877075088342
2.4849066497880004,0.6931471805599453,5.96799119092234
2.302585092994046,3.4011973816621555,9.917223283969056
4.189654742026425,0.6931471805599453,4.1956970564823886
1.6094379124341003,0.6931471805599453,5.269866450374021
2.995732273553991,1.0986122886681098,5.821269170111868
2.772588722239781,0.6931471805599453,5.549504008886889
2.1972245773362196,1.9459101490553132,7.896336904550998
3.044522437723423,1.0986122886681098,6.617148935013109
4.3694478524670215,1.6094379124341003,7.13931134565379
0.6931471805599453,3.5553480614894135,10.36831154057086
5.10594547390058,1.0986122886681098,6.234018491942015
5.730099782973574,1.0986122886681098,6.036127157014171
5.393627546352362,0.6931471805599453,5.3223756316411075
3.6888794541139363,2.1972245773362196,8.899976330900701
3.1354942159291497,1.0986122886681098,6.52563065023188
4.7535901911063645,1.3862943611198906,6.483688222474311
4.844187086458591,1.791759469228055,7.649140090140571
1.791759469228055,2.6390573296152584,7.8765815333589115
3.6109179126442243,0.6931471805599453,5.579427893616779
1.6094379124341003,2.772588722239781,10.370606399796605
0.6931471805599453,1.3862943611198906,6.9396511539657
5.811140992976701,1.3862943611198906,7.689563308737489
5.099866427824199,0.6931471805599453,3.5160130560907366
5.225746673713202,1.0986122886681098,6.6500849805983275
2.833213344056216,1.791759469228055,7.1030917728535865
2.5649493574615367,1.3862943611198906,6.659216993647982
1.3862943611198906,2.0794415416798357,7.138120689779327
3.8066624897703196,1.0986122886681098,6.658011045870748
4.394449154672439,0.6931471805599453,6.23213362528801
3.4339872044851463,2.0794415416798357,8.838467667762448
3.7612001156935624,1.0986122886681098,6.140875440444677
2.4849066497880004,2.5649493574615367,8.349382638885205
3.9318256327243257,1.3862943611198906,6.3966462817363405
2.833213344056216,1.9459101490553132,7.591038974917671
3.8501476017100584,1.0986122886681098,6.550237122496749
2.995732273553991,1.0986122886681098,6.63354209247732
2.1972245773362196,1.9459101490553132,8.524816063361785
4.290459441148391,0.6931471805599453,4.623010104116422
0.6931471805599453,3.367295829986474,9.756022391409203
4.859812404361672,1.3862943611198906,6.265149109915909
3.5263605246161616,1.0986122886681098,5.586349377764106
5.749392985908253,0.6931471805599453,6.002157176646725
2.9444389791664403,1.0986122886681098,5.9047076831817
4.48863636973214,0.6931471805599453,5.717553878740119
1.0986122886681098,2.0794415416798357,7.77267692412289
1.0986122886681098,1.0986122886681098,5.381278887262384
5.541263545158426,0.6931471805599453,5.9647354873659575
5.062595033026967,1.3862943611198906,5.233352087695677
3.6375861597263857,1.9459101490553132,7.7184899205194295
5.3981627015177525,0.6931471805599453,6.282715244436788
5.003946305945459,1.3862943611198906,7.9865185392775535
5.181783550292085,1.0986122886681098,4.803201036487226
3.713572066704308,1.0986122886681098,6.296243383424822
1.0986122886681098,2.0794415416798357,7.832097510366773
2.1972245773362196,3.8501476017100584,12.17763093760637
0.6931471805599453,2.0794415416798357,7.451473946050153
2.9444389791664403,1.0986122886681098,6.189741470692064
5.262690188904886,1.6094379124341003,6.25099788520506
5.3230099791384085,0.6931471805599453,4.888090941338162
5.902633333401366,0.6931471805599453,5.524895014596528
4.852030263919617,1.791759469228055,7.460892986533744
2.772588722239781,0.6931471805599453,5.760477818332746
3.784189633918261,1.0986122886681098,6.489660754473831
4.553876891600541,1.9459101490553132,6.435236489370733
3.1780538303479458,1.3862943611198906,6.602343628980946
4.110873864173311,1.0986122886681098,6.517213265531828
2.833213344056216,1.791759469228055,7.537355446697666
5.0689042022202315,0.6931471805599453,5.673185800678734
2.3978952727983707,1.0986122886681098,6.638934214171274
2.3978952727983707,1.0986122886681098,4.927253685157205
2.833213344056216,1.791759469228055,7.5347466312681
3.828641396489095,1.791759469228055,7.02648897373005
5.2574953720277815,1.3862943611198906,6.548992442626483
4.382026634673881,0.6931471805599453,5.274895196603544
4.3694478524670215,0.6931471805599453,6.239924906405982
1.6094379124341003,1.6094379124341003,7.136156981955326
4.189654742026425,1.3862943611198906,6.028374901128079
5.568344503761097,0.6931471805599453,5.986125318762377
4.0943445622221,1.0986122886681098,5.933941360864316
0.6931471805599453,2.0794415416798357,7.646506601347098
0.6931471805599453,2.3978952727983707,8.177479306325386
5.517452896464707,0.6931471805599453,5.92844487193968
2.1972245773362196,1.0986122886681098,6.211723943242329
5.886104031450156,0.6931471805599453,5.605985872931934
4.343805421853684,0.6931471805599453,5.610277331459341
5.673323267171493,0.6931471805599453,6.435958042183625
2.8903717578961645,1.3862943611198906,7.037905963447182
5.402677381872279,1.0986122886681098,5.668500660511562
2.302585092994046,1.6094379124341003,6.536836514626557
1.3862943611198906,1.0986122886681098,6.327865352606625
5.332718793265369,2.302585092994046,8.00571068528359
5.093750200806762,1.0986122886681098,7.0447656130660885
4.343805421853684,0.6931471805599453,5.714392653768217
5.572154032177765,1.0986122886681098,6.407836624054821
5.641907070938114,0.6931471805599453,5.961803989689555
4.07753744390572,2.1972245773362196,8.713522841798035
3.258096538021482,0.6931471805599453,5.7348934696812535
1.3862943611198906,3.4657359027997265,11.419311026583387
3.4011973816621555,2.3978952727983707,7.981388163939233
4.290459441148391,0.6931471805599453,6.2426122948317895
4.859812404361672,0.6931471805599453,5.345439473616771
3.4657359027997265,1.6094379124341003,6.461499425865447
2.772588722239781,1.791759469228055,6.641025499505004
5.736572297479192,0.6931471805599453,5.043037945203756
2.8903717578961645,1.9459101490553132,7.520245396524275
4.007333185232471,0.6931471805599453,6.305928511499892
3.4339872044851463,1.3862943611198906,6.585081405576444
1.0986122886681098,1.791759469228055,6.977010782644906
2.4849066497880004,1.6094379124341003,6.48270971889503
5.8916442118257715,0.6931471805599453,4.983606621708336
5.8888779583328805,0.6931471805599453,6.049025657632514
1.791759469228055,1.6094379124341003,7.087490159879325
4.007333185232471,1.6094379124341003,6.8462734148384685
0.6931471805599453,2.1972245773362196,8.196850176724896
0.6931471805599453,2.3978952727983707,7.769851670395603
5.25227342804663,0.6931471805599453,5.69608626802173
4.007333185232471,0.6931471805599453,5.413251904640136
5.638354669333745,0.6931471805599453,5.108366782589591
5.181783550292085,0.6931471805599453,4.350277936359301
3.4339872044851463,1.0986122886681098,6.789725963001244
3.295836866004329,0.6931471805599453,4.599353300666526
3.258096538021482,1.0986122886681098,6.362855674882395
5.602118820879701,0.6931471805599453,5.146039931102459
3.784189633918261,1.3862943611198906,6.466642267627447
5.459585514144159,0.6931471805599453,4.647271362006727
3.2188758248682006,1.0986122886681098,5.0097015249361645
5.288267030694535,1.3862943611198906,5.591583817293718
5.886104031450156,0.6931471805599453,5.674490970020802
4.110873864173311,1.6094379124341003,6.836699567016301
4.875197323201151,0.6931471805599453,7.305591359925811
0.6931471805599453,1.791759469228055,7.577352319081822
3.044522437723423,1.0986122886681098,6.176511553155347
5.332718793265369,0.6931471805599453,5.0682750735426705
2.70805020110221,1.3862943611198906,6.29611434997733
4.564348191467836,1.6094379124341003,6.7522119632207875
2.995732273553991,0.6931471805599453,5.1127104187625525
2.70805020110221,2.0794415416798357,7.024097276842117
3.2188758248682006,1.3862943611198906,6.120319396731415
2.1972245773362196,1.0986122886681098,6.769377877687473
2.0794415416798357,2.1972245773362196,8.373895405306746
5.808142489980444,0.6931471805599453,5.843950131819433
3.9318256327243257,1.6094379124341003,7.263098336353601
4.276666119016055,1.6094379124341003,5.428248536140067
3.4011973816621555,1.3862943611198906,5.944372939574132
5.497168225293202,0.6931471805599453,5.229235205360593
2.1972245773362196,2.995732273553991,8.179152124824576
5.389071729816501,0.6931471805599453,4.973002652622701
1.791759469228055,1.3862943611198906,6.109025335847127
5.537334267018537,1.3862943611198906,5.37860619777684
0.6931471805599453,3.258096538021482,9.308033165645913
5.4680601411351315,0.6931471805599453,5.1720169104318625
2.0794415416798357,1.0986122886681098,7.125524413958892
4.700480365792417,1.6094379124341003,7.019010387342232
4.61512051684126,1.3862943611198906,7.123833932574225
4.110873864173311,1.6094379124341003,7.785375866112405
1.0986122886681098,1.3862943611198906,7.292350790785078
4.30406509320417,2.0794415416798357,7.698333116816846
1.6094379124341003,1.791759469228055,8.275085960790554
4.454347296253507,1.0986122886681098,6.901918276781504
2.5649493574615367,1.0986122886681098,5.960206051205209
3.1780538303479458,2.0794415416798357,7.9401173601909
5.3706380281276624,0.6931471805599453,7.623333981206562
2.9444389791664403,0.6931471805599453,5.091723608778362
5.480638923341991,0.6931471805599453,4.7622594012308666
1.0986122886681098,1.9459101490553132,8.52821621405653
4.3694478524670215,0.6931471805599453,5.980706890455022
5.384495062789089,1.0986122886681098,5.737732914025749
3.5263605246161616,1.0986122886681098,5.2626383740910185
3.7376696182833684,1.791759469228055,7.00921017763747
2.0794415416798357,2.772588722239781,8.2845345145333
3.9889840465642745,1.9459101490553132,7.625326743452606
3.1780538303479458,2.70805020110221,8.421904011391415
4.060443010546419,0.6931471805599453,5.959251224743331
4.875197323201151,1.3862943611198906,5.8009091853869235
5.1647859739235145,1.3862943611198906,6.3494885806160095
1.9459101490553132,1.3862943611198906,6.836559983939986
5.746203190540153,0.6931471805599453,5.372357479256501
4.110873864173311,0.6931471805599453,4.412070756022258
3.091042453358316,1.3862943611198906,7.230490739491305
3.5263605246161616,0.6931471805599453,6.269190976192483
2.772588722239781,1.0986122886681098,6.7387210533149595
2.9444389791664403,1.6094379124341003,7.611545619640562
4.406719247264253,0.6931471805599453,4.340553386467307
1.9459101490553132,2.1972245773362196,7.503906860215884
5.14166355650266,1.0986122886681098,6.223766036206958
1.0986122886681098,1.3862943611198906,6.271612055889925
3.4657359027997265,1.6094379124341003,7.189801499815289
3.6109179126442243,2.302585092994046,7.766243154113498
2.995732273553991,0.6931471805599453,5.657947938312402
3.4657359027997265,1.0986122886681098,6.3063847700056215
5.6240175061873385,0.6931471805599453,4.695924549256556
4.477336814478207,0.6931471805599453,6.434000623425246
4.795790545596741,1.0986122886681098,6.569888069839022
5.924255797414532,0.6931471805599453,4.63035048451839
0.6931471805599453,2.4849066497880004,7.971306723565063
5.393627546352362,1.3862943611198906,6.917101466981717
4.189654742026425,0.6931471805599453,4.8982874609298115
4.127134385045092,1.6094379124341003,7.494708263135679
4.9344739331306915,0.6931471805599453,6.767906832865638
3.091042453358316,0.6931471805599453,5.118472739628975
2.5649493574615367,2.3978952727983707,8.28045768658256
3.258096538021482,2.5649493574615367,8.490586347854247
3.6375861597263857,1.6094379124341003,7.09718484723547
5.627621113690637,0.6931471805599453,4.775334812511415
2.4849066497880004,2.0794415416798357,7.878511468609366
4.30406509320417,1.791759469228055,7.4239802997335635
3.295836866004329,1.0986122886681098,6.39094511686889
2.8903717578961645,2.5649493574615367,8.006520889229225
4.955827057601261,0.6931471805599453,5.191566996601156
3.295836866004329,2.0794415416798357,7.4977118102428095
2.995732273553991,1.0986122886681098,6.406285750140171
1.6094379124341003,1.0986122886681098,6.591893186664721
4.204692619390966,1.791759469228055,7.628765650289339
0.6931471805599453,1.0986122886681098,5.854355333135575
3.784189633918261,2.0794415416798357,8.133798724949507
5.43372200355424,0.6931471805599453,5.331268466687723
2.833213344056216,1.6094379124341003,7.361191168037922
3.9318256327243257,1.0986122886681098,8.064375435416844
1.0986122886681098,1.9459101490553132,7.375236980840607
4.31748811353631,1.0986122886681098,6.313620507419839
0.6931471805599453,3.4657359027997265,9.922077680345927
1.6094379124341003,1.9459101490553132,7.224155995015752
1.0986122886681098,3.4339872044851463,9.701761745083482
5.579729825986222,0.6931471805599453,5.700811398711247
3.9889840465642745,1.0986122886681098,7.597451511865824
3.2188758248682006,0.6931471805599453,5.2225156531317545
2.3978952727983707,1.9459101490553132,7.814128999448025
3.8066624897703196,0.6931471805599453,5.482345799133678
2.8903717578961645,2.0794415416798357,8.057323638517671
2.0794415416798357,2.0794415416798357,8.655294625475447
3.4339872044851463,2.772588722239781,8.461215257006781
5.883322388488279,1.0986122886681098,5.674696893761104
4.852030263919617,1.6094379124341003,6.6092683773641365
4.927253685157205,0.6931471805599453,5.305640486927818
4.962844630259907,0.6931471805599453,5.649396684129609
4.890349128221754,1.0986122886681098,6.641625935491769
3.6635616461296463,2.1972245773362196,7.734869382309582
5.4680601411351315,0.6931471805599453,5.828798547972468
5.568344503761097,0.6931471805599453,5.049535443053812
2.8903717578961645,1.6094379124341003,7.838201349644471
5.537334267018537,0.6931471805599453,6.037751581059295
3.4339872044851463,1.6094379124341003,7.509537985193698
3.58351893845611,1.3862943611198906,6.684286674843982
5.135798437050262,1.0986122886681098,6.786931374567216
1.3862943611198906,2.302585092994046,7.5090722177237925
1.6094379124341003,2.8903717578961645,9.259653256646303
5.225746673713202,1.0986122886681098,5.0330488889331555
5.241747015059643,1.0986122886681098,5.577198322546748
5.14166355650266,0.6931471805599453,4.9305092496169705
2.4849066497880004,1.0986122886681098,5.956096403270191
3.828641396489095,0.6931471805599453,6.261319913844147
5.7745515455444085,0.6931471805599453,5.0369526024136295
5.308267697401205,0.6931471805599453,5.791182664937034
3.1780538303479458,2.4849066497880004,8.640647227620185
5.4510384535657,0.6931471805599453,4.9441393028078915
3.6635616461296463,2.772588722239781,8.593605934116098
3.295836866004329,1.6094379124341003,7.087523578988375
4.574710978503383,1.6094379124341003,7.793603298080906
4.852030263919617,1.9459101490553132,8.094805704112124
4.276666119016055,1.3862943611198906,6.9411900550683745
2.833213344056216,2.4849066497880004,8.143250005910986
2.772588722239781,0.6931471805599453,6.967202737625557
1.6094379124341003,1.3862943611198906,7.964506839388399
1.3862943611198906,2.6390573296152584,8.575363981519251
4.382026634673881,1.6094379124341003,7.123761419471479
5.924255797414532,0.6931471805599453,5.7202134111139475
3.6888794541139363,1.0986122886681098,6.541304131886272
4.007333185232471,1.3862943611198906,6.553406199550886
1.0986122886681098,2.995732273553991,9.481208376934894
2.302585092994046,1.3862943611198906,5.936057539836243
2.302585092994046,1.0986122886681098,5.131317825851867
2.995732273553991,1.6094379124341003,7.539053651215015
2.5649493574615367,2.0794415416798357,7.934638814191774
4.736198448394496,1.0986122886681098,5.875239671888878
1.6094379124341003,1.9459101490553132,7.750786909079374
5.484796933490655,0.6931471805599453,4.711779921046349
4.736198448394496,0.6931471805599453,4.282206299391671
5.187385805840755,1.0986122886681098,6.515482764659955
1.791759469228055,2.302585092994046,7.445096243403855
5.886104031450156,0.6931471805599453,4.402319337941644
0.6931471805599453,1.791759469228055,7.417970716622433
0.6931471805599453,3.4339872044851463,8.629519588886271
2.995732273553991,2.1972245773362196,8.134232938648143
2.8903717578961645,1.3862943611198906,6.7104743871936545
3.1354942159291497,1.0986122886681098,5.665006995704794
3.5263605246161616,0.6931471805599453,6.570574791610563
5.575949103146316,0.6931471805599453,2.772588722239781
3.9512437185814275,1.0986122886681098,6.650990309165078
5.075173815233827,1.3862943611198906,5.909793430963424
2.772588722239781,0.6931471805599453,5.6065370902173655
2.1972245773362196,1.3862943611198906,7.641516432427338
2.6390573296152584,2.3978952727983707,8.283602760989174
5.298317366548036,1.791759469228055,7.042522158078838
4.060443010546419,1.0986122886681098,5.508618809848949
2.4849066497880004,1.0986122886681098,5.161638167632783
4.584967478670572,1.6094379124341003,7.10227710885741
5.545177444479562,0.6931471805599453,4.050044303325521
3.258096538021482,1.3862943611198906,6.4747545206794515
3.091042453358316,1.3862943611198906,6.479001072896019
5.075173815233827,1.0986122886681098,5.24185282956691
4.290459441148391,1.0986122886681098,5.650627799851681
3.9889840465642745,0.6931471805599453,4.889897898613436
4.454347296253507,1.0986122886681098,5.590427122326969
5.0369526024136295,1.6094379124341003,7.505789260335805
4.31748811353631,1.0986122886681098,7.020101338813675
5.641907070938114,0.6931471805599453,5.424509391785796
3.332204510175204,2.70805020110221,7.58340018440594
3.4339872044851463,0.6931471805599453,4.673762977453703
3.258096538021482,0.6931471805599453,5.708239195373142
5.198497031265826,1.0986122886681098,5.840147349176718
3.713572066704308,1.6094379124341003,6.53813982376767
3.1354942159291497,1.3862943611198906,6.6611255745126075
3.1354942159291497,2.3978952727983707,8.019668713889375
3.6375861597263857,2.302585092994046,7.080203251977793
4.418840607796598,1.3862943611198906,7.159323008512906
4.31748811353631,0.6931471805599453,6.240879951161022
2.4849066497880004,0.6931471805599453,6.304521925890991
2.833213344056216,2.5649493574615367,8.596542120019182
1.6094379124341003,3.6888794541139363,8.957100949224584
2.6390573296152584,1.6094379124341003,6.552236808926767
2.70805020110221,1.791759469228055,7.437836321529504
3.6375861597263857,1.6094379124341003,3.6259396543400624
1.6094379124341003,1.3862943611198906,5.9627563829712384
4.290459441148391,2.0794415416798357,8.217673327978565
3.9512437185814275,0.6931471805599453,5.701780471985528
1.791759469228055,1.791759469228055,7.595050369416567
3.1780538303479458,1.6094379124341003,7.507190501900052
5.703782474656201,0.6931471805599453,6.7914910892950235
1.0986122886681098,1.3862943611198906,5.990714265717278
3.5263605246161616,0.6931471805599453,3.594568774642695
3.9318256327243257,0.6931471805599453,5.052224993855419
1.3862943611198906,1.3862943611198906,5.83842991093892
3.871201010907891,0.6931471805599453,4.71142030583075
3.7612001156935624,2.1972245773362196,7.340984699939525
3.332204510175204,1.791759469228055,7.909048705126217
3.7612001156935624,0.6931471805599453,5.765661211702066
1.0986122886681098,4.8283137373023015,10.6095716886512
5.717027701406222,0.6931471805599453,5.330203555410359
4.68213122712422,0.6931471805599453,3.961955374176355
4.454347296253507,0.6931471805599453,7.617808739608441
4.406719247264253,2.302585092994046,6.804836224974296
5.389071729816501,1.6094379124341003,6.408199247474378
5.921578419643816,3.5553480614894135,8.59271059842128
2.5649493574615367,1.0986122886681098,4.747884288187267
5.225746673713202,1.0986122886681098,5.743836174113374
5.924255797414532,0.6931471805599453,5.346964663369558
1.0986122886681098,1.6094379124341003,7.25772881858561
1.6094379124341003,3.1780538303479458,10.199139282731217
1.9459101490553132,2.5649493574615367,8.545131263508203
5.723585101952381,0.6931471805599453,4.962285033155209
5.91350300563827,0.6931471805599453,5.426930434016013
1.3862943611198906,2.1972245773362196,7.649159148105371
5.783825182329737,0.6931471805599453,5.804833718725929
4.0943445622221,1.9459101490553132,8.058643712215618
2.6390573296152584,1.3862943611198906,6.320498473679624
3.4657359027997265,3.044522437723423,9.261729061813442
4.969813299576001,0.6931471805599453,5.801060414120672
3.4339872044851463,1.9459101490553132,7.055200671388662
4.68213122712422,1.791759469228055,6.061876411348347
1.0986122886681098,2.5649493574615367,7.532029223755638
5.327876168789581,0.6931471805599453,5.055608659738987
4.394449154672439,1.791759469228055,7.522919296216998
5.225746673713202,1.9459101490553132,6.528630206205813
5.14166355650266,0.6931471805599453,5.474830419933934
3.8066624897703196,0.6931471805599453,5.941354762622532
5.1647859739235145,0.6931471805599453,5.190286622334331
5.902633333401366,0.6931471805599453,6.131052561315036
5.720311776607412,0.6931471805599453,4.9004483350615
1.3862943611198906,1.6094379124341003,6.500298188193179
1.6094379124341003,1.6094379124341003,6.545450229989766
2.5649493574615367,0.6931471805599453,5.0584090689010965
3.4965075614664802,1.3862943611198906,6.768814998950002
4.867534450455582,0.6931471805599453,4.721618998631338
3.091042453358316,2.1972245773362196,6.57507584059962
5.3612921657094255,1.0986122886681098,5.310097705083568
5.780743515792329,1.0986122886681098,6.376539855568017
5.093750200806762,0.6931471805599453,5.3223268190083886
4.04305126783455,1.3862943611198906,5.501666290534067
5.420534999272286,0.6931471805599453,4.684073783583557
4.290459441148391,2.1972245773362196,7.021048249365656
3.8066624897703196,0.6931471805599453,4.569024739351738
3.1780538303479458,0.6931471805599453,5.550320446542799
5.159055299214529,1.3862943611198906,6.2967593507829065
4.454347296253507,1.0986122886681098,5.030830001381775
5.075173815233827,0.6931471805599453,5.046967223343646
5.25227342804663,1.0986122886681098,4.729156165769083
3.4011973816621555,0.6931471805599453,4.7129477781615225
3.091042453358316,0.6931471805599453,5.204391228515873
4.276666119016055,1.6094379124341003,6.684599227589802
5.5134287461649825,0.6931471805599453,4.302712827954156
5.926926025970411,0.6931471805599453,5.451167200642247
2.302585092994046,0.6931471805599453,5.9059883547555305
5.739792912179234,1.791759469228055,5.739985819616414
4.0943445622221,1.0986122886681098,6.015303136587824
1.6094379124341003,0.6931471805599453,5.800182968942516
3.828641396489095,1.3862943611198906,5.8172004416917575
4.48863636973214,0.6931471805599453,7.173988970628047
1.6094379124341003,2.8903717578961645,8.323729794203437
4.174387269895637,1.6094379124341003,6.710803216382034
5.645446897643238,0.6931471805599453,5.339939041238856
2.5649493574615367,2.0794415416798357,7.994126281227893
5.924255797414532,0.6931471805599453,5.501584687857454
4.897839799950911,1.0986122886681098,5.98718038316893
3.828641396489095,1.0986122886681098,5.363824168750156
2.4849066497880004,1.6094379124341003,6.738152494595957
3.6109179126442243,1.791759469228055,7.462490605387541
4.90527477843843,1.0986122886681098,6.014594964496837
3.4011973816621555,1.3862943611198906,7.19486468749322
3.970291913552122,1.0986122886681098,6.558552349882105
4.9344739331306915,1.0986122886681098,4.989002993969142
1.791759469228055,0.6931471805599453,5.943140524277792
2.302585092994046,2.0794415416798357,8.366886447525236
5.081404364984463,0.6931471805599453,4.606569206901798
3.912023005428146,2.3978952727983707,8.299295854621981
4.882801922586371,0.6931471805599453,5.722146158673159
2.1972245773362196,0.6931471805599453,4.363098624788363
5.455321115357702,1.0986122886681098,5.014494504421976
3.6375861597263857,0.6931471805599453,5.179984179586172
4.997212273764115,0.6931471805599453,5.884881061705198
0.6931471805599453,3.828641396489095,10.976978253283772
4.290459441148391,1.3862943611198906,6.180430646620605
3.713572066704308,1.3862943611198906,6.917250060543926
1.791759469228055,2.5649493574615367,7.747221120451233
5.298317366548036,1.6094379124341003,6.324896452316315
5.521460917862246,0.6931471805599453,2.6210388241125804
4.204692619390966,0.6931471805599453,4.724551943008172
4.770684624465665,0.6931471805599453,6.233351341239327
5.147494476813453,0.6931471805599453,4.314550469548967
3.091042453358316,3.6888794541139363,7.1681483711962475
4.962844630259907,0.6931471805599453,4.638701669196884
3.4965075614664802,1.0986122886681098,6.140337036046906
3.6635616461296463,2.70805020110221,7.863339798262662
3.6635616461296463,1.791759469228055,7.0025471426656845
5.921578419643816,0.6931471805599453,4.729774349212622
5.926926025970411,0.6931471805599453,5.583872177983643
5.117993812416755,1.0986122886681098,5.434594984840585
5.356586274672012,0.6931471805599453,6.334681841736619
5.493061443340548,0.6931471805599453,4.914050969580866
3.970291913552122,0.6931471805599453,5.823164231676282
3.258096538021482,1.3862943611198906,6.558183618314506
2.772588722239781,2.6390573296152584,8.408328766453955
5.921578419643816,0.6931471805599453,5.7770019569816125
3.4011973816621555,0.6931471805599453,5.6669109998802965
5.902633333401366,0.6931471805599453,5.71016208162024
3.6109179126442243,1.6094379124341003,6.597704890668348
5.117993812416755,1.3862943611198906,6.700054373848785
4.983606621708336,0.6931471805599453,5.034872518460301
3.1354942159291497,0.6931471805599453,6.4494430383259855
4.04305126783455,0.6931471805599453,3.0819099697950434
5.225746673713202,0.6931471805599453,5.2961650519798935
2.5649493574615367,2.0794415416798357,5.308861580423708
5.472270673671475,1.3862943611198906,6.448636197538339
5.420534999272286,1.0986122886681098,4.547011271814559
4.812184355372417,1.6094379124341003,6.516030340908829
5.645446897643238,0.6931471805599453,4.345103280569283
4.31748811353631,2.1972245773362196,7.582463502025479
3.6375861597263857,1.0986122886681098,5.94382247363014
2.5649493574615367,1.0986122886681098,6.030997711443308
5.8944028342648505,0.6931471805599453,5.068400930946398
1.6094379124341003,1.0986122886681098,5.42701836156377
3.1780538303479458,0.6931471805599453,6.09960120571256
4.2626798770413155,2.302585092994046,7.657845016753332
5.4638318050256105,0.6931471805599453,5.515000091600009
5.552959584921617,0.6931471805599453,5.169346985251076
5.924255797414532,0.6931471805599453,4.642369626977198
5.049856007249537,1.0986122886681098,5.237983327508337
3.367295829986474,0.6931471805599453,5.095098984041097
1.6094379124341003,0.6931471805599453,4.7960384487505126
3.4965075614664802,1.791759469228055,7.298891551225709
4.406719247264253,1.3862943611198906,6.261491684321042
4.6913478822291435,1.0986122886681098,4.813321919483064
3.970291913552122,0.6931471805599453,3.6750340472918834
3.6109179126442243,0.6931471805599453,6.419538798077005
5.0369526024136295,1.0986122886681098,5.968144741786365
4.605170185988092,0.6931471805599453,4.7562590403509475
1.6094379124341003,1.0986122886681098,5.4452276118626575
5.814130531825066,0.6931471805599453,4.310799125385514
4.189654742026425,0.6931471805599453,4.551980357473973
3.1354942159291497,1.0986122886681098,6.039492516118564
3.6109179126442243,1.3862943611198906,6.572128684704628
3.4965075614664802,1.3862943611198906,6.001711863559532
5.043425116919247,1.9459101490553132,4.262961527514942
2.995732273553991,1.0986122886681098,5.881091489626612
2.5649493574615367,3.091042453358316,8.318344612668472
4.007333185232471,0.6931471805599453,5.112288947822756
3.258096538021482,1.3862943611198906,6.273424026714671
1.6094379124341003,2.3978952727983707,7.644727939082112
3.828641396489095,0.6931471805599453,5.189283445523902
5.318119993844216,1.0986122886681098,5.1549664916521545
5.886104031450156,0.6931471805599453,4.32280727501391
4.276666119016055,0.6931471805599453,5.707176707724217
2.0794415416798357,2.3978952727983707,8.819124262985744
5.666426688112432,0.6931471805599453,5.898937989430242
2.3978952727983707,0.6931471805599453,5.142598791548616
3.1780538303479458,1.3862943611198906,5.728344997484453
3.1354942159291497,2.3978952727983707,7.659364745193834
5.159055299214529,1.3862943611198906,6.581360097857453
4.897839799950911,1.0986122886681098,6.703188113240863
1.9459101490553132,2.70805020110221,7.780649872736044
4.330733340286331,0.6931471805599453,5.765191102784844
3.713572066704308,0.6931471805599453,5.98476716966025
5.66988092298052,0.6931471805599453,4.631812116934513
3.295836866004329,1.791759469228055,7.606009396910227
5.556828061699537,1.0986122886681098,6.118097198041348
5.231108616854587,0.6931471805599453,5.515201367691102
4.74493212836325,2.5649493574615367,8.258634875130868
5.926926025970411,0.6931471805599453,6.195629131824389
3.1780538303479458,2.3978952727983707,7.868158585474613
2.1972245773362196,2.4849066497880004,7.85763938171581
5.384495062789089,1.0986122886681098,5.820468612643942
3.828641396489095,1.6094379124341003,8.192611975548187
2.995732273553991,1.0986122886681098,7.116799905916845
3.6109179126442243,1.3862943611198906,5.841948942039205
3.295836866004329,0.6931471805599453,6.524795026214043
2.833213344056216,0.6931471805599453,4.516120369154581
5.802118375377063,1.0986122886681098,6.538067462249494
5.616771097666572,0.6931471805599453,4.628300603376946
4.59511985013459,1.0986122886681098,8.308130044310031
4.127134385045092,0.6931471805599453,5.118173437001857
1.0986122886681098,2.4849066497880004,9.11264595212913
4.543294782270004,1.6094379124341003,7.653267179747945
4.418840607796598,2.0794415416798357,8.012449037966114
5.749392985908253,1.0986122886681098,6.364836811668883
2.5649493574615367,1.3862943611198906,6.745306935228424
2.1972245773362196,1.9459101490553132,7.887358781068045
4.852030263919617,0.6931471805599453,5.131731354140141
2.4849066497880004,1.0986122886681098,5.4089638866351
0.6931471805599453,4.110873864173311,12.467121814869783
3.6375861597263857,0.6931471805599453,6.627565072288651
3.6635616461296463,0.6931471805599453,4.740400135248196
5.802118375377063,0.6931471805599453,6.047135744478443
5.541263545158426,0.6931471805599453,5.605802066295998
1.0986122886681098,3.295836866004329,8.987936546996973
3.044522437723423,0.6931471805599453,5.297316866214453
2.5649493574615367,1.0986122886681098,5.868420823264403
5.91350300563827,0.6931471805599453,4.34795265434013
5.673323267171493,0.6931471805599453,5.3986150878634005
4.23410650459726,2.1972245773362196,7.247158929095093
3.295836866004329,0.6931471805599453,5.757797062962439
2.4849066497880004,3.295836866004329,8.63516820864298
5.910796644040527,0.6931471805599453,5.202356975402125
5.3706380281276624,0.6931471805599453,4.719837260966218
5.0106352940962555,1.0986122886681098,6.483565961875693
2.1972245773362196,1.9459101490553132,7.492236486875529
3.2188758248682006,1.0986122886681098,6.355134965559101
3.4339872044851463,1.6094379124341003,7.032403583547247
4.127134385045092,0.6931471805599453,5.307871579352848
2.995732273553991,1.3862943611198906,5.852432338412425
5.497168225293202,0.6931471805599453,4.732243268551567
2.772588722239781,1.3862943611198906,6.966392043966783
5.3612921657094255,0.6931471805599453,6.837869151517971
3.4011973816621555,1.791759469228055,6.52636307929225
4.1588830833596715,1.3862943611198906,6.666104011612187
5.69035945432406,0.6931471805599453,5.034677288576494
2.9444389791664403,1.9459101490553132,9.040659385480165
5.062595033026967,1.0986122886681098,6.928067580294015
4.770684624465665,1.0986122886681098,6.908914606701983
2.1972245773362196,2.5649493574615367,7.968925272174377
2.6390573296152584,1.6094379124341003,7.959468114958852
4.955827057601261,1.0986122886681098,5.083575918497971
3.8501476017100584,1.0986122886681098,5.19484395807176
3.9512437185814275,1.3862943611198906,6.4184954331307065
3.4965075614664802,1.3862943611198906,6.341381708583334
4.912654885736052,1.0986122886681098,6.483642376501489
1.3862943611198906,1.0986122886681098,5.991939434331194
4.330733340286331,1.3862943611198906,5.920559133592207
2.6390573296152584,1.0986122886681098,6.517139373724178
2.302585092994046,1.0986122886681098,6.118977867406942
5.71042701737487,0.6931471805599453,6.275044467226023
4.060443010546419,1.0986122886681098,6.459998346683129
2.772588722239781,1.791759469228055,7.3899900518904555
3.6375861597263857,0.6931471805599453,5.99308822822408
5.181783550292085,0.6931471805599453,5.715249806097095
3.1780538303479458,1.3862943611198906,7.234076164546974
5.176149732573829,1.9459101490553132,7.057071434162108
4.127134385045092,0.6931471805599453,5.316402834094422
3.5263605246161616,1.3862943611198906,6.888888413724063
4.0943445622221,1.791759469228055,7.116645735818236
2.772588722239781,3.044522437723423,8.930980903708734
4.477336814478207,1.6094379124341003,7.653419005452328
2.0794415416798357,0.6931471805599453,4.653960350157523
5.883322388488279,0.6931471805599453,6.168249974444042
3.4657359027997265,1.9459101490553132,7.20181944249662
4.867534450455582,1.6094379124341003,7.372627012548272
2.302585092994046,1.9459101490553132,7.4922977984414185
1.791759469228055,1.9459101490553132,7.520099045938476
3.2188758248682006,0.6931471805599453,5.907675246378274
5.429345628954441,1.0986122886681098,6.450581000548326
2.772588722239781,0.6931471805599453,3.927896354584436
5.521460917862246,0.6931471805599453,5.721131112990814
2.772588722239781,1.3862943611198906,7.601921939695548
4.3694478524670215,1.0986122886681098,6.995069943308846
5.262690188904886,1.0986122886681098,5.654101914201623
5.572154032177765,0.6931471805599453,5.341376856008484
4.290459441148391,0.6931471805599453,6.865859791808101
5.111987788356544,0.6931471805599453,5.500278138594339
4.418840607796598,0.6931471805599453,6.882273354967445
4.564348191467836,1.0986122886681098,6.533250902574385
1.6094379124341003,2.8903717578961645,8.599060694675584
4.672828834461906,0.6931471805599453,5.019595035467727
5.303304908059076,1.3862943611198906,7.242790769692349
5.062595033026967,0.6931471805599453,5.084009663896226
4.276666119016055,1.3862943611198906,7.589006988129015
3.6109179126442243,1.0986122886681098,6.2506699815672135
3.4011973816621555,0.6931471805599453,4.942356453342962
1.0986122886681098,1.9459101490553132,7.871837581358896
3.295836866004329,1.791759469228055,6.3987114002985646
5.7899601708972535,0.6931471805599453,5.380219882167671
5.472270673671475,0.6931471805599453,5.45309642033559
4.499809670330265,0.6931471805599453,5.7049151662521345
3.4657359027997265,0.6931471805599453,6.179498921308624
3.4011973816621555,1.0986122886681098,6.43414515414229
5.356586274672012,1.0986122886681098,6.46602029970094
1.3862943611198906,2.3978952727983707,7.635675797768084
5.429345628954441,0.6931471805599453,5.724499716244923
3.1354942159291497,1.791759469228055,6.949482463694109
4.543294782270004,0.6931471805599453,6.095824562432225
1.791759469228055,2.70805020110221,8.777330362366365
5.579729825986222,0.6931471805599453,5.074861266395527
1.3862943611198906,2.5649493574615367,8.61358642087413
3.8066624897703196,2.4849066497880004,8.561984896200169
5.389071729816501,0.6931471805599453,4.5512418439625355
4.060443010546419,1.0986122886681098,6.660447100668629
2.5649493574615367,3.044522437723423,8.892597638039238
2.302585092994046,2.0794415416798357,7.941366717432833
5.262690188904886,1.791759469228055,7.636641155966783
4.418840607796598,1.6094379124341003,6.386828813036717
5.7899601708972535,0.6931471805599453,6.089044875446846
4.290459441148391,1.3862943611198906,7.494140962968628
3.4339872044851463,1.9459101490553132,6.783596964352348
1.3862943611198906,1.791759469228055,6.895783907200917
5.393627546352362,1.791759469228055,7.354112779132593
3.8501476017100584,0.6931471805599453,6.0487423982594555
2.3978952727983707,2.8903717578961645,7.637277782254905
4.290459441148391,1.6094379124341003,7.711320663504335
2.0794415416798357,2.0794415416798357,7.850906029022887
3.2188758248682006,1.0986122886681098,6.392084603552947
4.820281565605037,1.0986122886681098,6.690867121830435
2.8903717578961645,0.6931471805599453,4.567883601202075
5.739792912179234,0.6931471805599453,5.858704285656805
4.477336814478207,0.6931471805599453,8.370019449389407
3.9512437185814275,1.0986122886681098,6.252423979106417
4.499809670330265,0.6931471805599453,4.647271362006727
3.6888794541139363,2.1972245773362196,7.757320566811742
3.258096538021482,1.3862943611198906,7.757735253568871
5.159055299214529,1.9459101490553132,7.874491946336666
3.784189633918261,1.0986122886681098,5.784563371339637
4.948759890378168,0.6931471805599453,5.013830184992774
3.295836866004329,1.3862943611198906,7.10180775865179
4.290459441148391,1.0986122886681098,6.687744315985722
4.90527477843843,0.6931471805599453,3.2771447329921766
5.905361848054571,0.6931471805599453,5.133442723357803
3.6635616461296463,1.0986122886681098,5.649502267743131
1.3862943611198906,1.9459101490553132,8.03254850303289
1.0986122886681098,1.3862943611198906,5.3230099791384085
3.4339872044851463,0.6931471805599453,5.1756976530001255
3.8066624897703196,0.6931471805599453,5.81966741377024
4.07753744390572,0.6931471805599453,4.7129477781615225
4.31748811353631,0.6931471805599453,5.164214382024556
5.631211781821365,0.6931471805599453,5.201806466167193
5.204006687076795,0.6931471805599453,4.404521712501253
2.1972245773362196,1.0986122886681098,5.187665096444442
1.6094379124341003,2.833213344056216,7.623900954999213
3.784189633918261,1.3862943611198906,7.516585630812605
